listing_id,city,neighbourhood_cleansed,property_type,room_type,accommodates,bedrooms,beds,price,minimum_nights,availability_365,availability_rate,avg_min_nights,avg_max_nights,number_of_reviews,review_scores_rating,review_scores_location,review_scores_value,host_is_superhost,instant_bookable,estimated_occupancy_l365d,estimated_revenue_l365d,amenities_count
78884,austin,78704,Entire rental unit,entire home/apt,2,0,2,103,2,150,0.410958904109589,2.0547945205479454,90,219,4.79,4.97,4.78,t,t,84,8652,41
33664380,austin,78702,Entire home,entire home/apt,4,2,2,176,4,329,0.9013698630136986,4,1125,94,4.99,4.98,5,t,t,136,23936,62
583823273939691037,austin,78701,Entire condo,entire home/apt,2,0,1,108,1,215,0.589041095890411,1,1125,209,4.92,4.91,4.87,f,f,255,27540,68
696576290163722477,austin,78705,Entire condo,entire home/apt,4,0,1,82,2,263,0.7205479452054795,2,1125,88,4.68,4.73,4.58,null,t,156,12792,40
1088687068286826708,austin,78722,Entire home,entire home/apt,2,1,1,317,3,61,0.16712328767123288,2.989041095890411,1125,4,5,4.75,4.75,f,t,12,3804,68
1172906802992412462,austin,78727,Entire home,entire home/apt,7,3,3,112,27,275,0.7534246575342466,27,365,1,5,5,5,f,f,54,6048,47
1350202757885977978,austin,78752,Entire home,entire home/apt,6,3,2,179,2,3,0.00821917808219178,2,14,1,5,5,5,f,f,6,1074,51
1415897966965396806,austin,78704,Private room in home,private room,2,1,1,87,1,195,0.5342465753424658,1.3287671232876712,1125,8,5,5,5,f,f,48,4176,61
910361024189460104,austin,78702,Entire rental unit,entire home/apt,2,0,1,92,8,160,0.4383561643835616,7.663013698630137,1125,115,4.95,4.99,4.9,t,t,255,23460,44
1084387841564229775,austin,78704,Entire home,entire home/apt,7,4,7,273,2,53,0.14520547945205478,3,1125,21,4.81,5,4.9,t,t,108,29484,62
1100186402230646863,austin,78746,Entire rental unit,entire home/apt,5,2,3,185,2,233,0.6383561643835617,2,15,8,5,5,4.88,f,f,30,5550,49
1178443215831685369,austin,78719,Entire rental unit,entire home/apt,1,1,1,59,30,65,0.1780821917808219,30,120,5,4.8,4.4,4.4,t,f,180,10620,31
13185632,austin,78704,Entire guest suite,entire home/apt,2,1,1,140,2,85,0.2328767123287671,2,1125,154,4.96,4.99,4.91,t,t,90,12600,59
830212417586995595,austin,78751,Entire home,entire home/apt,2,2,2,129,30,113,0.3095890410958904,29.2986301369863,1125,29,5,5,4.97,t,f,255,32895,55
844957090802617383,austin,78703,Entire resort,entire home/apt,4,1,2,193,2,351,0.9616438356164384,2.747945205479452,365,0,null,null,null,f,f,0,0,63
858637867168746631,austin,78757,Entire guesthouse,entire home/apt,3,1,2,124,2,190,0.5205479452054794,2,1125,111,5,4.98,4.99,t,f,255,31620,60
1265330668245083335,austin,78725,Entire home,entire home/apt,6,4,4,153,4,41,0.11232876712328767,4,365,1,5,5,5,null,f,8,1224,41
1391527201443898210,austin,78745,Entire rental unit,entire home/apt,6,2,3,125,1,14,0.038356164383561646,1,1125,13,4.69,4.08,4.46,t,t,78,9750,49
777481397612323371,austin,78744,Entire home,entire home/apt,4,1,1,80,30,267,0.7315068493150685,1,1125,0,null,null,null,f,t,0,0,40
1185013902998429563,austin,78753,Private room in home,private room,1,1,1,42,7,83,0.2273972602739726,7,365,6,5,5,4.83,f,f,42,1764,48
1219558524003202334,austin,78701,Entire condo,entire home/apt,4,1,2,195,2,358,0.9808219178082191,2,1125,13,4.85,4.85,4.85,f,t,78,15210,47
1237658493444716616,austin,78702,Entire home,entire home/apt,10,3,4,356,2,347,0.9506849315068493,2.389041095890411,366,21,5,4.9,4.95,t,f,126,44856,69
343889,austin,78702,Entire rental unit,entire home/apt,2,0,1,52,30,221,0.6054794520547945,27.706849315068492,1125,43,4.77,4.86,4.67,t,f,255,13260,33
14220861,austin,78744,Private room in home,private room,1,1,1,47,30,330,0.9041095890410958,30,122,21,4.95,4.81,4.95,t,f,60,2820,35
45610693,austin,78702,Private room in home,private room,1,1,1,58,1,230,0.6301369863013698,1.284931506849315,1125,347,4.98,4.92,4.92,t,f,255,14790,41
1077014282388377788,austin,78703,Entire home,entire home/apt,10,4,5,348,1,47,0.12876712328767123,2.410958904109589,365,8,5,5,4.88,f,t,0,0,45
1343104477373783111,austin,78758,Entire home,entire home/apt,4,2,2,114,30,195,0.5342465753424658,30,365,0,null,null,null,f,f,0,0,47
18227140,austin,78741,Entire home,entire home/apt,12,4,7,343,2,347,0.9506849315068493,2,1125,223,4.93,4.82,4.91,t,t,108,37044,69
23394896,austin,78704,Entire home,entire home/apt,6,3,3,258,2,132,0.36164383561643837,2.9068493150684933,730,46,4.91,4.93,4.83,t,f,72,18576,71
47156486,austin,78721,Tiny home,entire home/apt,3,1,1,68,2,355,0.9726027397260274,2,365,211,4.88,4.82,4.84,t,t,255,17340,58
52269776,austin,78704,Entire home,entire home/apt,16,6,12,371,3,236,0.6465753424657534,2.9616438356164383,1125,36,4.83,4.86,4.75,t,t,84,31164,60
53326418,austin,78704,Camper/RV,entire home/apt,2,1,1,162,2,245,0.6712328767123288,2,1125,46,4.89,4.98,4.72,null,t,66,10692,74
638904542538427260,austin,78702,Entire guesthouse,entire home/apt,2,1,1,106,2,200,0.547945205479452,1.284931506849315,1125,133,4.91,4.89,4.84,t,f,252,26712,45
830695233106768907,austin,78741,Entire rental unit,entire home/apt,6,2,3,82,1,47,0.12876712328767123,1,365,74,4.92,4.74,4.82,t,f,216,17712,48
955833527387385803,austin,78746,Entire home,entire home/apt,8,4,5,428,2,27,0.07397260273972603,2,365,31,4.94,4.97,4.87,t,t,18,7704,70
1257346256376683274,austin,78704,Entire home,entire home/apt,5,2,2,120,1,321,0.8794520547945206,1.1753424657534246,365,5,4.6,4.8,4.4,f,t,30,3600,47
1401481341113764941,austin,78701,Room in hotel,private room,4,0,2,155,3,279,0.7643835616438356,2.9945205479452053,28,0,null,null,null,f,t,0,0,40
1436916503142644233,austin,78744,Private room in home,private room,1,1,1,69,2,70,0.1917808219178082,2,14,1,5,5,5,f,f,6,414,54
1489904741288991493,austin,78748,Entire home,entire home/apt,8,3,5,179,2,89,0.24383561643835616,2,7,0,null,null,null,f,f,0,0,12
31825683,austin,78745,Entire townhouse,entire home/apt,4,2,2,166,2,12,0.03287671232876712,2,1125,26,4.92,4.77,4.92,t,f,60,9960,40
53815973,austin,78739,Entire guesthouse,entire home/apt,2,1,1,120,2,160,0.4383561643835616,2.6191780821917807,1125,99,4.98,4.99,4.95,null,f,144,17280,55
54054710,austin,78737,Camper/RV,entire home/apt,4,1,2,90,2,258,0.7068493150684931,2,1125,75,4.97,4.93,4.91,t,f,36,3240,60
552079972521813409,austin,78748,Private room in home,private room,2,1,1,60,1,213,0.5835616438356165,1,365,171,4.98,4.89,4.95,f,f,234,14040,43
581311848630035943,austin,78753,Entire home,entire home/apt,4,2,2,75,30,0,0,30,365,3,5,4.67,4.67,t,f,0,0,46
662304755661101274,austin,78729,Entire home,entire home/apt,10,3,5,216,3,188,0.5150684931506849,2.808219178082192,365,110,4.79,4.79,4.76,f,f,132,28512,77
842664200760564648,austin,78727,Entire home,entire home/apt,5,2,2,80,1,252,0.6904109589041096,1,365,147,4.85,4.81,4.77,t,t,255,20400,52
899242050573007932,austin,78702,Entire guesthouse,entire home/apt,2,1,2,106,2,349,0.9561643835616438,1.9972602739726026,1125,55,4.98,4.91,4.89,t,f,102,10812,46
1313075251274059280,austin,78721,Entire home,entire home/apt,6,3,5,212,1,330,0.9041095890410958,3.328767123287671,1125,46,4.91,4.59,4.85,t,t,255,54060,65
1456755840054515564,austin,78701,Entire rental unit,entire home/apt,3,1,2,148,1,44,0.12054794520547946,1,14,4,5,5,5,f,t,24,3552,45
22451703,austin,78747,Private room in home,private room,2,1,1,28,5,62,0.16986301369863013,4.989041095890411,1125,39,4.85,4.72,4.77,t,f,40,1120,40
27506626,austin,78723,Entire home,entire home/apt,6,3,3,130,2,25,0.0684931506849315,2.1424657534246574,1125,22,5,4.91,4.86,f,f,18,2340,65
30913064,austin,78728,Entire home,entire home/apt,5,2,3,96,1,323,0.8849315068493151,38.84931506849315,1125,364,4.93,4.88,4.88,null,t,255,24480,68
36560124,austin,78701,Private room in resort,private room,6,2,3,341,2,94,0.25753424657534246,2.0246575342465754,2123949583.6356165,8,4.25,4.75,4.75,f,f,12,4092,44
38802306,austin,78744,Private room,private room,2,1,1,33,1,27,0.07397260273972603,2.8602739726027395,1125,290,4.83,4.8,4.8,t,t,60,1980,39
40561326,austin,78703,Entire bungalow,entire home/apt,5,2,2,295,2,286,0.7835616438356164,2,1125,51,4.98,4.96,4.92,f,f,18,5310,48
46857102,austin,78758,Entire rental unit,entire home/apt,5,2,2,83,2,98,0.2684931506849315,2.2849315068493152,100,75,4.76,4.97,4.72,f,f,144,11952,23
807163355662802523,austin,78737,Entire home,entire home/apt,2,1,1,100,2,102,0.27945205479452057,1.9972602739726026,365,58,4.98,4.98,4.97,t,f,162,16200,47
1090135138140865658,austin,78735,Entire rental unit,entire home/apt,4,1,3,70,1,184,0.5041095890410959,4.189041095890411,365,30,4.57,4.67,4.57,f,f,120,8400,62
1507263941655758255,austin,78702,Entire guest suite,entire home/apt,2,1,1,78,2,32,0.08767123287671233,2.7424657534246575,1125,0,null,null,null,t,f,0,0,34
947412,austin,78745,Entire home,entire home/apt,6,3,4,131,30,73,0.2,30,60,69,4.8,4.77,4.72,t,f,0,0,52
8826075,austin,78757,Entire condo,entire home/apt,2,2,2,69,29,140,0.3835616438356164,28.21095890410959,200,33,4.88,4.82,4.73,t,f,174,12006,42
14068188,austin,78723,Private room in home,private room,1,1,1,65,1,267,0.7315068493150685,1.4273972602739726,1125,9,4.89,4.78,4.56,t,t,24,1560,22
23629432,austin,78744,Private room in home,private room,2,1,1,67,1,73,0.2,1,5,13,4.46,4.77,4.38,f,f,0,0,61
24210520,austin,78701,Entire condo,entire home/apt,4,1,2,135,180,201,0.5506849315068493,180,730,8,5,5,5,f,f,0,0,29
1508036137124206290,austin,78744,Entire home,entire home/apt,8,3,5,225,2,258,0.7068493150684931,2.0493150684931507,10,0,null,null,null,f,f,0,0,47
1231579424621902591,austin,78701,Entire rental unit,entire home/apt,4,1,1,209,4,253,0.6931506849315069,4.293150684931507,7,0,null,null,null,f,f,0,0,9
1266803324436983919,austin,78734,Entire home,entire home/apt,8,4,4,255,3,148,0.4054794520547945,2.9753424657534246,180,16,5,4.75,4.94,t,f,96,24480,53
1429988135584382543,austin,78705,Entire rental unit,entire home/apt,5,1,3,95,2,167,0.4575342465753425,2,365,0,null,null,null,t,t,0,0,57
1505881081202027585,austin,78701,Private room in resort,private room,4,1,2,390,3,3,0.00821917808219178,3,365,0,null,null,null,f,f,0,0,38
39085203,austin,78744,Private room in home,private room,2,1,1,76,2,17,0.04657534246575343,2,7,8,4.88,4.75,4.88,t,f,0,0,46
727095772106660475,austin,78745,Campsite,entire home/apt,16,12,1,25,1,269,0.736986301369863,1,10,4,5,4.5,5,t,f,6,150,11
983063795887170320,austin,78704,Entire rental unit,entire home/apt,5,2,2,127,1,167,0.4575342465753425,1,365,60,4.68,4.95,4.73,f,t,174,22098,65
991442188597312186,austin,78702,Tiny home,entire home/apt,4,0,2,87,2,157,0.4301369863013699,2,1125,98,4.83,4.83,4.81,null,f,255,22185,57
1069591313246074302,austin,78734,Entire home,entire home/apt,6,3,3,220,7,269,0.736986301369863,6.958904109589041,365,2,5,5,5,f,f,14,3080,58
1389486742405462908,austin,78758,Entire rental unit,entire home/apt,3,1,2,89,2,246,0.673972602739726,2,1125,3,5,5,4.67,f,f,18,1602,49
1472699362062313688,austin,78753,Room in hotel,entire home/apt,2,1,1,57,1,324,0.8876712328767123,1,65.74246575342465,1,2,1,2,f,t,6,342,17
1481437836015458242,austin,78728,Entire home,entire home/apt,10,3,4,119,1,248,0.6794520547945205,3.66027397260274,365,6,4.83,4.83,4.83,t,t,36,4284,40
1501079629275660330,austin,78753,Entire home,entire home/apt,10,4,8,197,2,264,0.7232876712328767,2.7945205479452055,365,1,5,5,5,t,t,6,1182,67
17566215,austin,78757,Private room in rental unit,private room,1,1,1,106,7,32,0.08767123287671233,7,31,6,5,5,4.67,t,f,0,0,29
20801999,austin,78701,Entire guesthouse,entire home/apt,4,1,2,134,2,51,0.13972602739726028,2,1125,480,4.99,4.98,4.94,t,f,255,34170,52
22805603,austin,78704,Entire guesthouse,entire home/apt,2,0,1,115,2,6,0.01643835616438356,2.0082191780821916,14,153,4.99,4.97,4.9,t,f,132,15180,25
37533302,austin,78702,Private room in home,private room,5,3,3,155,1,0,0,1,14,12,4.75,4.83,4.83,f,f,0,0,34
938674227827593746,austin,78701,Entire rental unit,entire home/apt,4,2,2,126,30,239,0.6547945205479452,30,365,5,4.8,4.8,4.8,t,f,240,30240,58
1112386758674521223,austin,78757,Entire home,entire home/apt,6,3,3,216,45,167,0.4575342465753425,42.38082191780822,1125,11,5,5,4.91,t,t,255,55080,17
1206516925969649560,austin,78702,Entire home,entire home/apt,6,3,3,94,1,199,0.5452054794520548,2.4136986301369863,365,9,4.44,4.67,4.33,f,t,54,5076,42
461404,austin,78756,Entire bungalow,entire home/apt,3,2,3,112,2,152,0.41643835616438357,2,60,102,4.78,4.88,4.81,f,f,24,2688,51
29335099,austin,78704,Entire loft,entire home/apt,4,1,1,90,30,143,0.3917808219178082,30,96,9,4.67,4.89,4.78,t,f,0,0,24
793611557583559548,austin,78702,Entire guesthouse,entire home/apt,2,1,1,69,1,157,0.4301369863013699,2,1125,111,4.9,4.92,4.86,t,f,192,13248,20
812430634530133743,austin,78701,Entire rental unit,entire home/apt,4,1,2,156,2,69,0.18904109589041096,2,365,3,5,5,5,t,f,6,936,28
1470430181366528854,austin,78701,Entire condo,entire home/apt,4,1,2,122,1,342,0.936986301369863,2.1095890410958904,800,1,5,5,4,t,t,6,732,42
1498989334515668831,austin,78724,Entire home,entire home/apt,15,3,10,281,2,88,0.2410958904109589,1.4273972602739726,365,0,null,null,null,f,f,0,0,72
765919869232513113,austin,78703,Entire condo,entire home/apt,6,2,3,282,2,339,0.9287671232876712,2.671232876712329,365,0,null,null,null,t,f,0,0,62
939038443930135032,austin,78702,Entire home,entire home/apt,12,4,5,277,3,15,0.0410958904109589,2.7150684931506848,1125,1,5,5,5,f,f,0,0,44
1331544240553650845,austin,78702,Entire home,entire home/apt,6,2,3,260,1,268,0.7342465753424657,2.1342465753424658,800,14,5,4.86,4.93,t,t,84,21840,63
5303366,austin,78722,Entire guest suite,entire home/apt,2,0,1,67,28,72,0.19726027397260273,28,75,123,4.83,4.86,4.79,t,f,168,11256,27
42390679,austin,78722,Entire home,entire home/apt,2,1,1,73,2,128,0.3506849315068493,1.284931506849315,1125,254,4.84,4.93,4.78,null,t,255,18615,30
50623833,austin,78702,Entire condo,entire home/apt,6,2,3,120,3,278,0.7616438356164383,2.4273972602739726,1125,154,4.94,4.78,4.88,t,f,162,19440,60
50843302,austin,78741,Private room in home,private room,2,1,1,62,1,165,0.4520547945205479,2.967123287671233,365,34,4.79,4.85,4.82,f,f,0,0,28
797096274810305865,austin,78701,Entire rental unit,entire home/apt,4,0,2,141,2,37,0.10136986301369863,2,14,2,5,5,5,t,f,12,1692,34
908295575738488572,austin,78744,Private room in home,private room,1,1,1,41,30,90,0.2465753424657534,30,365,0,null,null,null,f,f,0,0,12
988980531391366348,austin,78701,Entire rental unit,entire home/apt,6,1,2,301,1,54,0.14794520547945206,1,365,0,null,null,null,t,f,0,0,62
1131395862436054889,austin,78703,Entire rental unit,entire home/apt,2,1,1,95,1,169,0.46301369863013697,1,365,16,4.75,4.75,4.63,t,f,78,7410,50
825940,austin,78704,Private room in home,private room,2,1,1,60,3,78,0.2136986301369863,3,1125,62,4.98,4.82,4.9,t,f,18,1080,49
5476443,austin,78703,Private room in home,private room,2,1,1,81,3,32,0.08767123287671233,3,1125,473,4.98,4.97,4.96,t,t,255,20655,42
51035891,austin,78704,Entire home,entire home/apt,6,3,3,369,3,295,0.8082191780821918,3,1125,25,5,5,5,t,t,48,17712,60
602141272234849893,austin,78745,Entire home,entire home/apt,4,2,2,108,30,102,0.27945205479452057,29.89041095890411,1125,18,4.94,4.44,4.67,t,f,240,25920,48
700110942578114381,austin,78727,Entire home,entire home/apt,10,4,6,252,28,179,0.4904109589041096,24.972602739726028,90,1,5,5,5,f,f,56,14112,66
730196221845706622,austin,78724,Entire home,entire home/apt,10,4,5,262,1,42,0.11506849315068493,1.4328767123287671,28,30,4.97,4.8,4.97,t,f,156,40872,66
1106590124492797889,austin,78752,Entire guesthouse,entire home/apt,2,1,1,93,1,159,0.43561643835616437,2.736986301369863,27,292,5,4.87,4.96,t,f,255,23715,58
1247150629847030191,austin,78757,Entire condo,entire home/apt,2,1,1,138,30,270,0.7397260273972602,30,180,4,5,4.75,5,t,f,240,33120,59
1364551576447915079,austin,78702,Entire home,entire home/apt,2,1,1,114,3,18,0.049315068493150684,2.421917808219178,362.82191780821915,24,5,5,4.96,t,f,144,16416,52
5660373,austin,78746,Entire home,entire home/apt,7,3,3,150,30,177,0.4849315068493151,30,1125,6,4.83,4.83,5,f,f,0,0,68
17907547,austin,78704,Entire rental unit,entire home/apt,2,1,1,73,2,69,0.18904109589041096,2,31,257,4.76,4.8,4.77,t,f,150,10950,22
42195743,austin,78744,Entire home,entire home/apt,8,3,3,149,3,288,0.7890410958904109,3,365,19,4.95,4.68,4.79,f,f,36,5364,27
42820658,austin,78723,Private room in home,private room,2,1,1,62,1,268,0.7342465753424657,1,1125,52,4.71,4.6,4.63,f,f,18,1116,33
744942128301966811,austin,78744,Entire home,entire home/apt,10,5,5,431,3,75,0.2054794520547945,3,1125,12,4.92,4.92,4.83,t,t,42,18102,76
971232060396361110,austin,78723,Private room in home,private room,2,1,2,90,4,78,0.2136986301369863,4,60,9,4.44,4.78,4.56,f,f,16,1440,40
1049601032351180111,austin,78702,Entire home,entire home/apt,6,3,3,167,2,75,0.2054794520547945,2,365,38,4.95,4.76,4.89,null,f,168,28056,61
1313412271576139184,austin,78735,Entire home,entire home/apt,10,4,5,164,1,168,0.4602739726027397,1.7534246575342465,1125,11,5,4.82,4.82,t,f,66,10824,67
1437046424077955746,austin,78701,Entire rental unit,entire home/apt,4,1,2,300,3,8,0.021917808219178082,3,7,0,null,null,null,f,t,0,0,48
949922,austin,78723,Camper/RV,entire home/apt,2,1,1,65,1,302,0.8273972602739726,1,1125,1268,4.9,4.79,4.89,t,f,255,16575,33
46864527,austin,78702,Entire home,entire home/apt,5,3,2,227,2,278,0.7616438356164383,2,1125,19,4.84,4.89,4.79,f,f,0,0,37
973861068087887577,austin,78723,Entire home,entire home/apt,7,3,3,266,2,29,0.07945205479452055,2,30,12,4.42,4.08,4.17,f,f,18,4788,17
977770318014945154,austin,78704,Entire rental unit,entire home/apt,4,1,1,76,60,137,0.37534246575342467,60,365,0,null,null,null,f,f,0,0,24
1211846038770171832,austin,78745,Entire condo,entire home/apt,3,2,2,90,30,179,0.4904109589041096,29.495890410958904,365,2,5,5,5,f,f,0,0,47
1278215447511408499,austin,78758,Entire rental unit,entire home/apt,5,2,1,140,1,347,0.9506849315068493,3.249315068493151,365,26,4.85,4.96,4.81,t,f,156,21840,53
582334231671073870,austin,78757,Entire home,entire home/apt,8,3,5,143,2,181,0.4958904109589041,2,1125,159,4.79,4.89,4.79,f,t,216,30888,60
761583668741389597,austin,78725,Entire bungalow,entire home/apt,10,3,6,152,2,148,0.4054794520547945,2,28,47,4.89,4.94,4.89,f,f,108,16416,63
844894728189359109,austin,78704,Entire home,entire home/apt,8,3,4,205,2,113,0.3095890410958904,2.9835616438356163,1125,100,4.98,4.99,4.96,t,f,186,38130,64
1104342174169050925,austin,78745,Entire townhouse,entire home/apt,4,2,3,75,30,277,0.7589041095890411,29.10958904109589,1125,15,5,4.93,5,t,f,120,9000,44
1379003684919887184,austin,78703,Entire rental unit,entire home/apt,3,0,2,63,1,128,0.3506849315068493,2.265753424657534,1125,31,5,4.94,4.94,t,t,186,11718,63
3432834,austin,78702,Tiny home,entire home/apt,2,0,1,81,3,250,0.684931506849315,3,1125,318,4.86,4.89,4.83,t,f,174,14094,60
1029875346059959190,austin,78745,Entire home,entire home/apt,6,3,4,107,7,17,0.04657534246575343,3.010958904109589,1125,27,4.93,4.78,4.85,t,f,196,20972,48
1131450096636296178,austin,78744,Entire home,entire home/apt,6,2,2,148,3,254,0.6958904109589041,3,180,13,4.92,5,4.92,t,f,24,3552,57
1280541086670721643,austin,78752,Entire home,entire home/apt,6,3,3,92,1,180,0.4931506849315068,1,1125,26,4.73,4.54,4.69,f,f,156,14352,18
1313093768862268280,austin,78757,Entire home,entire home/apt,6,3,3,165,30,228,0.6246575342465753,30,200,0,null,null,null,f,f,0,0,49
1363993249710016814,austin,78702,Private room in home,private room,2,1,1,45,2,199,0.5452054794520548,2,365,9,4.89,4.67,4.78,f,f,54,2430,31
29662560,austin,78704,Entire townhouse,entire home/apt,6,3,4,232,3,20,0.0547945205479452,3,365,61,4.97,4.98,4.89,f,f,18,4176,51
716067339330031421,austin,78751,Entire bungalow,entire home/apt,6,2,3,203,2,69,0.18904109589041096,2,1125,62,4.92,4.95,4.87,t,f,96,19488,61
1270272959428996631,austin,78702,Entire home,entire home/apt,3,1,1,136,2,168,0.4602739726027397,2.1315068493150684,365,73,4.9,4.9,4.9,t,t,255,34680,45
1291296664921974255,austin,78752,Entire home,entire home/apt,4,2,3,140,3,226,0.6191780821917808,2.873972602739726,1125,13,4.92,5,4.85,t,f,78,10920,53
1294969521362782302,austin,78759,Entire home,entire home/apt,8,4,5,241,3,69,0.18904109589041096,3.210958904109589,1125,21,4.9,4.95,4.95,f,t,126,30366,45
1457103319671155641,austin,78734,Entire guesthouse,entire home/apt,2,1,1,119,1,257,0.7041095890410959,1,365,0,null,null,null,f,t,0,0,17
12889332,austin,78751,Private room in home,private room,2,1,1,36,30,56,0.15342465753424658,30,1125,13,4.77,4.54,4.85,f,f,0,0,27
565860587974125858,austin,78744,Private room in home,private room,2,2,2,80,1,85,0.2328767123287671,1,14,1,5,5,5,f,f,6,480,8
604990436506907334,austin,78727,Entire townhouse,entire home/apt,12,3,6,144,28,305,0.8356164383561644,28,1125,51,4.9,4.53,4.88,null,t,168,24192,81
659340735689050722,austin,78758,Entire home,entire home/apt,6,3,4,99,30,228,0.6246575342465753,30,1125,26,4.88,4.69,4.85,f,t,255,25245,56
764381859667559489,austin,78750,Entire home,entire home/apt,10,6,10,249,30,227,0.6219178082191781,30,1125,10,5,4.9,5,f,f,0,0,68
1031604486004704917,austin,78748,Tiny home,entire home/apt,2,1,1,82,2,172,0.4712328767123288,2,14,10,4.9,4.7,4.8,f,f,42,3444,38
1102253973357763888,austin,78756,Entire rental unit,entire home/apt,4,2,2,88,1,265,0.726027397260274,2.9287671232876713,1100.013698630137,64,4.77,4.67,4.67,t,t,216,19008,68
1284017961958369153,austin,78701,Room in hotel,private room,4,0,2,110,3,281,0.7698630136986301,2.989041095890411,1125,0,null,null,null,f,t,0,0,32
6935687,austin,78704,Private room in home,private room,1,1,1,102,1,257,0.7041095890410959,1.284931506849315,1125,13,4.92,4.85,4.77,f,f,0,0,31
39110341,austin,78702,Entire home,entire home/apt,4,2,2,109,1,337,0.9232876712328767,1.284931506849315,1125,431,4.71,4.72,4.66,t,t,255,27795,41
50358838,austin,78704,Entire home,entire home/apt,5,3,3,238,2,22,0.06027397260273973,1.9945205479452055,30,177,4.78,4.95,4.77,f,f,72,17136,42
511624634102616537,austin,78744,Private room,private room,2,1,1,36,1,29,0.07945205479452055,2.8602739726027395,1125,192,4.91,4.92,4.91,t,t,255,9180,40
557229487619453099,austin,78702,Entire townhouse,entire home/apt,3,1,3,115,2,80,0.2191780821917808,2,365,11,5,4.82,4.82,t,f,30,3450,32
794001257218479744,austin,78737,Entire loft,entire home/apt,3,1,4,133,2,105,0.2876712328767123,2,1125,8,5,5,5,t,f,18,2394,29
964810506500269958,austin,78704,Entire home,entire home/apt,4,2,3,92,1,139,0.38082191780821917,2.7945205479452055,1125,43,4.88,4.84,4.84,t,t,126,11592,62
1171167020923872137,austin,78704,Entire condo,entire home/apt,2,1,1,93,2,231,0.6328767123287671,28.087671232876712,1125,1,5,5,5,f,t,6,558,46
1242010654074436372,austin,78704,Entire home,entire home/apt,8,3,4,251,2,264,0.7232876712328767,2.1232876712328768,45,36,5,5,4.94,t,t,210,52710,53
29035011,austin,78753,Entire bungalow,entire home/apt,2,0,1,52,2,13,0.03561643835616438,3,1125,42,4.98,4.81,4.88,t,t,54,2808,49
53545941,austin,78748,Entire home,entire home/apt,6,3,4,139,30,205,0.5616438356164384,29.92054794520548,1125,42,4.93,4.9,4.79,t,f,180,25020,54
640482071159479792,austin,78721,Tiny home,entire home/apt,2,1,1,78,2,66,0.18082191780821918,1.284931506849315,1125,224,4.94,4.76,4.88,t,f,255,19890,52
1284752073079585374,austin,78701,Entire rental unit,entire home/apt,4,2,2,283,31,241,0.6602739726027397,38.21095890410959,1125,0,null,null,null,f,t,0,0,34
1340544865647686352,austin,78752,Entire rental unit,entire home/apt,3,1,2,53,2,20,0.0547945205479452,2,29,4,4.5,5,5,f,f,24,1272,40
1441379754452847486,austin,78701,Room in hotel,private room,6,2,3,261,3,208,0.5698630136986301,3,28,0,null,null,null,f,t,0,0,41
1501940311228411201,austin,78704,Entire rental unit,entire home/apt,2,1,1,169,2,283,0.7753424657534247,2,365,0,null,null,null,f,f,0,0,16
50508306,austin,78731,Entire guesthouse,entire home/apt,3,1,1,101,30,66,0.18082191780821918,29.517808219178082,30,4,5,5,5,f,f,240,24240,30
949305294902606277,austin,78741,Entire home,entire home/apt,2,1,1,99,30,175,0.4794520547945205,30,120,7,4.29,4.29,4.29,f,f,120,11880,31
1050701125488034485,austin,78704,Entire home,entire home/apt,4,3,3,152,3,21,0.057534246575342465,3,346.8767123287671,19,5,5,5,t,f,18,2736,55
1343072837833620062,austin,78702,Entire home,entire home/apt,2,1,1,183,2,25,0.0684931506849315,1.9753424657534246,7,15,4.93,4.93,4.93,t,t,90,16470,19
1368458440880954913,austin,78741,Entire rental unit,entire home/apt,5,2,3,133,1,104,0.28493150684931506,1,1125,18,4.83,4.83,4.78,t,t,108,14364,38
1502381309599420857,austin,78701,Entire rental unit,entire home/apt,4,1,2,200,4,73,0.2,4,4,0,null,null,null,f,t,0,0,53
15916842,austin,78702,Entire home,entire home/apt,6,3,3,198,2,227,0.6219178082191781,2,1125,57,4.96,4.81,4.79,t,f,72,14256,73
17046910,austin,78751,Entire home,entire home/apt,5,2,2,201,2,86,0.2356164383561644,2,1125,17,5,4.76,4.94,t,f,12,2412,51
22751134,austin,78745,Private room in home,private room,1,2,1,45,1,89,0.24383561643835616,1,1125,35,4.49,4.53,4.35,f,f,6,270,14
554518946592049995,austin,78702,Entire home,entire home/apt,8,4,4,224,1,239,0.6547945205479452,2.252054794520548,1125,129,4.92,4.89,4.8,null,f,144,32256,63
786194636674358868,austin,78754,Entire home,entire home/apt,8,3,4,225,2,258,0.7068493150684931,2,1125,55,4.98,4.95,4.96,f,f,66,14850,62
800664462385506301,austin,78701,Entire rental unit,entire home/apt,4,0,2,143,2,64,0.17534246575342466,2,365,8,4.88,4.88,4.75,t,f,18,2574,29
989219952699911052,austin,78729,Private room in home,private room,1,1,1,30,5,258,0.7068493150684931,5,365,1,5,5,5,f,f,0,0,13
1187731812835614611,austin,78702,Entire home,entire home/apt,8,4,4,265,1,304,0.8328767123287671,2.26027397260274,1125,47,4.77,4.79,4.72,t,t,204,54060,59
1305859865915531793,austin,78704,Entire home,entire home/apt,4,2,2,281,2,282,0.7726027397260274,2.5013698630136987,1125,9,4.89,5,4.78,f,t,54,15174,40
1471132695568087818,austin,78744,Private room in home,private room,2,1,1,53,1,51,0.13972602739726028,1,365,2,5,5,5,t,t,12,636,39
1471888500670118095,austin,78758,Private room in home,private room,2,1,1,66,2,89,0.24383561643835616,2.0273972602739727,15,0,null,null,null,f,f,0,0,15
1490734210210222259,austin,78704,Entire home,entire home/apt,6,3,3,63,1,99,0.27123287671232876,1.0246575342465754,365,0,null,null,null,f,t,0,0,12
4425082,austin,78753,Entire home,entire home/apt,4,2,2,150,7,87,0.23835616438356164,7,30,0,null,null,null,f,f,0,0,30
51541560,austin,78729,Entire home,entire home/apt,8,4,6,176,2,147,0.40273972602739727,3.1342465753424658,365,53,4.85,4.87,4.81,t,t,48,8448,59
671542965331525254,austin,78704,Entire home,entire home/apt,5,3,2,394,3,259,0.7095890410958904,3,1125,33,5,4.97,4.94,f,f,30,11820,49
839825958820293878,austin,78741,Private room in guesthouse,private room,2,1,1,42,1,82,0.22465753424657534,1,1125,111,4.56,4.49,4.41,f,t,240,10080,45
1077690274054941802,austin,78724,Private room in home,private room,2,1,1,59,30,270,0.7397260273972602,30,1125,2,4.5,3.5,4,t,t,0,0,52
1168162090256852555,austin,78734,Entire guest suite,entire home/apt,4,1,2,107,2,352,0.9643835616438357,2,365,1,5,5,5,f,t,0,0,22
1502211165337238489,austin,78741,Entire home,entire home/apt,16,4,7,230,1,328,0.8986301369863013,2.115068493150685,365,0,null,null,null,f,t,0,0,52
797159986818826882,austin,78701,Entire rental unit,entire home/apt,4,0,2,141,2,47,0.12876712328767123,2,14,2,4.5,4.5,4.5,t,f,6,846,29
971320758133542972,austin,78745,Private room in home,private room,2,1,1,77,1,86,0.2356164383561644,1,150,7,5,5,5,f,f,36,2772,28
1210233408151754320,austin,78704,Entire home,entire home/apt,4,1,2,78,2,29,0.07945205479452055,2,45,5,4.2,5,4.2,t,t,24,1872,27
1497255769608830238,austin,78744,Entire home,entire home/apt,10,4,5,228,2,317,0.8684931506849315,2.197260273972603,365,0,null,null,null,f,t,0,0,63
6703006,nashville,District 7,Entire home,entire home/apt,4,2,4,195,1,296,0.810958904109589,1,1125,311,4.81,4.86,4.72,t,t,180,35100,37
16944642,nashville,District 7,Entire rental unit,entire home/apt,2,1,1,97,2,257,0.7041095890410959,2,5,254,4.94,4.9,4.94,t,f,144,13968,31
32308420,nashville,District 17,Entire rental unit,entire home/apt,4,0,2,76,2,134,0.36712328767123287,1.1479452054794521,365,61,4.75,4.84,4.67,t,f,30,2280,23
40752964,nashville,District 6,Entire guesthouse,entire home/apt,4,2,2,109,30,224,0.6136986301369863,30,1125,55,4.98,4.93,4.91,t,f,255,27795,57
811645935641520737,nashville,District 21,Entire home,entire home/apt,12,4,11,165,2,242,0.663013698630137,2.1315068493150684,365,64,4.86,4.72,4.81,t,t,126,20790,42
1478569083305120298,nashville,District 15,Entire condo,entire home/apt,6,2,3,143,2,322,0.8821917808219178,2.419178082191781,365,0,null,null,null,t,f,0,0,58
14664334,nashville,District 5,Entire home,entire home/apt,8,2,5,91,1,251,0.6876712328767123,1,1125,433,4.7,4.41,4.68,t,f,186,16926,54
15634836,nashville,District 5,Entire guest suite,entire home/apt,4,1,2,99,2,196,0.536986301369863,3.287671232876712,1125,345,4.95,4.79,4.89,t,f,138,13662,55
22616889,nashville,District 15,Entire rental unit,entire home/apt,4,2,3,128,3,227,0.6219178082191781,3.26027397260274,1109.6301369863013,209,4.97,4.95,4.95,t,t,78,9984,48
49468223,nashville,District 6,Entire guesthouse,entire home/apt,2,1,1,102,1,194,0.5315068493150685,1.7123287671232876,1125,226,4.98,4.92,4.93,t,f,228,23256,55
1125602217328392808,nashville,District 21,Entire home,entire home/apt,10,3,5,194,3,237,0.6493150684931507,1.9534246575342467,365,52,4.96,4.75,4.85,t,f,234,45396,40
1360283485081887262,nashville,District 19,Entire home,entire home/apt,8,3,4,128,1,335,0.9178082191780822,2.2246575342465755,45,15,4.4,3.67,4.2,t,t,90,11520,51
1457376498605015052,nashville,District 15,Private room in bed and breakfast,private room,3,1,2,191,1,97,0.26575342465753427,1.010958904109589,365,1,5,5,5,f,t,6,1146,23
16023993,nashville,District 13,Private room in guest suite,private room,2,1,2,68,1,172,0.4712328767123288,1.1424657534246576,1125,593,4.96,4.89,4.95,t,f,255,17340,48
16641071,nashville,District 5,Entire home,entire home/apt,6,3,3,126,2,84,0.23013698630136986,1.7123287671232876,29,214,4.96,4.76,4.89,t,f,138,17388,37
37682465,nashville,District 30,Private room in guest suite,private room,2,1,1,81,1,71,0.19452054794520549,1,28,518,4.93,4.84,4.89,t,f,255,20655,27
41482843,nashville,District 19,Entire townhouse,entire home/apt,10,3,8,166,1,129,0.35342465753424657,2.8164383561643835,1125,95,4.96,4.73,4.93,t,t,78,12948,48
1087291373578358777,nashville,District 20,Private room in home,private room,2,1,1,90,12,262,0.7178082191780822,12,365,0,null,null,null,f,f,0,0,18
1232531425812136979,nashville,District 15,Room in hotel,private room,2,1,1,100,1,64,0.17534246575342466,1,607.7342465753425,32,4.69,4.44,4.72,f,t,192,19200,20
1293155342356153571,nashville,District 29,Entire home,entire home/apt,8,3,4,380,1,175,0.4794520547945205,1,365,10,4.8,4.7,4.5,t,f,60,22800,44
1333526311333789519,nashville,District 5,Entire home,entire home/apt,12,4,7,212,2,288,0.7890410958904109,2.345205479452055,365,15,5,4.73,4.87,t,f,90,19080,62
32284142,nashville,District 17,Entire rental unit,entire home/apt,4,0,2,76,2,137,0.37534246575342467,1.1479452054794521,365,20,4.5,4.4,4.45,t,f,18,1368,22
43435358,nashville,District 17,Entire serviced apartment,entire home/apt,4,1,1,103,2,348,0.9534246575342465,1.4273972602739726,1125,169,4.89,4.97,4.79,t,t,144,14832,49
44181938,nashville,District 5,Entire home,entire home/apt,12,4,9,384,3,325,0.8904109589041096,2.723287671232877,1125,86,4.99,4.81,4.96,t,t,114,43776,80
575512333582613275,nashville,District 12,Entire home,entire home/apt,4,2,2,136,30,267,0.7315068493150685,30,120,6,4.83,4.67,4.83,f,f,60,8160,46
688607311212760824,nashville,District 6,Entire guesthouse,entire home/apt,2,1,1,88,1,23,0.06301369863013699,1,1125,196,4.91,4.88,4.8,t,t,255,22440,36
1008688651557147708,nashville,District 5,Entire home,entire home/apt,10,3,5,313,1,154,0.42191780821917807,1.3452054794520547,14,83,4.92,4.88,4.87,t,t,240,75120,52
1339248186143016019,nashville,District 21,Entire home,entire home/apt,4,2,3,145,1,9,0.024657534246575342,1.4219178082191781,365,2,5,5,5,f,t,12,1740,68
1353633331859849521,nashville,District 27,Entire rental unit,entire home/apt,4,2,2,77,31,81,0.2219178082191781,31,1125,2,3,3,4,f,t,124,9548,40
1466262923206266439,nashville,District 19,Entire rental unit,entire home/apt,6,1,3,114,1,244,0.6684931506849315,1,28,4,4.75,5,5,f,t,24,2736,57
24245679,nashville,District 7,Entire home,entire home/apt,4,2,3,117,2,149,0.40821917808219177,2.0684931506849313,1125,244,4.87,4.87,4.81,t,f,138,16146,27
650133796102980973,nashville,District 17,Entire rental unit,entire home/apt,16,6,8,296,1,320,0.8767123287671232,2.2958904109589042,365,11,4.64,4.09,4.36,t,t,12,3552,41
1056678219679017531,nashville,District 17,Entire home,entire home/apt,8,3,4,208,1,191,0.5232876712328767,1.2410958904109588,25,61,4.93,4.9,4.87,t,f,192,39936,46
1091492067713973453,nashville,District 20,Entire home,entire home/apt,10,3,6,135,1,245,0.6712328767123288,2.2739726027397262,365,51,4.75,4.63,4.76,f,f,192,25920,45
1143594641768324493,nashville,District 19,Entire rental unit,entire home/apt,2,0,1,400,1,229,0.6273972602739726,3.1534246575342464,516.3178082191781,18,4.83,4.94,4.78,f,t,60,24000,47
1150230996773121745,nashville,District 17,Entire rental unit,entire home/apt,2,1,1,126,30,122,0.33424657534246577,30,365,3,5,5,5,f,f,120,15120,33
1172512874074892203,nashville,District 15,Entire rental unit,entire home/apt,6,2,5,149,1,164,0.44931506849315067,2.4684931506849317,365,38,4.89,4.79,4.95,null,f,156,23244,42
1505777330991499234,nashville,District 4,Entire home,entire home/apt,3,2,2,103,28,332,0.9095890410958904,28,365,0,null,null,null,f,f,0,0,55
20150138,nashville,District 6,Entire guesthouse,entire home/apt,4,1,2,112,2,247,0.6767123287671233,2.2794520547945205,1125,254,4.96,4.96,4.88,t,t,210,23520,57
21191242,nashville,District 19,Entire loft,entire home/apt,5,1,3,184,1,337,0.9232876712328767,1,1125,385,4.8,4.96,4.76,t,t,255,46920,31
24094071,nashville,District 5,Entire home,entire home/apt,6,3,3,371,1,0,0,1.1424657534246576,1125,507,4.91,4.75,4.9,t,f,228,84588,59
566079944698863030,nashville,District 14,Entire home,entire home/apt,5,2,2,95,30,169,0.46301369863013697,30,1125,4,5,5,5,t,f,180,17100,23
803699110387545248,nashville,District 7,Entire home,entire home/apt,4,2,3,122,3,243,0.6657534246575343,3.1452054794520548,1125,74,4.99,4.95,4.92,t,f,252,30744,56
886369975315237080,nashville,District 19,Entire condo,entire home/apt,5,2,2,141,2,48,0.13150684931506848,3.706849315068493,730,7,5,5,5,t,f,6,846,55
1052124489841818202,nashville,District 5,Entire home,entire home/apt,12,4,9,228,1,255,0.6986301369863014,1.5835616438356164,365,98,4.95,4.68,4.85,t,t,255,58140,59
1107605818669710648,nashville,District 31,Entire home,entire home/apt,8,3,4,166,30,364,0.9972602739726028,30,365,6,5,5,5,t,t,255,42330,28
1199515572148369613,nashville,District 19,Entire rental unit,entire home/apt,6,1,4,123,1,257,0.7041095890410959,1.8246575342465754,30,51,4.88,4.94,4.84,t,t,252,30996,62
1283496938829963020,nashville,District 19,Room in hotel,private room,4,1,2,320,1,160,0.4383561643835616,25.7013698630137,365,1,5,5,5,t,t,6,1920,24
1293553408964174246,nashville,District 19,Entire rental unit,entire home/apt,6,1,3,94,1,156,0.4273972602739726,1.736986301369863,1125,29,4.86,4.76,4.83,t,t,174,16356,51
23074190,nashville,District 24,Entire home,entire home/apt,4,2,2,189,1,324,0.8876712328767123,1.284931506849315,1125,100,5,4.99,4.94,t,f,180,34020,54
23646000,nashville,District 17,Entire townhouse,entire home/apt,10,3,5,322,1,288,0.7890410958904109,1.189041095890411,1125,88,4.95,4.85,4.92,t,t,48,15456,67
43450336,nashville,District 21,Entire home,entire home/apt,8,3,4,165,2,164,0.44931506849315067,3.282191780821918,1125,167,4.78,4.11,4.69,null,f,246,40590,47
590045319275143627,nashville,District 18,Entire condo,entire home/apt,6,2,3,233,2,241,0.6602739726027397,2.4273972602739726,1125,94,4.95,4.89,4.9,t,t,138,32154,49
694212528485944088,nashville,District 19,Entire home,entire home/apt,6,1,4,185,2,298,0.8164383561643835,2,365,161,4.96,4.87,4.91,t,f,255,47175,42
1105062660849703261,nashville,District 19,Entire home,entire home/apt,8,3,5,307,2,319,0.873972602739726,2,365,87,4.99,4.98,4.94,null,t,255,78285,62
1329029378470326839,nashville,District 24,Entire home,entire home/apt,12,4,7,406,1,319,0.873972602739726,1.6493150684931508,127.91232876712328,11,5,4.73,4.91,f,f,66,26796,54
1340934215903377888,nashville,District 15,Entire guest suite,entire home/apt,4,2,2,82,2,89,0.24383561643835616,1.7698630136986302,365,20,4.95,5,5,f,f,120,9840,48
28458232,nashville,District 16,Entire home,entire home/apt,5,3,3,373,30,120,0.3287671232876712,30,1125,5,5,5,5,t,f,120,44760,50
1391361174237569422,nashville,District 19,Entire rental unit,entire home/apt,6,2,3,176,1,238,0.6520547945205479,1.2794520547945205,365,16,4.81,4.75,4.88,t,t,96,16896,39
1399418378652606712,nashville,District 17,Entire home,entire home/apt,11,4,7,191,1,347,0.9506849315068493,2.213698630136986,1125,6,5,5,5,t,t,36,6876,60
1498434355936866517,nashville,District 17,Entire home,entire home/apt,12,4,10,213,2,353,0.9671232876712329,3.164383561643836,365,0,null,null,null,f,t,0,0,50
1021065797519433904,nashville,District 21,Entire home,entire home/apt,8,3,5,219,2,156,0.4273972602739726,2.786301369863014,1125,79,4.97,4.75,4.87,f,f,255,55845,72
1318897929946077472,nashville,District 2,Entire home,entire home/apt,12,4,9,425,2,329,0.9013698630136986,2.276712328767123,1125,34,5,4.85,5,t,f,204,86700,73
1505624568592316143,nashville,District 19,Entire rental unit,entire home/apt,4,null,2,68,2,321,0.8794520547945206,2.1726027397260275,365,0,null,null,null,f,t,0,0,41
6424881,nashville,District 7,Private room in home,private room,2,1,1,90,1,353,0.9671232876712329,1,1125,204,4.98,4.94,4.95,t,t,24,2160,9
1135753826639293852,nashville,District 19,Entire rental unit,entire home/apt,2,1,1,102,1,349,0.9561643835616438,2.1726027397260275,365,16,4.69,4.81,4.81,t,t,54,5508,39
2699594,nashville,District 19,Entire condo,entire home/apt,4,1,2,184,2,313,0.8575342465753425,3.115068493150685,365,274,4.95,4.99,4.85,t,f,186,34224,44
4438136,nashville,District 24,Entire rental unit,entire home/apt,6,2,3,274,3,13,0.03561643835616438,2.712328767123288,1125,211,4.99,4.98,4.86,f,f,42,11508,59
43861823,nashville,District 33,Entire cottage,entire home/apt,6,4,5,177,30,128,0.3506849315068493,30,1125,2,5,5,5,f,f,0,0,44
968073385945143548,nashville,District 18,Entire guesthouse,entire home/apt,4,1,2,109,2,276,0.7561643835616438,2.6054794520547944,1125,80,5,4.99,4.93,f,f,198,21582,54
1237239481995131707,nashville,District 21,Private room in home,private room,2,1,1,33,1,64,0.17534246575342466,1,365,0,null,null,null,t,f,0,0,56
1354449765000955171,nashville,District 7,Entire home,entire home/apt,2,1,1,114,1,295,0.8082191780821918,1,60,30,5,4.97,5,t,f,180,20520,44
1439238205189338833,nashville,District 21,Entire home,entire home/apt,6,3,4,270,30,250,0.684931506849315,30,365,10,4.7,4.1,4.6,f,t,255,68850,47
1440618230326061243,nashville,District 19,Entire condo,entire home/apt,4,1,2,105,1,299,0.8191780821917808,2.610958904109589,365,10,4.9,4.78,4.78,t,t,60,6300,48
1490629729659865821,nashville,District 17,Entire rental unit,entire home/apt,3,1,2,56,29,138,0.3780821917808219,29,89,0,null,null,null,t,t,0,0,47
2083878,nashville,District 19,Entire guest suite,entire home/apt,5,2,2,106,1,264,0.7232876712328767,1.284931506849315,1125,738,4.83,4.74,4.84,null,f,255,27030,33
21296745,nashville,District 25,Entire guesthouse,entire home/apt,4,1,2,140,4,154,0.42191780821917807,4,90,116,4.97,4.99,4.91,t,f,104,14560,49
30658935,nashville,District 17,Entire home,entire home/apt,10,3,6,135,2,343,0.9397260273972603,3.117808219178082,356,211,4.98,4.87,4.91,t,f,162,21870,48
52506018,nashville,District 16,Entire home,entire home/apt,4,1,2,115,1,255,0.6986301369863014,1.284931506849315,365,174,4.88,4.56,4.88,null,t,255,29325,60
1089345411533442312,nashville,District 17,Entire home,entire home/apt,12,4,7,286,1,312,0.8547945205479452,2.356164383561644,1125,99,4.99,4.93,4.92,t,t,255,72930,60
1190480706538312158,nashville,District 2,Entire townhouse,entire home/apt,12,4,6,360,2,242,0.663013698630137,2,21,34,4.85,4.56,4.85,t,f,156,56160,42
1422584124280396148,nashville,District 2,Entire home,entire home/apt,6,2,3,119,1,318,0.8712328767123287,2.2904109589041095,365,8,4.88,4.38,4.88,t,t,48,5712,47
431258,nashville,District 19,Entire home,entire home/apt,4,2,2,216,2,314,0.8602739726027397,2.43013698630137,1125,549,4.89,4.48,4.87,t,f,90,19440,62
20054707,nashville,District 6,Entire home,entire home/apt,8,2,3,193,2,264,0.7232876712328767,2,1125,125,4.85,4.77,4.74,t,t,42,8106,33
671761745389896543,nashville,District 20,Entire townhouse,entire home/apt,16,6,12,288,2,251,0.6876712328767123,2.117808219178082,365,6,4.67,4.5,4.83,t,f,24,6912,32
684178203144141156,nashville,District 5,Entire townhouse,entire home/apt,10,3,4,145,1,233,0.6383561643835617,1.284931506849315,1125,83,4.89,4.65,4.89,t,t,210,30450,52
1179030127948564589,nashville,District 17,Entire home,entire home/apt,12,4,6,400,1,264,0.7232876712328767,2.3863013698630136,365,13,4.31,3.85,4.15,f,t,66,26400,72
1359402003955010702,nashville,District 21,Entire home,entire home/apt,15,4,9,332,1,137,0.37534246575342467,2.83013698630137,1125,8,4.25,3.88,4.38,f,t,48,15936,58
796328181355400392,nashville,District 2,Private room in townhouse,private room,1,1,2,48,31,179,0.4904109589041096,31,365,5,5,5,5,f,f,124,5952,55
1257941409344025697,nashville,District 5,Entire condo,entire home/apt,10,3,5,120,2,25,0.0684931506849315,2.408219178082192,45,19,4.84,4.89,4.78,f,t,114,13680,31
29480719,nashville,District 19,Entire rental unit,entire home/apt,4,2,2,117,2,144,0.39452054794520547,2,1125,177,4.82,4.77,4.83,t,f,138,16146,53
32312615,nashville,District 17,Entire rental unit,entire home/apt,4,0,0,76,2,124,0.33972602739726027,1.1479452054794521,365,124,4.8,4.73,4.76,t,f,255,19380,23
39034225,nashville,District 17,Entire home,entire home/apt,10,3,8,182,2,336,0.9205479452054794,2.778082191780822,1125,215,4.95,4.92,4.93,t,f,156,28392,34
52730713,nashville,District 7,Entire guest suite,entire home/apt,2,1,1,127,2,67,0.18356164383561643,2,1125,151,4.97,4.91,4.92,t,f,180,22860,60
674612687669989407,nashville,District 18,Entire home,entire home/apt,12,4,7,251,2,339,0.9287671232876712,1.5698630136986302,1125,70,4.86,4.99,4.79,null,f,132,33132,67
769727367095376357,nashville,District 6,Entire home,entire home/apt,4,1,2,132,1,299,0.8191780821917808,1,1125,232,4.97,4.89,4.91,null,t,255,33660,46
850179137902544665,nashville,District 19,Entire rental unit,entire home/apt,4,1,1,148,1,258,0.7068493150684931,1,1125,205,4.82,4.82,4.75,t,f,255,37740,54
1363941100937793974,nashville,District 17,Entire condo,entire home/apt,4,1,2,248,1,302,0.8273972602739726,1,365,2,5,5,4.5,t,t,12,2976,43
16613520,nashville,District 6,Entire rental unit,entire home/apt,3,1,3,64,1,182,0.4986301369863014,1.5698630136986302,1125,340,4.72,4.81,4.71,t,f,228,14592,49
40140223,nashville,District 3,Private room in guest suite,private room,3,1,1,220,2,231,0.6328767123287671,2,1125,116,5,4.99,5,f,f,48,10560,50
43345609,nashville,District 5,Entire home,entire home/apt,8,2,4,240,2,80,0.2191780821917808,2,29,161,4.88,4.71,4.85,t,f,156,37440,44
44672180,nashville,District 19,Entire home,entire home/apt,12,4,9,269,1,262,0.7178082191780822,1,1125,123,4.97,4.71,4.85,t,f,255,68595,58
756022165345239374,nashville,District 15,Entire rental unit,entire home/apt,6,2,3,143,2,353,0.9671232876712329,2,365,1,5,5,5,f,f,0,0,31
1450201973281913798,nashville,District 6,Entire rental unit,entire home/apt,4,2,2,169,1,249,0.6821917808219178,1.2684931506849315,735.6164383561644,5,5,4.6,4.6,t,t,30,5070,34
32284340,nashville,District 17,Entire rental unit,entire home/apt,4,0,2,76,2,130,0.3561643835616438,1.1479452054794521,365,45,4.6,4.58,4.6,t,f,42,3192,23
556337653530806747,nashville,District 7,Entire loft,entire home/apt,3,1,2,130,3,20,0.0547945205479452,2.5616438356164384,30,102,4.96,4.95,4.88,t,f,96,12480,51
792956172139634710,nashville,District 19,Entire condo,entire home/apt,6,1,5,121,1,74,0.20273972602739726,1.284931506849315,365,180,4.91,4.96,4.87,t,f,255,30855,54
928082042087482536,nashville,District 21,Entire home,entire home/apt,6,3,3,136,30,298,0.8164383561643835,30,365,7,5,5,5,t,f,60,8160,75
1074206129109420429,nashville,District 5,Entire townhouse,entire home/apt,10,3,9,170,2,345,0.9452054794520548,2.1534246575342464,1125,11,4.73,4.64,4.73,t,t,12,2040,74
1330477162608306359,nashville,District 19,Entire rental unit,entire home/apt,6,2,3,309,2,276,0.7561643835616438,2,1125,47,4.98,4.94,4.89,t,t,255,78795,73
1385099827880649738,nashville,District 19,Entire rental unit,entire home/apt,3,1,1,187,2,165,0.4520547945205479,1.9972602739726026,365,3,5,4.67,4.67,f,f,18,3366,20
1495909001625600085,nashville,District 17,Entire rental unit,entire home/apt,6,2,2,90,1,358,0.9808219178082191,1.284931506849315,365,0,null,null,null,f,f,0,0,38
6700201,nashville,District 13,Entire guesthouse,entire home/apt,2,0,1,67,30,82,0.22465753424657534,30,1125,60,4.82,4.75,4.76,t,f,0,0,38
631828424812033196,nashville,District 6,Entire home,entire home/apt,9,4,5,186,2,53,0.14520547945205478,2,1125,71,4.94,4.9,4.85,t,f,240,44640,77
1368849009700886691,nashville,District 19,Entire condo,entire home/apt,8,2,4,221,1,307,0.8410958904109589,1.5643835616438355,365,39,4.97,4.64,4.87,t,t,234,51714,61
27047473,nashville,District 21,Entire home,entire home/apt,8,3,5,169,2,169,0.46301369863013697,2.3972602739726026,1125,182,4.94,4.5,4.87,t,f,252,42588,77
28365055,nashville,District 21,Entire home,entire home/apt,10,3,5,140,2,252,0.6904109589041096,24.764383561643836,365,141,4.65,4.28,4.67,t,t,36,5040,50
48157076,nashville,District 19,Entire rental unit,entire home/apt,1,1,0,87,1,151,0.4136986301369863,1.9534246575342467,365,222,4.84,4.97,4.81,null,f,222,19314,27
608598477202259839,nashville,District 11,Entire bungalow,entire home/apt,6,3,4,80,2,97,0.26575342465753427,2,30,58,4.95,4.84,4.95,t,f,255,20400,54
797148074159970987,nashville,District 5,Entire home,entire home/apt,5,2,3,108,1,105,0.2876712328767123,1.7205479452054795,1125,227,4.96,4.89,4.92,f,t,255,27540,68
1078422875120073352,nashville,District 17,Entire rental unit,entire home/apt,8,2,0,129,2,255,0.6986301369863014,2,365,24,5,4.83,4.91,t,f,72,9288,47
1219271646234591230,nashville,District 19,Entire rental unit,entire home/apt,4,0,1,118,1,255,0.6986301369863014,1,365,49,4.86,4.9,4.78,t,t,252,29736,39
1252911199122410582,nashville,District 16,Entire home,entire home/apt,12,4,7,267,2,246,0.673972602739726,2.1315068493150684,365,21,4.95,4.48,4.95,t,t,126,33642,43
1326974292296804620,nashville,District 19,Entire home,entire home/apt,10,3,5,243,1,34,0.09315068493150686,1,365,23,4.96,4.96,4.83,t,f,138,33534,45
1437742234640802966,nashville,District 27,Entire rental unit,entire home/apt,4,2,2,57,31,187,0.5123287671232877,31,1125,0,null,null,null,f,t,0,0,29
1488592710926000066,nashville,District 19,Entire rental unit,entire home/apt,6,1,6,121,2,298,0.8164383561643835,3.4273972602739726,365,8,5,4.88,5,null,f,48,5808,75
22142890,nashville,District 12,Entire home,entire home/apt,12,4,10,175,2,238,0.6520547945205479,2.115068493150685,365,264,4.67,4.86,4.66,t,f,192,33600,35
45015102,nashville,District 20,Entire townhouse,entire home/apt,10,3,8,108,2,257,0.7041095890410959,2.1342465753424658,365,113,4.65,4.54,4.65,t,t,102,11016,45
685303839668013059,nashville,District 15,Entire condo,entire home/apt,6,2,3,173,2,316,0.8657534246575342,2.347945205479452,365,16,4.94,5,4.94,t,f,90,15570,58
689441688793190754,nashville,District 9,Entire guesthouse,entire home/apt,6,2,3,167,1,361,0.989041095890411,1.3205479452054794,116.1041095890411,29,4.93,4.83,4.79,f,t,18,3006,39
718360358194989374,nashville,District 13,Entire home,entire home/apt,5,2,2,110,2,6,0.01643835616438356,25.624657534246577,1125,90,4.97,4.67,4.84,t,f,108,11880,56
1063086238930632365,nashville,District 21,Entire home,entire home/apt,6,3,2,376,2,60,0.1643835616438356,2,365,31,5,4.84,4.94,t,f,150,56400,61
36523604,nashville,District 19,Entire rental unit,entire home/apt,6,2,3,135,1,139,0.38082191780821917,1,14,580,4.99,4.97,4.91,null,t,255,34425,62
687215887081269359,nashville,District 8,Entire home,entire home/apt,6,3,3,226,2,160,0.4383561643835616,2,28,80,5,4.79,4.89,t,f,126,28476,69
1234852763076081606,nashville,District 19,Entire rental unit,entire home/apt,2,1,1,148,2,273,0.7479452054794521,2,365,49,4.98,4.96,4.98,t,f,255,37740,62
1253595813051713488,nashville,District 4,Entire home,entire home/apt,7,4,4,200,30,335,0.9178082191780822,30,365,2,5,5,5,f,f,120,24000,58
1445894095542401053,nashville,District 19,Entire home,entire home/apt,9,4,5,287,1,67,0.18356164383561643,1.3123287671232877,365,9,4.89,5,4.78,null,t,54,15498,55
28509493,nashville,District 13,Entire home,entire home/apt,10,3,6,118,4,61,0.16712328767123288,4,1125,221,4.6,4.8,4.63,f,f,176,20768,63
40423641,nashville,District 19,Entire condo,entire home/apt,6,2,3,172,3,340,0.9315068493150684,1.8602739726027397,28,161,4.73,4.52,4.66,t,t,114,19608,33
48132326,nashville,District 20,Entire townhouse,entire home/apt,12,4,9,113,2,249,0.6821917808219178,2.117808219178082,365,77,4.7,4.73,4.75,t,f,102,11526,44
675157878765516286,nashville,District 13,Entire condo,entire home/apt,4,2,2,105,3,325,0.8904109589041096,2.9972602739726026,365,13,4.77,4.62,4.62,t,f,30,3150,25
850768438307292614,nashville,District 8,Entire home,entire home/apt,10,4,5,393,2,145,0.3972602739726027,2,1125,52,4.98,4.96,4.88,t,t,198,77814,83
854342418431237543,nashville,District 13,Entire townhouse,entire home/apt,6,2,4,120,2,141,0.3863013698630137,2.282191780821918,365,58,4.97,4.84,4.91,t,t,255,30600,56
934140386912459010,nashville,District 17,Entire home,entire home/apt,12,4,10,260,2,249,0.6821917808219178,2.73972602739726,1125,26,4.96,4.84,4.92,null,f,96,24960,62
965353400248263696,nashville,District 9,Entire home,entire home/apt,8,4,4,141,30,289,0.7917808219178082,30,1125,4,5,4.75,5,t,f,120,16920,66
1379822238099392456,nashville,District 17,Entire condo,entire home/apt,6,2,3,348,1,309,0.8465753424657534,1,365,2,5,5,5,t,t,12,4176,43
1462335794733737486,nashville,District 5,Entire home,entire home/apt,12,4,7,238,1,158,0.4328767123287671,2.8547945205479452,427.4657534246575,1,5,4,5,t,f,6,1428,49
881757406968914141,nashville,District 14,Entire home,entire home/apt,4,2,2,71,30,327,0.8958904109589041,30,365,0,null,null,null,null,f,0,0,19
919745034203748181,nashville,District 19,Entire rental unit,entire home/apt,8,2,4,275,1,239,0.6547945205479452,1.2821917808219179,365,134,4.98,4.98,4.92,t,f,255,70125,67
928927479593652907,nashville,District 19,Entire condo,entire home/apt,6,2,3,318,2,296,0.810958904109589,2.0273972602739727,185,84,4.89,4.9,4.8,t,t,186,59148,57
1237585457379773722,nashville,District 5,Entire condo,entire home/apt,6,2,3,223,2,257,0.7041095890410959,2.0712328767123287,1125,40,5,4.85,5,t,t,234,52182,49
1318532701395383391,nashville,District 14,Entire rental unit,entire home/apt,2,1,1,56,30,335,0.9178082191780822,30,100,1,5,5,5,t,f,60,3360,13
16982090,nashville,District 19,Entire loft,entire home/apt,5,1,3,173,1,332,0.9095890410958904,1,1125,476,4.76,4.99,4.66,t,t,204,35292,32
18548210,nashville,District 6,Entire rental unit,entire home/apt,4,0,2,64,1,150,0.410958904109589,1.8547945205479452,1125,391,4.85,4.82,4.82,f,f,198,12672,32
32268160,nashville,District 19,Entire rental unit,entire home/apt,3,0,1,101,1,139,0.38082191780821917,1.4438356164383561,365,217,4.75,4.93,4.71,t,t,162,16362,40
38904250,nashville,District 19,Entire rental unit,entire home/apt,4,1,1,171,2,161,0.4410958904109589,1.4438356164383561,365,250,4.84,4.96,4.78,t,f,120,20520,31
44390779,nashville,District 5,Entire home,entire home/apt,6,1,2,114,2,337,0.9232876712328767,2.213698630136986,1125,77,4.87,4.87,4.71,t,t,42,4788,49
674736390816097045,nashville,District 19,Entire condo,entire home/apt,4,1,2,164,1,79,0.21643835616438356,2.2,1125,253,4.98,4.93,4.91,t,t,255,41820,73
814552655038522905,nashville,District 2,Entire home,entire home/apt,10,3,5,147,1,221,0.6054794520547945,2.2739726027397262,1125,128,4.84,4.48,4.8,f,t,216,31752,47
1371908989755690626,nashville,District 19,Entire rental unit,entire home/apt,6,1,3,221,1,314,0.8602739726027397,1.5424657534246575,28,28,4.86,4.96,4.86,t,t,168,37128,55
51321919,nashville,District 6,Private room in guest suite,private room,2,1,1,105,3,225,0.6164383561643836,2.717808219178082,1125,170,4.91,4.85,4.8,t,t,162,17010,30
53690426,nashville,District 8,Entire guest suite,entire home/apt,4,1,2,101,1,106,0.29041095890410956,2.1315068493150684,860.186301369863,105,4.93,4.91,4.83,t,f,66,6666,48
642941622823561145,nashville,District 2,Entire home,entire home/apt,8,3,6,280,2,339,0.9287671232876712,2,1125,53,4.94,4.4,4.92,f,f,60,16800,46
1009583589043502210,nashville,District 19,Entire rental unit,entire home/apt,6,2,3,296,1,248,0.6794520547945205,1.2794520547945205,28,122,5,4.93,4.96,t,f,255,75480,61
1072627553915280997,nashville,District 14,Private room in home,private room,1,1,1,52,30,263,0.7205479452054795,30,365,2,5,5,5,t,f,120,6240,29
1102988756155336546,nashville,District 5,Entire home,entire home/apt,10,3,6,401,2,269,0.736986301369863,1.8054794520547945,1125,38,5,4.61,4.95,t,f,114,45714,73
1171999431564067727,nashville,District 15,Entire serviced apartment,entire home/apt,4,1,2,124,1,159,0.43561643835616437,2.5726027397260274,365,38,5,4.87,4.92,null,f,162,20088,41
1247776787222705941,nashville,District 2,Entire home,entire home/apt,10,3,7,137,1,307,0.8410958904109589,1.1315068493150684,1125,21,4.62,4.71,4.62,f,t,126,17262,60
1275430320796756212,nashville,District 2,Entire home,entire home/apt,6,3,5,150,90,268,0.7342465753424657,90,365,11,4.91,4.64,4.91,t,f,255,38250,47
1392186309934702757,nashville,District 19,Entire rental unit,entire home/apt,6,1,2,115,1,232,0.6356164383561644,1.2767123287671234,365,10,5,5,5,t,t,60,6900,38
43149502,nashville,District 18,Entire rental unit,entire home/apt,4,1,2,111,2,337,0.9232876712328767,2.421917808219178,29,209,4.9,4.94,4.84,t,f,192,21312,39
49758606,nashville,District 2,Entire guest suite,entire home/apt,2,1,2,83,1,236,0.6465753424657534,1.284931506849315,1125,347,4.92,4.76,4.9,t,f,255,21165,50
51881507,nashville,District 13,Entire rental unit,entire home/apt,4,2,2,200,3,259,0.7095890410958904,3,1125,32,4.94,4.69,4.81,t,f,60,12000,53
51965920,nashville,District 7,Entire home,entire home/apt,8,3,4,132,2,306,0.8383561643835616,1.9945205479452055,1125,144,4.9,4.87,4.87,t,t,192,25344,61
53508162,nashville,District 17,Entire home,entire home/apt,8,4,6,176,3,272,0.7452054794520548,2.9945205479452053,1125,86,4.92,4.67,4.78,t,f,234,41184,35
1066676751333654433,nashville,District 5,Entire home,entire home/apt,8,2,9,170,1,23,0.06301369863013699,2.175342465753425,201.6986301369863,21,4.86,4.71,4.86,t,t,60,10200,38
1092775753097080651,nashville,District 17,Entire condo,entire home/apt,8,2,4,197,2,235,0.6438356164383562,2,365,39,5,4.82,4.87,t,f,144,28368,48
1158997193799974103,nashville,District 2,Room in hotel,private room,2,1,1,106,1,38,0.10410958904109589,1,657.8109589041096,50,4.56,4.8,4.56,f,t,234,24804,24
1220161034781218400,nashville,District 6,Entire home,entire home/apt,4,2,2,350,2,55,0.1506849315068493,3,7,16,5,4.94,4.94,t,f,84,29400,47
1371813492573128550,nashville,District 1,Private room in guesthouse,private room,2,1,1,75,2,340,0.9315068493150684,2,730,16,4.56,4.56,4.5,f,t,96,7200,28
9863459,nashville,District 7,Entire home,entire home/apt,8,3,7,173,2,157,0.4301369863013699,2,1125,498,4.68,4.72,4.71,f,f,246,42558,49
15374069,nashville,District 5,Entire condo,entire home/apt,3,1,1,105,30,249,0.6821917808219178,30,1125,37,4.95,4.97,4.92,null,t,240,25200,36
21785950,nashville,District 5,Entire home,entire home/apt,4,2,3,127,30,67,0.18356164383561643,30,730,84,4.92,4.87,4.81,t,f,255,32385,37
783398511113201777,nashville,District 2,Entire home,entire home/apt,10,3,13,250,2,171,0.4684931506849315,2,1125,50,4.9,4.96,4.9,null,t,48,12000,46
823879694871437688,nashville,District 19,Entire home,entire home/apt,6,2,4,120,2,289,0.7917808219178082,1.9205479452054794,1125,243,4.98,4.74,4.88,t,f,255,30600,55
878380466198144072,nashville,District 18,Entire home,entire home/apt,12,4,10,199,2,236,0.6465753424657534,2.1041095890410957,365,65,4.8,4.88,4.77,t,t,144,28656,52
943746775163164144,nashville,District 7,Entire home,entire home/apt,5,3,3,198,1,26,0.07123287671232877,1,30,18,5,5,5,t,f,54,10692,64
1202358268234958357,nashville,District 17,Entire home,entire home/apt,12,4,8,306,2,252,0.6904109589041096,2.6054794520547944,1125,27,5,4.89,5,t,t,132,40392,53
23752202,nashville,District 19,Entire guest suite,entire home/apt,2,1,1,164,3,242,0.663013698630137,3,1125,225,4.98,4.99,4.95,t,f,162,26568,21
28930638,nashville,District 2,Entire condo,entire home/apt,7,2,4,198,2,354,0.9698630136986301,2.1506849315068495,1125,112,4.93,4.47,4.81,t,t,66,13068,60
37715078,nashville,District 27,Entire home,entire home/apt,10,4,4,204,30,246,0.673972602739726,30,1125,11,4.64,4.73,4.73,f,t,60,12240,23
48155297,nashville,District 19,Entire rental unit,entire home/apt,2,0,1,77,1,161,0.4410958904109589,1.9534246575342467,365,181,4.81,4.9,4.69,null,f,234,18018,27
590305946058064322,nashville,District 21,Entire home,entire home/apt,6,3,3,135,2,206,0.5643835616438356,2.7835616438356166,1125,150,4.89,4.58,4.81,t,t,246,33210,59
1011324059982537670,nashville,District 15,Entire rental unit,entire home/apt,4,1,2,187,2,132,0.36164383561643837,2,30,0,null,null,null,t,f,0,0,27
1100237032155559245,nashville,District 2,Entire home,entire home/apt,14,4,7,317,2,267,0.7315068493150685,2,1125,36,4.86,4.44,4.86,t,f,108,34236,34
1110180960253860842,nashville,District 19,Entire home,entire home/apt,10,4,7,161,2,232,0.6356164383561644,2.1095890410958904,365,30,4.73,4.33,4.63,t,t,102,16422,38
3083343,chicago,Logan Square,Entire rental unit,entire home/apt,6,2,4,177,2,41,0.11232876712328767,3.213698630136986,1125,161,4.76,4.9,4.58,t,f,96,16992,73
25555626,chicago,Irving Park,Entire condo,entire home/apt,6,3,3,130,32,301,0.8246575342465754,32,1125,124,4.8,4.82,4.72,null,f,128,16640,38
41552601,chicago,Loop,Entire rental unit,entire home/apt,2,1,1,229,32,283,0.7753424657534247,40.14246575342466,1125,1,5,5,5,f,t,64,14656,35
44234449,chicago,Loop,Entire condo,entire home/apt,6,2,3,217,5,146,0.4,4.843835616438356,1125,223,4.8,4.93,4.74,t,f,255,55335,60
45864022,chicago,Near North Side,Entire condo,entire home/apt,3,1,1,125,32,120,0.3287671232876712,32,365,6,4.67,5,4.67,f,f,128,16000,39
50489917,chicago,Near West Side,Entire rental unit,entire home/apt,6,3,3,189,2,248,0.6794520547945205,2,1125,74,4.74,4.93,4.64,f,t,108,20412,39
624839152530216936,chicago,North Lawndale,Entire home,entire home/apt,16,5,9,378,2,116,0.3178082191780822,3.0164383561643837,1125,114,4.82,4.37,4.75,t,t,162,61236,64
712453913018677418,chicago,Lake View,Entire rental unit,entire home/apt,4,2,2,95,32,197,0.5397260273972603,32,365,6,5,5,4.67,f,f,192,18240,43
935459998451079421,chicago,Lincoln Park,Entire rental unit,entire home/apt,3,1,2,177,2,332,0.9095890410958904,2.717808219178082,1125,23,4.7,4.96,4.48,f,t,72,12744,39
1064759719148784948,chicago,Brighton Park,Entire rental unit,entire home/apt,6,3,5,257,3,267,0.7315068493150685,3,1125,23,5,4.74,4.87,t,t,72,18504,51
1183324802752183235,chicago,Hermosa,Private room in home,private room,2,1,1,54,1,237,0.6493150684931507,2,1125,28,4.86,4.89,4.86,t,f,132,7128,45
1227600566557955531,chicago,Logan Square,Entire rental unit,entire home/apt,3,1,2,114,32,231,0.6328767123287671,32,1125,3,5,5,5,f,f,192,21888,55
1369733738577166114,chicago,West Town,Entire loft,entire home/apt,5,3,3,214,2,243,0.6657534246575343,2,365,14,4.93,5,4.79,null,f,84,17976,54
1495128501669278298,chicago,Near North Side,Room in hotel,private room,4,0,2,222,1,172,0.4712328767123288,2.610958904109589,365,0,null,null,null,f,t,0,0,37
15643384,chicago,Lake View,Entire condo,entire home/apt,2,1,1,83,90,164,0.44931506849315067,90,1125,7,5,5,4.86,t,f,255,21165,26
705825794135157409,chicago,Clearing,Entire home,entire home/apt,12,5,6,167,32,180,0.4931506849315068,32,365,1,5,5,5,f,f,0,0,57
751937736968700082,chicago,Loop,Entire rental unit,entire home/apt,2,1,1,182,32,264,0.7232876712328767,40.12328767123287,1125,0,null,null,null,f,t,0,0,30
887657375154296515,chicago,Rogers Park,Entire rental unit,entire home/apt,2,0,1,89,2,254,0.6958904109589041,2.2794520547945205,1125,67,4.69,4.63,4.57,f,t,150,13350,49
899544156282323531,chicago,Uptown,Entire rental unit,entire home/apt,4,2,2,162,3,308,0.8438356164383561,2.9917808219178084,365,96,4.89,4.81,4.81,f,f,255,41310,49
917612454755858521,chicago,Logan Square,Entire rental unit,entire home/apt,2,1,1,132,3,247,0.6767123287671233,3,260,45,4.96,4.87,4.93,f,f,138,18216,30
1506043906497789808,chicago,Logan Square,Entire rental unit,entire home/apt,7,3,4,121,32,243,0.6657534246575343,32,1125,0,null,null,null,t,t,0,0,50
777081569923692574,chicago,Calumet Heights,Entire home,entire home/apt,3,2,2,194,2,263,0.7205479452054795,2,14,31,4.94,4.81,4.84,t,f,36,6984,38
969159516611516032,chicago,Englewood,Private room in rental unit,private room,2,1,1,37,2,81,0.2219178082191781,2.032876712328767,1125,67,4.72,4.34,4.73,f,f,144,5328,38
1178979281510017157,chicago,Hermosa,Private room in home,private room,2,1,1,55,1,236,0.6465753424657534,2,1125,25,4.92,4.72,4.96,t,f,120,6600,44
1304606690862941297,chicago,Near North Side,Entire rental unit,entire home/apt,2,1,1,182,32,240,0.6575342465753424,32,365,20,4.8,5,4.6,t,f,255,46410,27
1401361976387458579,chicago,Hyde Park,Entire rental unit,entire home/apt,2,0,1,91,2,171,0.4684931506849315,2,30,10,4.2,4.4,4,f,f,60,5460,37
979536948521188472,chicago,Loop,Entire rental unit,entire home/apt,2,1,1,181,32,279,0.7643835616438356,40.136986301369866,1125,0,null,null,null,f,t,0,0,32
980633130019975644,chicago,Irving Park,Entire guest suite,entire home/apt,5,2,2,112,1,300,0.821917808219178,2,1125,112,4.88,4.82,4.86,t,f,255,28560,54
1303691498384934867,chicago,Woodlawn,Private room in rental unit,private room,1,1,2,30,32,208,0.5698630136986301,32,1125,0,null,null,null,t,t,0,0,30
1498262651349295922,chicago,Near North Side,Entire rental unit,entire home/apt,2,1,1,267,32,284,0.7780821917808219,40.14246575342466,1125,0,null,null,null,f,t,0,0,29
20454673,chicago,Lower West Side,Private room in rental unit,private room,2,1,1,68,1,18,0.049315068493150684,2,365,227,4.91,4.96,4.93,t,f,234,15912,33
38950182,chicago,South Lawndale,Entire rental unit,entire home/apt,5,3,3,196,7,90,0.2465753424657534,7,1125,19,4.74,4.47,4.68,f,t,70,13720,51
43594534,chicago,Bridgeport,Entire rental unit,entire home/apt,4,2,2,100,32,231,0.6328767123287671,32,120,9,5,4.89,4.78,t,f,128,12800,36
45515581,chicago,Douglas,Entire rental unit,entire home/apt,2,1,2,106,3,139,0.38082191780821917,3,1125,118,4.89,4.68,4.82,t,f,126,13356,47
554385076952526453,chicago,West Town,Entire rental unit,entire home/apt,4,2,3,147,2,242,0.663013698630137,2,1125,134,4.94,4.96,4.87,t,f,252,37044,43
1276850193412053295,chicago,Lincoln Park,Entire home,entire home/apt,1,1,1,136,32,316,0.8657534246575342,32,365,0,null,null,null,t,t,0,0,26
5195252,chicago,West Town,Private room in condo,private room,2,1,1,48,32,1,0.0027397260273972603,32,1125,177,4.89,4.96,4.88,t,f,0,0,38
555041639366197657,chicago,Lincoln Park,Entire rental unit,entire home/apt,4,2,2,271,2,199,0.5452054794520548,2.1424657534246574,1125,266,4.98,5,4.89,t,t,255,69105,59
745004823798209785,chicago,Lincoln Square,Entire rental unit,entire home/apt,2,1,1,92,32,40,0.1095890410958904,32,1125,16,5,4.81,4.88,t,f,128,11776,55
895554734730702580,chicago,Near West Side,Entire rental unit,entire home/apt,6,3,3,171,32,319,0.873972602739726,32,236.95890410958904,46,4.65,4.7,4.61,t,f,255,43605,40
966148804844532645,chicago,Loop,Entire condo,entire home/apt,3,1,1,198,60,333,0.9123287671232877,58.92602739726028,365,6,5,5,4.67,t,t,255,50490,71
1061059907241759502,chicago,Near West Side,Entire rental unit,entire home/apt,3,1,1,99,32,325,0.8904109589041096,32,365,5,5,4.6,4.8,t,f,192,19008,48
1118958369669164796,chicago,West Town,Shared room in loft,shared room,1,1,2,50,1,353,0.9671232876712329,2,36.92054794520548,2,5,5,5,f,f,12,600,10
1392425117170042168,chicago,Lincoln Square,Entire rental unit,entire home/apt,4,2,2,143,1,74,0.20273972602739726,2,27,33,4.73,4.82,4.58,f,f,198,28314,21
24332190,chicago,Humboldt Park,Entire guesthouse,entire home/apt,7,2,5,170,2,24,0.06575342465753424,2,27,103,4.91,4.68,4.83,t,f,120,20400,49
43125458,chicago,Lincoln Park,Entire rental unit,entire home/apt,2,1,1,235,32,265,0.726027397260274,32,1125,2,4.5,5,4,t,f,128,30080,47
47116347,chicago,Loop,Entire condo,entire home/apt,2,1,1,166,32,91,0.2493150684931507,32,1125,1,5,5,5,f,f,0,0,52
834985028869992919,chicago,Near North Side,Entire rental unit,entire home/apt,6,2,3,234,3,277,0.7589041095890411,2.2849315068493152,1125,139,4.63,4.94,4.66,f,t,255,59670,41
1073362730570677543,chicago,West Town,Entire rental unit,entire home/apt,4,2,2,142,2,165,0.4520547945205479,17.915068493150685,1125,48,4.5,4.73,4.35,f,f,150,21300,44
1401131295439958313,chicago,Portage Park,Entire rental unit,entire home/apt,5,3,3,123,2,90,0.2465753424657534,2,30,20,4.8,4.85,4.7,t,f,120,14760,24
1402304675423265092,chicago,Lake View,Entire rental unit,entire home/apt,2,1,1,108,2,170,0.4657534246575342,2,12.446575342465753,7,4.86,4.86,4.29,f,f,42,4536,37
33363106,chicago,Lake View,Entire rental unit,entire home/apt,16,4,9,384,2,300,0.821917808219178,2,1125,258,4.92,4.95,4.86,t,f,255,97920,77
669222996858014350,chicago,Kenwood,Entire rental unit,entire home/apt,4,2,4,209,1,295,0.8082191780821918,2.736986301369863,298.55342465753426,33,4.97,4.82,4.88,t,f,36,7524,54
956005013785068867,chicago,South Shore,Entire rental unit,entire home/apt,8,4,5,329,2,157,0.4301369863013699,2,365,18,5,4.5,4.94,t,f,24,7896,56
1013255877387797430,chicago,New City,Private room in rental unit,private room,2,1,1,37,32,83,0.2273972602739726,32,365,0,null,null,null,f,f,0,0,36
1325245659802683473,chicago,Loop,Entire rental unit,entire home/apt,2,1,1,199,32,250,0.684931506849315,44.03013698630137,1125,0,null,null,null,f,t,0,0,34
1328482316502513212,chicago,Near North Side,Entire rental unit,entire home/apt,4,2,2,219,2,339,0.9287671232876712,2,365,18,4.44,4.89,4.33,f,f,108,23652,53
1401358674732436634,chicago,Rogers Park,Entire rental unit,entire home/apt,4,2,2,93,2,162,0.4438356164383562,2,30,13,4.46,4.23,4.46,f,f,78,7254,33
1436390764910307884,chicago,Lower West Side,Private room in rental unit,private room,2,1,1,36,2,143,0.3917808219178082,2.0794520547945203,30,7,5,5,4.71,t,t,42,1512,26
1456630106584525852,chicago,Irving Park,Entire guest suite,entire home/apt,2,1,1,134,1,10,0.0273972602739726,2,365,8,5,5,5,f,f,48,6432,28
49462631,chicago,Near North Side,Entire serviced apartment,entire home/apt,6,2,5,320,5,40,0.1095890410958904,4.887671232876713,1125,123,4.89,4.98,4.84,t,f,170,54400,55
1211560870733786290,chicago,Avondale,Entire rental unit,entire home/apt,6,2,3,97,3,190,0.5205479452054794,2.9863013698630136,1125,52,4.98,4.92,4.98,t,f,255,24735,51
1266061914630362916,chicago,Woodlawn,Private room in condo,private room,2,1,1,36,32,281,0.7698630136986301,32,365,2,4.5,5,5,f,f,128,4608,40
1319976735866847631,chicago,Irving Park,Entire rental unit,entire home/apt,5,2,3,164,3,256,0.7013698630136986,3,21,36,5,4.94,4.94,t,f,216,35424,43
1492270844314135945,chicago,Lake View,Entire rental unit,entire home/apt,6,2,3,120,2,151,0.4136986301369863,2,30,0,null,null,null,f,f,0,0,37
34303597,chicago,Lincoln Park,Entire rental unit,entire home/apt,4,1,2,126,33,92,0.25205479452054796,33,180,51,4.78,4.88,4.71,t,t,255,32130,50
51741865,chicago,Lake View,Entire rental unit,entire home/apt,5,2,2,263,2,306,0.8383561643835616,2.9178082191780823,30,43,4.98,5,4.91,t,t,78,20514,39
866916481195578374,chicago,Woodlawn,Entire rental unit,entire home/apt,6,3,3,121,1,264,0.7232876712328767,2,365,22,5,4.41,4.68,f,f,0,0,46
1370127694249628040,chicago,Loop,Entire rental unit,entire home/apt,2,1,1,200,32,244,0.6684931506849315,42.04931506849315,1125,0,null,null,null,f,t,0,0,35
16488400,chicago,Loop,Entire loft,entire home/apt,4,1,1,350,32,88,0.2410958904109589,32,1125,0,null,null,null,f,f,0,0,20
24085799,chicago,Armour Square,Private room in condo,private room,2,1,1,66,32,262,0.7178082191780822,32,1125,206,4.43,4.79,4.57,f,f,192,12672,31
29481624,chicago,Lower West Side,Entire loft,entire home/apt,3,2,2,118,2,227,0.6219178082191781,2,1125,418,4.9,4.86,4.82,t,f,255,30090,57
842749728060157787,chicago,Logan Square,Entire rental unit,entire home/apt,6,4,5,175,2,322,0.8821917808219178,2,1125,75,4.67,4.77,4.67,f,f,150,26250,43
963701505055635229,chicago,Lincoln Park,Entire home,entire home/apt,16,8,9,200,32,269,0.736986301369863,32,365,1,5,5,5,f,f,0,0,29
1369224725451160173,chicago,Loop,Entire rental unit,entire home/apt,2,0,1,106,1,149,0.40821917808219177,2,365,3,5,5,4.67,f,t,18,1908,15
1429792947015178317,chicago,Near South Side,Entire rental unit,entire home/apt,8,3,4,222,2,337,0.9232876712328767,2.536986301369863,1125,13,4.92,4.92,4.77,t,t,78,17316,58
1433510363260068070,chicago,Grand Boulevard,Entire rental unit,entire home/apt,6,2,3,154,2,303,0.8301369863013699,2.6082191780821917,1125,23,4.96,4.87,4.96,f,t,138,21252,48
23076088,chicago,Bridgeport,Entire home,entire home/apt,2,2,3,89,32,264,0.7232876712328767,32,1125,16,4.31,4.75,4.38,f,f,0,0,27
35284235,chicago,Lake View,Entire rental unit,entire home/apt,4,2,2,205,3,140,0.3835616438356164,3,365,112,5,5,4.94,t,f,102,20910,80
48703423,chicago,Lower West Side,Entire rental unit,entire home/apt,6,2,2,135,3,347,0.9506849315068493,3,1125,99,4.88,4.61,4.81,t,f,96,12960,45
766056605942339033,chicago,Logan Square,Entire rental unit,entire home/apt,4,1,3,125,2,61,0.16712328767123288,2,1125,152,4.88,4.93,4.79,t,f,240,30000,58
1010625312610977426,chicago,Near North Side,Entire rental unit,entire home/apt,2,1,1,253,32,76,0.20821917808219179,40.21095890410959,1125,1,5,5,5,f,t,0,0,31
1303214390591183042,chicago,Albany Park,Entire home,entire home/apt,6,3,3,300,32,210,0.5753424657534246,32,365,0,null,null,null,f,t,0,0,16
1457364328221802120,chicago,Near North Side,Room in hotel,private room,2,1,1,206,1,168,0.4602739726027397,1,365,0,null,null,null,f,t,0,0,23
10100747,chicago,East Garfield Park,Private room in home,private room,3,1,2,48,1,299,0.8191780821917808,2,21,450,4.77,4.42,4.81,t,f,255,12240,53
33667922,chicago,Armour Square,Entire condo,entire home/apt,14,4,9,305,2,72,0.19726027397260273,2.287671232876712,1125,118,4.82,4.76,4.76,t,t,126,38430,45
595948293511661289,chicago,Armour Square,Entire condo,entire home/apt,5,3,3,226,2,233,0.6383561643835617,2,1125,86,4.71,4.63,4.66,f,f,108,24408,46
617449893664696358,chicago,Norwood Park,Entire home,entire home/apt,4,2,2,153,2,223,0.6109589041095891,2,5,35,4.97,4.91,4.89,t,f,48,7344,42
722392209236655356,chicago,Logan Square,Private room in home,private room,2,1,1,71,1,265,0.726027397260274,2,1125,65,5,4.95,4.97,f,f,48,3408,40
1015406132816015238,chicago,Lake View,Entire rental unit,entire home/apt,4,1,2,180,2,138,0.3780821917808219,2,1125,115,4.96,4.97,4.82,null,t,255,45900,52
1308812266434747413,chicago,Irving Park,Entire rental unit,entire home/apt,8,3,4,186,2,90,0.2465753424657534,2,365,21,4.71,4.9,4.81,f,f,126,23436,59
51519686,chicago,Grand Boulevard,Entire rental unit,entire home/apt,4,1,2,120,32,34,0.09315068493150686,32,1125,6,5,5,4.83,t,f,192,23040,78
948073378669236963,chicago,Humboldt Park,Entire rental unit,entire home/apt,5,3,4,161,3,340,0.9315068493150684,3,180,79,4.81,4.85,4.81,f,f,228,36708,37
1036306388383552246,chicago,Near North Side,Entire rental unit,entire home/apt,5,2,3,148,120,283,0.7753424657534247,120,365,0,null,null,null,f,f,0,0,14
1416248650096435090,chicago,Lake View,Entire rental unit,entire home/apt,7,3,3,359,1,82,0.22465753424657534,2,1125,2,5,5,5,t,t,12,4308,41
22397026,chicago,Avondale,Entire home,entire home/apt,6,2,4,121,2,1,0.0027397260273972603,2,1125,102,4.98,4.98,4.9,f,f,0,0,38
25191782,chicago,Douglas,Entire guest suite,entire home/apt,4,1,2,126,2,323,0.8849315068493151,2,1125,219,4.89,4.84,4.8,t,f,174,21924,31
44234840,chicago,Near South Side,Entire condo,entire home/apt,6,2,3,322,5,146,0.4,4.8931506849315065,1125,193,4.81,4.94,4.75,null,f,220,70840,64
844199899790461053,chicago,Jefferson Park,Entire home,entire home/apt,2,1,1,63,1,255,0.6986301369863014,2,1125,160,4.9,4.75,4.88,t,f,255,16065,37
941941413832717205,chicago,Near West Side,Entire rental unit,entire home/apt,2,0,1,280,32,175,0.4794520547945205,32,1125,1,5,5,5,null,f,0,0,31
1066601634179342708,chicago,Near North Side,Entire rental unit,entire home/apt,2,1,1,189,32,263,0.7205479452054795,40.12328767123287,1125,0,null,null,null,f,t,0,0,33
1248572810327846055,chicago,Near North Side,Shared room in hotel,shared room,1,1,1,51,1,32,0.08767123287671233,1,365,2,3,4,3.5,f,t,12,612,11
9590401,chicago,Hermosa,Entire rental unit,entire home/apt,7,3,3,77,32,2,0.005479452054794521,31.693150684931506,1125,105,4.79,4.48,4.83,t,f,192,14784,35
27553317,chicago,Near West Side,Entire rental unit,entire home/apt,4,2,2,191,2,33,0.09041095890410959,2,31,271,4.79,4.72,4.68,t,f,102,19482,39
46090808,chicago,Near West Side,Private room in rental unit,private room,2,1,1,76,2,222,0.6082191780821918,2,365,87,4.75,4.84,4.64,f,f,126,9576,44
1147687647342159441,chicago,Near North Side,Entire condo,entire home/apt,4,2,2,225,32,196,0.536986301369863,32,1125,4,5,4.75,4.75,t,f,192,43200,41
1233307324788620410,chicago,Near North Side,Private room in rental unit,private room,1,1,1,72,32,358,0.9808219178082191,32,365,1,5,5,5,f,f,64,4608,15
1308547663849723453,chicago,Near North Side,Entire rental unit,entire home/apt,4,2,2,282,32,301,0.8246575342465754,40.153424657534245,1125,0,null,null,null,f,t,0,0,35
8953380,chicago,Lake View,Private room in home,private room,2,1,1,139,2,327,0.8958904109589041,2,1125,231,4.97,4.99,4.92,t,f,126,17514,35
15132653,chicago,Lake View,Entire rental unit,entire home/apt,5,2,3,236,2,315,0.863013698630137,2,365,265,4.98,4.99,4.89,t,f,228,53808,31
41968147,chicago,Loop,Entire rental unit,entire home/apt,2,1,1,214,32,268,0.7342465753424657,40.12328767123287,1125,1,5,5,5,f,t,0,0,35
51347437,chicago,Irving Park,Private room in casa particular,private room,3,1,1,75,1,68,0.1863013698630137,2,31,78,4.71,4.71,4.67,t,f,114,8550,49
1134351668237383955,chicago,Uptown,Entire rental unit,entire home/apt,2,1,2,98,2,103,0.2821917808219178,3.638356164383562,1125,76,4.93,4.96,4.91,t,f,255,24990,37
1457547211787797549,chicago,Logan Square,Private room in rental unit,private room,2,1,1,35,2,352,0.9643835616438357,2,1125,4,3.75,5,3.75,f,f,24,840,11
1501454777249948669,chicago,Near North Side,Entire rental unit,entire home/apt,2,1,1,163,32,92,0.25205479452054796,32,365,0,null,null,null,f,f,0,0,10
1512466479479253651,chicago,Armour Square,Private room in home,private room,2,1,1,100,1,124,0.33972602739726027,2,365,0,null,null,null,f,t,0,0,18
43098894,chicago,East Garfield Park,Private room in home,private room,2,1,1,40,32,325,0.8904109589041096,32,1125,11,4.27,4.45,4.45,f,f,0,0,30
705815628392534448,chicago,Clearing,Entire home,entire home/apt,10,4,5,374,32,180,0.4931506849315068,32,365,0,null,null,null,f,f,0,0,56
744664821738227617,chicago,Near North Side,Entire rental unit,entire home/apt,4,2,2,305,32,216,0.5917808219178082,40.18082191780822,1125,0,null,null,null,f,t,0,0,34
838689973912642220,chicago,Lake View,Entire rental unit,entire home/apt,8,3,4,307,2,164,0.44931506849315067,2.2849315068493152,1125,33,4.79,4.88,4.64,f,f,0,0,75
1260436774384697745,chicago,Avalon Park,Entire rental unit,entire home/apt,4,2,2,141,2,209,0.5726027397260274,2,365,33,4.85,4.27,4.79,t,t,198,27918,40
1351749710907607221,chicago,South Shore,Entire townhouse,entire home/apt,6,3,3,129,5,140,0.3835616438356164,5.646575342465753,28,20,4.95,4.6,5,t,f,200,25800,46
1381658476850665993,chicago,Humboldt Park,Entire rental unit,entire home/apt,4,2,2,133,1,309,0.8465753424657534,2.221917808219178,365,8,4.75,4.25,4.5,t,t,48,6384,46
1442826719672159032,chicago,Irving Park,Private room in rental unit,private room,1,1,1,58,32,212,0.5808219178082191,32,365,0,null,null,null,f,f,0,0,33
10411427,chicago,East Garfield Park,Private room in home,private room,2,1,1,46,1,297,0.8136986301369863,2,21,540,4.8,4.41,4.85,t,f,255,11730,51
32934782,chicago,Near North Side,Entire condo,entire home/apt,6,2,2,318,2,122,0.33424657534246577,3.095890410958904,1125,164,4.89,4.99,4.81,t,f,126,40068,75
34932141,chicago,Lake View,Entire rental unit,entire home/apt,6,3,5,215,2,43,0.1178082191780822,4.372602739726028,1125,173,4.96,4.9,4.84,t,f,186,39990,54
639745550659737701,chicago,Avondale,Entire home,entire home/apt,6,2,3,134,2,145,0.3972602739726027,2,30,100,4.95,4.88,4.88,t,f,192,25728,47
833411324472756978,chicago,Belmont Cragin,Entire guest suite,entire home/apt,6,3,3,128,32,154,0.42191780821917807,32,1125,11,4.91,4.91,4.55,f,f,0,0,58
1187795053550605866,chicago,Lincoln Square,Private room in home,private room,1,1,1,136,2,261,0.7150684931506849,2,29,1,5,5,5,t,f,6,816,58
1355050809987925121,chicago,Near West Side,Entire rental unit,entire home/apt,2,1,1,196,32,2,0.005479452054794521,32,1125,0,null,null,null,f,t,0,0,33
1369209014408193643,chicago,Loop,Entire rental unit,entire home/apt,2,0,1,106,1,146,0.4,2,365,7,4.86,4.57,4.57,f,t,42,4452,16
5231461,chicago,West Town,Entire condo,entire home/apt,4,2,2,180,3,324,0.8876712328767123,3,14,277,4.93,4.83,4.88,t,f,174,31320,44
744935648948869793,chicago,Chatham,Entire home,entire home/apt,12,5,7,284,32,180,0.4931506849315068,32,365,0,null,null,null,f,f,0,0,62
755934562888126191,chicago,Lake View,Entire townhouse,entire home/apt,4,2,2,167,29,87,0.23835616438356164,29,365,6,5,5,4.67,t,f,0,0,47
983869501052977635,chicago,Edgewater,Entire rental unit,entire home/apt,2,1,1,162,32,177,0.4849315068493151,40.205479452054796,1125,0,null,null,null,f,t,0,0,32
1248374046767674932,chicago,Near North Side,Room in hotel,private room,4,1,4,201,1,32,0.08767123287671233,1,365,15,3.8,4.73,3.27,f,t,90,18090,13
1354155897127370433,chicago,Avondale,Private room in rental unit,private room,1,4,1,39,32,110,0.3013698630136986,32,365,0,null,null,null,f,f,0,0,16
1451632553884396128,chicago,Near North Side,Entire rental unit,entire home/apt,8,2,3,159,1,251,0.6876712328767123,2,45,3,5,5,5,f,t,18,2862,19
7360731,chicago,West Ridge,Private room in home,private room,4,2,2,129,1,147,0.40273972602739727,2,25,25,4.96,4.92,4.88,t,f,12,1548,56
49255953,chicago,Near North Side,Entire serviced apartment,entire home/apt,4,1,1,147,32,175,0.4794520547945205,32,1125,1,5,5,5,t,f,0,0,52
645785693593444324,chicago,Woodlawn,Entire rental unit,entire home/apt,4,2,0,118,2,59,0.16164383561643836,2,60,49,4.76,4.06,4.63,t,f,156,18408,38
1279349658525413925,chicago,Kenwood,Private room in rental unit,private room,2,1,1,45,32,280,0.7671232876712328,32,1125,0,null,null,null,f,t,0,0,40
1325244402056268619,chicago,Near North Side,Entire rental unit,entire home/apt,2,1,1,236,32,223,0.6109589041095891,40.136986301369866,1125,0,null,null,null,f,t,0,0,34
1426396476156681886,chicago,Lake View,Entire rental unit,entire home/apt,4,2,2,285,2,351,0.9616438356164384,2.5232876712328767,180,10,4.9,5,4.8,t,f,60,17100,43
21817363,chicago,Albany Park,Entire rental unit,entire home/apt,6,3,3,126,32,180,0.4931506849315068,32,1125,435,4.84,4.73,4.86,t,f,255,32130,37
41455518,chicago,Avondale,Entire guest suite,entire home/apt,2,1,1,114,2,66,0.18082191780821918,2,14,143,4.94,4.97,4.85,t,f,255,29070,45
947581269026310419,chicago,Near North Side,Entire condo,entire home/apt,4,1,2,117,32,207,0.5671232876712329,32,365,10,4.9,5,4.6,t,f,255,29835,34
1308301795181486711,chicago,Irving Park,Entire rental unit,entire home/apt,4,1,1,126,2,282,0.7726027397260274,2,365,3,5,4.67,5,t,t,18,2268,48
1403405556192676515,chicago,Rogers Park,Entire rental unit,entire home/apt,2,1,1,86,2,159,0.43561643835616437,2,30,19,4.63,4.79,4.58,f,f,114,9804,38
5117490,chicago,West Town,Private room in home,private room,2,1,1,123,28,62,0.16986301369863013,28,150,199,4.92,4.83,4.91,t,f,255,31365,68
15149053,chicago,West Town,Private room in home,private room,2,1,1,102,2,49,0.13424657534246576,2.010958904109589,1125,156,4.97,4.89,4.87,t,t,132,13464,40
36835843,chicago,Woodlawn,Private room in rental unit,private room,1,1,1,42,32,337,0.9232876712328767,32,1125,21,4.81,4.48,4.67,t,f,192,8064,36
48862362,chicago,Rogers Park,Entire rental unit,entire home/apt,4,2,2,103,3,24,0.06575342465753424,2.956164383561644,1125,92,4.47,4.65,4.37,f,t,168,17304,20
734866721750281735,chicago,Portage Park,Entire rental unit,entire home/apt,2,1,1,89,2,262,0.7178082191780822,2.8547945205479452,1125,61,4.61,4.67,4.51,f,t,120,10680,39
899292016907591427,chicago,Avondale,Entire rental unit,entire home/apt,5,2,3,111,1,85,0.2328767123287671,2,10,36,4.94,4.94,4.83,t,f,90,9990,47
1061562304886176439,chicago,Loop,Room in hotel,private room,2,0,1,114,1,315,0.863013698630137,1,365,61,4.85,4.87,4.7,t,t,255,29070,29
1245111380885277377,chicago,Loop,Entire rental unit,entire home/apt,5,2,2,224,5,58,0.1589041095890411,4.863013698630137,365,35,4.94,4.91,4.83,t,f,255,57120,52
1442324843684515327,chicago,Norwood Park,Entire home,entire home/apt,13,5,6,240,32,275,0.7534246575342466,32,180,0,null,null,null,f,t,0,0,51
634655043034465784,chicago,Lincoln Park,Entire condo,entire home/apt,6,2,3,323,3,225,0.6164383561643836,3,1125,35,4.83,4.97,4.6,t,f,78,25194,56
749405907882970935,chicago,Edgewater,Entire condo,entire home/apt,3,1,1,133,32,70,0.1917808219178082,32,365,0,null,null,null,f,f,0,0,16
1050363254655317916,chicago,Roseland,Entire home,entire home/apt,10,3,6,184,2,227,0.6219178082191781,2.2164383561643834,90,85,4.88,4.08,4.79,t,f,255,46920,59
1413993174602306608,chicago,West Town,Entire rental unit,entire home/apt,6,2,2,73,1,106,0.29041095890410956,2,365,6,3.33,4.5,3.17,f,t,36,2628,45
6945901,chicago,Logan Square,Entire rental unit,entire home/apt,3,2,2,98,3,54,0.14794520547945206,3,1125,79,4.86,4.74,4.85,t,f,204,19992,37
7678127,chicago,Lake View,Entire serviced apartment,entire home/apt,10,3,3,306,2,152,0.41643835616438357,2,1125,363,4.84,4.96,4.79,t,f,162,49572,43
19802859,chicago,West Town,Private room in rental unit,private room,2,1,1,91,2,3,0.00821917808219178,2,30,28,5,4.86,4.93,t,f,36,3276,20
44085884,chicago,Near North Side,Entire condo,entire home/apt,2,1,1,113,32,138,0.3780821917808219,32,730,20,4.95,5,4.95,t,f,255,28815,26
46276229,chicago,Lincoln Square,Entire condo,entire home/apt,2,1,1,100,3,33,0.09041095890410959,2.9972602739726026,28,50,4.7,4.24,4.41,f,f,102,10200,50
47334435,chicago,Lake View,Entire rental unit,entire home/apt,4,2,2,297,2,157,0.4301369863013699,2,30,138,5,4.99,4.86,t,f,222,65934,55
613836997434550887,chicago,Brighton Park,Entire rental unit,entire home/apt,8,3,4,119,2,336,0.9205479452054794,2.2849315068493152,1125,124,4.73,4.56,4.69,t,f,204,24276,50
701987560432934044,chicago,Near West Side,Entire rental unit,entire home/apt,2,1,1,189,32,248,0.6794520547945205,40.11232876712329,1125,0,null,null,null,f,t,0,0,32
734851598384432592,chicago,Rogers Park,Entire rental unit,entire home/apt,2,1,1,81,2,252,0.6904109589041096,2.2794520547945205,1125,74,4.77,4.85,4.62,f,f,108,8748,42
819785499829050358,chicago,Rogers Park,Private room in home,private room,2,3,3,80,1,159,0.43561643835616437,2,180,48,5,4.98,5,t,f,186,14880,16
826036071911122222,chicago,Near South Side,Entire rental unit,entire home/apt,4,1,2,75,15,161,0.4410958904109589,15,365,0,null,null,null,f,f,0,0,11
1041220523551238802,chicago,Grand Boulevard,Private room in condo,private room,2,1,1,45,1,221,0.6054794520547945,2,1125,20,4.75,4.45,4.75,f,f,108,4860,39
51751554,chicago,Lower West Side,Entire loft,entire home/apt,2,0,1,69,3,188,0.5150684931506849,3,1125,150,4.69,4.79,4.68,f,f,198,13662,23
53930197,chicago,Near West Side,Entire rental unit,entire home/apt,2,1,1,197,32,286,0.7835616438356164,40.14794520547945,1125,0,null,null,null,f,t,0,0,33
1341272526724076481,chicago,Near West Side,Entire rental unit,entire home/apt,2,1,1,190,32,8,0.021917808219178082,32.657534246575345,1125,0,null,null,null,f,t,0,0,32
1429683444432323073,chicago,Near South Side,Entire rental unit,entire home/apt,6,2,3,182,2,323,0.8849315068493151,2.547945205479452,1125,11,4.91,4.91,4.82,t,t,66,12012,64
21922221,chicago,Avondale,Private room in bungalow,private room,1,1,1,35,60,193,0.5287671232876713,60,365,6,5,4.83,5,f,f,0,0,34
1065789316113634299,chicago,Near North Side,Entire rental unit,entire home/apt,2,1,1,201,32,208,0.5698630136986301,40.23013698630137,1125,0,null,null,null,f,t,0,0,32
1312453744191648612,chicago,North Center,Entire rental unit,entire home/apt,3,1,1,105,32,178,0.4876712328767123,32,365,0,null,null,null,f,f,0,0,28
1401607465309448250,chicago,Hyde Park,Entire rental unit,entire home/apt,6,3,3,138,2,157,0.4301369863013699,2,30,20,4.55,4.75,4.5,t,f,120,16560,40
1403144065183162274,chicago,Lake View,Entire rental unit,entire home/apt,4,2,2,121,2,167,0.4575342465753425,2,11.323287671232876,56,4.64,4.63,4.54,f,f,255,30855,39
14449619,chicago,West Town,Private room in condo,private room,2,1,1,76,2,213,0.5835616438356165,2,1125,334,4.93,4.94,4.85,t,f,132,10032,41
21272387,chicago,Logan Square,Entire guest suite,entire home/apt,2,1,1,133,2,228,0.6246575342465753,2,1125,309,4.97,5,4.92,t,f,255,33915,50
41166856,chicago,Loop,Entire rental unit,entire home/apt,2,1,1,202,32,175,0.4794520547945205,40.205479452054796,1125,3,5,5,4.33,f,t,0,0,31
48326302,chicago,West Town,Entire rental unit,entire home/apt,6,3,4,208,3,162,0.4438356164383562,13.364383561643836,1125,156,4.79,4.83,4.72,f,f,156,32448,64
658174043006808192,chicago,South Lawndale,Private room in home,private room,1,1,1,55,2,177,0.4849315068493151,2,27,31,4.55,3.97,4.29,f,f,66,3630,31
761071522423068825,chicago,Rogers Park,Entire condo,entire home/apt,4,2,2,119,3,26,0.07123287671232877,3,365,6,4,3.67,4.17,f,f,0,0,51
773277395382707715,chicago,Lake View,Private room in rental unit,private room,1,1,1,74,2,345,0.9452054794520548,2,90,117,4.95,4.9,4.86,t,f,255,18870,47
823273576559656432,chicago,Albany Park,Entire condo,entire home/apt,6,3,4,174,1,329,0.9013698630136986,2.9945205479452053,365,43,4.95,4.91,4.84,f,f,60,10440,45
1049735510251351807,chicago,Near North Side,Entire rental unit,entire home/apt,2,1,1,177,32,332,0.9095890410958904,40.134246575342466,1125,1,1,4,1,f,t,0,0,33
1225696519822610803,chicago,Grand Boulevard,Entire condo,entire home/apt,4,2,2,182,3,66,0.18082191780821918,3,365,21,5,4.62,4.76,t,f,120,21840,45
1402293335810630371,chicago,West Garfield Park,Private room in home,private room,1,3,1,25,5,327,0.8958904109589041,5,365,4,4,4.75,4,f,f,40,1000,30
9907337,seattle,Green Lake,Entire guest suite,entire home/apt,4,2,2,212,3,243,0.6657534246575343,3,1125,167,4.97,4.99,4.86,t,f,108,22896,41
12379796,seattle,Wallingford,Entire rental unit,entire home/apt,2,1,1,65,30,283,0.7753424657534247,30,150,47,4.87,4.85,4.87,t,f,0,0,35
23075059,seattle,Belltown,Entire rental unit,entire home/apt,3,0,2,108,3,150,0.410958904109589,2.7013698630136984,1125,422,4.89,4.92,4.78,t,f,255,27540,44
53919043,seattle,Alki,Entire townhouse,entire home/apt,4,2,2,201,2,169,0.46301369863013697,2.5287671232876714,1125,67,4.97,4.97,4.87,t,f,78,15678,65
695710250281871793,seattle,Broadway,Entire rental unit,entire home/apt,6,2,3,298,2,335,0.9178082191780822,2,365,92,4.95,4.84,4.85,t,f,168,50064,56
698533299582997817,seattle,West Woodland,Entire cottage,entire home/apt,2,1,2,77,2,89,0.24383561643835616,2,1125,65,4.91,4.98,4.91,t,f,255,19635,56
785469105591142352,seattle,Fairmount Park,Entire home,entire home/apt,4,2,2,157,2,147,0.40273972602739727,2.0027397260273974,1125,167,4.95,4.97,4.93,t,t,255,40035,63
987043314473540383,seattle,Wedgwood,Entire townhouse,entire home/apt,6,3,4,189,3,206,0.5643835616438356,4.756164383561644,365,16,4.88,4.69,4.81,t,f,30,5670,58
1124770932118114276,seattle,University District,Entire rental unit,entire home/apt,2,0,0,109,30,213,0.5835616438356165,30,365,6,4.83,4.5,4.83,t,f,240,26160,44
1127649768503294698,seattle,Adams,Entire rental unit,entire home/apt,4,2,2,137,1,237,0.6493150684931507,2.7150684931506848,365,27,4.93,4.93,4.74,null,f,162,22194,33
1339547740395323597,seattle,Belltown,Entire rental unit,entire home/apt,4,1,2,156,2,237,0.6493150684931507,1.284931506849315,27,37,4.73,4.97,4.59,t,f,222,34632,62
1434556447470279298,seattle,Atlantic,Entire rental unit,entire home/apt,2,0,1,70,30,145,0.3972602739726027,30,365,0,null,null,null,f,f,0,0,8
46928633,seattle,Green Lake,Private room in condo,private room,1,1,2,200,30,86,0.2356164383561644,30,60,8,4.88,4.25,4.5,f,f,0,0,50
49406615,seattle,Seaview,Entire home,entire home/apt,4,1,2,104,5,169,0.46301369863013697,4.978082191780822,365,43,4.95,4.98,4.95,t,f,210,21840,66
52187857,seattle,Broadway,Private room in bed and breakfast,private room,2,1,1,157,2,150,0.410958904109589,1.5780821917808219,15,121,4.88,4.97,4.76,t,f,48,7536,33
1185524753016676346,seattle,Greenwood,Entire home,entire home/apt,3,1,1,192,2,64,0.17534246575342466,2,29,55,4.95,4.95,4.84,t,f,192,36864,55
1199302285183032820,seattle,Columbia City,Entire rental unit,entire home/apt,2,0,1,82,2,177,0.4849315068493151,2,14,23,4.74,4.43,4.65,t,f,102,8364,40
3469590,seattle,Mann,Entire home,entire home/apt,4,3,3,185,30,49,0.13424657534246576,30,30,44,4.82,4.64,4.8,f,f,0,0,23
16602889,seattle,University District,Entire guest suite,entire home/apt,2,1,1,184,1,89,0.24383561643835616,1.0082191780821919,1125,205,4.84,4.94,4.77,t,f,54,9936,54
940611419726672486,seattle,Haller Lake,Entire rental unit,entire home/apt,2,1,1,165,30,146,0.4,30,469.1095890410959,10,4.9,4.3,4.7,t,f,60,9900,64
1085937067923470996,seattle,Arbor Heights,Tiny home,entire home/apt,2,0,1,108,2,83,0.2273972602739726,5.926027397260274,1125,60,4.97,4.93,4.9,t,f,216,23328,49
1110906038588331072,seattle,Seaview,Entire home,entire home/apt,6,1,3,275,3,179,0.4904109589041096,3,10,7,5,5,4.86,f,f,30,8250,59
1152278992405471970,seattle,Stevens,Tiny home,entire home/apt,4,1,2,179,3,260,0.7123287671232876,2.786301369863014,1125,21,5,5,4.86,t,t,90,16110,38
1237268646973867171,seattle,Wallingford,Entire guest suite,entire home/apt,2,1,1,177,1,81,0.2219178082191781,1,10,11,5,5,4.73,f,f,66,11682,46
1506034651950583737,seattle,Wallingford,Entire home,entire home/apt,4,2,2,198,5,299,0.8191780821917808,8.265753424657534,365,0,null,null,null,t,f,0,0,21
17825371,seattle,Seward Park,Entire home,entire home/apt,6,3,3,203,30,87,0.23835616438356164,30,1125,4,5,5,5,f,f,0,0,48
28411010,seattle,Broadway,Entire rental unit,entire home/apt,3,1,1,128,1,174,0.4767123287671233,2.884931506849315,1125,481,4.87,4.92,4.74,t,t,255,32640,51
53298186,seattle,Pinehurst,Entire home,entire home/apt,3,1,1,91,1,249,0.6821917808219178,1.4301369863013698,28,83,4.94,4.93,4.93,t,f,126,11466,38
545636290238959308,seattle,East Queen Anne,Entire guest suite,entire home/apt,6,2,3,261,1,165,0.4520547945205479,1.4301369863013698,90,51,4.98,4.88,4.84,t,f,114,29754,56
890524341736089149,seattle,Wedgwood,Entire home,entire home/apt,6,3,4,215,2,235,0.6438356164383562,2,1125,34,4.94,4.94,4.97,f,t,108,23220,63
1045288638995583887,seattle,Belltown,Room in hotel,private room,2,1,1,182,30,111,0.3041095890410959,1,517.8191780821918,55,4.27,4.75,4.05,f,t,120,21840,23
34781110,seattle,Haller Lake,Entire home,entire home/apt,4,1,2,127,30,266,0.7287671232876712,30,1125,26,4.96,4.88,4.73,f,t,0,0,34
1385122969182216985,seattle,Madrona,Entire home,entire home/apt,3,1,2,159,2,131,0.3589041095890411,2,30,31,4.97,4.97,4.97,t,f,186,29574,42
1482766598374682618,seattle,Fauntleroy,Entire home,entire home/apt,4,1,2,105,1,258,0.7068493150684931,3.106849315068493,1125,4,5,5,5,t,f,24,2520,36
39907322,seattle,North Delridge,Entire home,entire home/apt,5,2,3,156,2,202,0.5534246575342465,2,1125,128,4.89,4.8,4.81,t,f,96,14976,70
43861016,seattle,Lawton Park,Entire guesthouse,entire home/apt,3,0,2,95,2,233,0.6383561643835617,2,21,247,4.97,4.95,4.91,t,f,255,24225,31
52540003,seattle,Atlantic,Entire guest suite,entire home/apt,5,2,2,128,1,258,0.7068493150684931,1,1125,227,4.85,4.81,4.78,t,f,222,28416,48
651424520093981671,seattle,Bryant,Private room in home,private room,2,1,1,52,1,202,0.5534246575342465,1,1125,62,4.5,4.77,4.52,f,t,84,4368,49
966239523394517048,seattle,International District,Room in hotel,private room,4,1,2,151,1,267,0.7315068493150685,1,29,16,4.19,4.25,4.06,f,t,54,8154,30
1170258262429514757,seattle,Maple Leaf,Entire rental unit,entire home/apt,2,1,1,99,2,239,0.6547945205479452,2,365,49,4.9,4.94,4.85,t,f,204,20196,49
1187071175004234369,seattle,Maple Leaf,Private room in home,private room,1,1,1,41,4,327,0.8958904109589041,4,100,11,4.82,4.64,4.73,t,f,8,328,42
1290645194630751600,seattle,Olympic Hills,Private room in home,private room,1,1,1,39,30,266,0.7287671232876712,30,365,0,null,null,null,t,f,0,0,45
1419677619781848323,seattle,North Queen Anne,Entire home,entire home/apt,8,3,4,215,1,81,0.2219178082191781,1.284931506849315,365,14,4.93,4.71,4.71,t,f,84,18060,50
1494918200733832482,seattle,West Queen Anne,Private room in home,private room,2,1,1,51,1,67,0.18356164383561643,1,29,3,4.67,5,4,f,f,18,918,32
1513800400757287947,seattle,Rainier Beach,Private room in home,private room,2,1,1,50,30,246,0.673972602739726,30,1125,0,null,null,null,f,t,0,0,11
6991188,seattle,Minor,Entire rental unit,entire home/apt,4,1,3,154,3,322,0.8821917808219178,3,1125,439,4.87,4.88,4.83,t,t,222,34188,52
54397152,seattle,Minor,Private room in home,private room,3,1,1,75,1,1,0.0027397260273972603,1,60,158,4.99,4.91,4.85,t,f,255,19125,49
826562466284879756,seattle,Yesler Terrace,Entire rental unit,entire home/apt,2,1,1,142,31,261,0.7150684931506849,38.221917808219175,1125,0,null,null,null,f,t,0,0,32
873398619573406008,seattle,Fairmount Park,Entire townhouse,entire home/apt,4,2,2,211,2,48,0.13150684931506848,1,1125,42,4.81,4.69,4.64,f,f,60,12660,54
908266533940228783,seattle,Minor,Private room in home,private room,1,1,1,70,30,84,0.23013698630136986,30,40,0,null,null,null,f,f,0,0,36
951615014529972539,seattle,North Beacon Hill,Entire home,entire home/apt,4,2,3,161,3,85,0.2328767123287671,2.9616438356164383,1125,144,4.93,4.76,4.87,null,f,255,41055,41
1016001696775451898,seattle,University District,Entire home,entire home/apt,6,2,3,222,2,162,0.4438356164383562,2.8383561643835615,365,32,4.84,4.75,4.75,t,f,84,18648,58
1305255116776974970,seattle,North Beach/Blue Ridge,Private room in home,private room,3,2,2,92,2,267,0.7315068493150685,1.4301369863013698,1125,15,4.87,5,4.86,t,f,90,8280,62
1320889805564365190,seattle,North Queen Anne,Entire home,entire home/apt,14,4,7,226,30,74,0.20273972602739726,4.597260273972603,1125,3,3.33,4.67,3,f,f,180,40680,25
1419941479392186548,seattle,Fremont,Entire home,entire home/apt,7,3,4,179,2,313,0.8575342465753425,1.9972602739726026,1125,22,4.95,5,4.95,f,f,132,23628,51
1423262814997006353,seattle,West Queen Anne,Entire cottage,entire home/apt,3,1,1,102,3,290,0.7945205479452054,3.4356164383561643,365,34,4.97,5,4.91,t,t,204,20808,48
1446737710056129923,seattle,Fauntleroy,Entire rental unit,entire home/apt,4,1,2,214,2,85,0.2328767123287671,5.989041095890411,29.14246575342466,0,null,null,null,f,f,0,0,16
33531706,seattle,Haller Lake,Private room in home,private room,2,1,1,50,14,144,0.39452054794520547,14,1125,32,4.81,4.72,4.75,t,f,255,12750,52
49598714,seattle,Fremont,Entire guesthouse,entire home/apt,3,0,1,82,1,64,0.17534246575342466,5.227397260273973,1125,236,4.87,4.94,4.8,t,f,255,20910,49
53432514,seattle,Lawton Park,Entire townhouse,entire home/apt,2,1,1,295,30,200,0.547945205479452,30,1125,14,5,5,4.93,t,f,240,70800,34
1026110723385591832,seattle,Atlantic,Entire townhouse,entire home/apt,4,2,2,109,50,169,0.46301369863013697,50,150,2,5,5,5,f,f,100,10900,48
1086592632845214960,seattle,University District,Entire rental unit,entire home/apt,6,3,3,137,2,164,0.44931506849315067,2,365,71,4.83,4.8,4.72,t,f,222,30414,47
1371290510113125640,seattle,Atlantic,Entire rental unit,entire home/apt,2,1,1,62,30,208,0.5698630136986301,30,365,0,null,null,null,f,t,0,0,12
1456915795477457401,seattle,Mid-Beacon Hill,Entire home,entire home/apt,9,3,6,207,2,233,0.6383561643835617,1.2904109589041095,1125,11,5,5,5,f,f,66,13662,59
8902327,seattle,Portage Bay,Entire condo,entire home/apt,4,1,3,127,30,117,0.32054794520547947,30,240,387,4.95,4.94,4.87,t,f,180,22860,32
18630803,seattle,North Beacon Hill,Entire guest suite,entire home/apt,2,1,1,127,3,14,0.038356164383561646,3,1125,319,4.96,4.88,4.9,t,f,162,20574,51
772423437416351327,seattle,Wallingford,Entire guesthouse,entire home/apt,2,1,1,130,9,226,0.6191780821917808,9,182,22,5,5,4.91,t,f,90,11700,55
4286182,seattle,Mann,Entire rental unit,entire home/apt,2,1,1,134,2,114,0.31232876712328766,2,1125,299,4.97,4.93,4.87,t,f,138,18492,57
13141142,seattle,Wallingford,Entire rental unit,entire home/apt,2,1,2,124,30,291,0.7972602739726027,30,1125,56,4.73,4.85,4.64,t,f,180,22320,24
14855437,seattle,West Woodland,Private room in townhouse,private room,2,1,1,64,30,48,0.13150684931506848,30,1125,135,4.95,4.89,4.87,f,f,0,0,35
47822303,seattle,Pike-Market,Entire rental unit,entire home/apt,2,1,1,183,31,215,0.589041095890411,38.295890410958904,1125,1,5,5,5,f,t,0,0,32
668895842634640684,seattle,North Beach/Blue Ridge,Entire guest suite,entire home/apt,2,0,1,153,1,161,0.4410958904109589,1,5,109,4.95,4.92,4.89,t,f,156,23868,52
969856762598277328,seattle,Wallingford,Entire townhouse,entire home/apt,4,2,2,194,2,352,0.9643835616438357,3.208219178082192,231.54520547945205,52,4.87,4.85,4.69,f,t,114,22116,42
1065692938755668123,seattle,First Hill,Entire condo,entire home/apt,4,1,2,151,2,343,0.9397260273972603,3.287671232876712,809.4246575342465,44,4.8,4.84,4.7,t,f,126,19026,51
9887142,seattle,Wedgwood,Entire home,entire home/apt,4,2,2,105,4,69,0.18904109589041096,3.9835616438356163,30,218,4.83,4.88,4.86,t,f,208,21840,32
15554062,seattle,Belltown,Entire condo,entire home/apt,2,0,1,149,3,47,0.12876712328767123,2.8684931506849316,21,560,4.95,4.95,4.87,t,t,255,37995,40
613728741973486179,seattle,Belltown,Entire condo,entire home/apt,5,2,3,168,1,255,0.6986301369863014,1.3342465753424657,1125,170,4.8,4.92,4.68,t,t,255,42840,61
1381416956317184112,seattle,North Delridge,Entire home,entire home/apt,6,3,3,248,2,87,0.23835616438356164,2,1125,6,5,5,5,t,f,36,8928,54
5581705,seattle,Roosevelt,Entire rental unit,entire home/apt,4,1,2,136,2,255,0.6986301369863014,1.284931506849315,1125,172,4.84,4.92,4.78,t,f,66,8976,52
36491125,seattle,First Hill,Entire condo,entire home/apt,2,1,2,147,3,121,0.3315068493150685,11.561643835616438,1125,50,4.96,4.98,4.94,t,f,42,6174,48
49796935,seattle,University District,Entire rental unit,entire home/apt,4,1,3,108,1,127,0.34794520547945207,1,1125,8,4.25,4.63,3.63,f,f,0,0,37
53917635,seattle,Central Business District,Entire rental unit,entire home/apt,2,1,1,271,31,209,0.5726027397260274,38.32876712328767,1125,0,null,null,null,f,t,0,0,32
1083714601682222551,seattle,Eastlake,Entire rental unit,entire home/apt,3,1,1,72,30,250,0.684931506849315,30,270,2,4,4,4,f,f,120,8640,47
1268298206235027970,seattle,Roosevelt,Entire townhouse,entire home/apt,7,3,3,228,2,175,0.4794520547945205,2.835616438356164,213.03835616438357,2,5,5,5,t,f,12,2736,44
1421131042701522300,seattle,North Delridge,Shipping container,entire home/apt,2,1,1,115,2,79,0.21643835616438356,2,30,1,5,5,5,t,f,6,690,36
48801924,seattle,Broadway,Entire rental unit,entire home/apt,2,0,1,158,31,109,0.29863013698630136,31,1125,1,5,5,5,f,f,0,0,30
656071664371697729,seattle,Greenwood,Entire home,entire home/apt,4,2,2,137,1,18,0.049315068493150684,1.1424657534246576,1125,119,4.96,4.85,4.88,t,f,255,34935,53
669747938894499321,seattle,Eastlake,Entire townhouse,entire home/apt,6,2,2,249,2,140,0.3835616438356164,2,30,90,4.93,4.82,4.83,t,f,168,41832,68
884022569601206142,seattle,High Point,Entire home,entire home/apt,7,2,3,205,2,96,0.26301369863013696,2,1125,23,4.65,4.26,4.48,f,f,42,8610,55
1100874267727869720,seattle,Lawton Park,Entire home,entire home/apt,4,2,2,146,2,229,0.6273972602739726,1.9945205479452055,14,67,4.96,4.91,4.81,t,t,255,37230,50
1482618617378444081,seattle,Madison Park,Entire home,entire home/apt,5,3,4,307,4,79,0.21643835616438356,4,28,1,5,5,5,t,f,8,2456,52
13925303,seattle,University District,Private room in home,private room,1,1,1,60,2,235,0.6438356164383562,2,1125,84,4.68,4.77,4.56,t,t,18,1080,47
15832847,seattle,Pioneer Square,Entire loft,entire home/apt,3,1,2,130,30,254,0.6958904109589041,2.0767123287671234,1125,185,4.88,4.74,4.69,t,f,255,33150,31
33690503,seattle,Belltown,Entire condo,entire home/apt,3,1,2,99,3,208,0.5698630136986301,10.01095890410959,1125,329,4.91,4.96,4.81,t,f,255,25245,32
41381981,seattle,Belltown,Entire condo,entire home/apt,2,0,1,172,2,98,0.2684931506849315,1.9835616438356165,1125,453,4.81,4.9,4.7,null,f,255,43860,41
43461448,seattle,Rainier Beach,Entire home,entire home/apt,6,3,4,176,30,252,0.6904109589041096,30,1125,45,4.98,4.87,4.93,t,f,180,31680,71
1188340633648374520,seattle,North Delridge,Entire townhouse,entire home/apt,5,2,2,124,2,324,0.8876712328767123,2,27,51,4.73,4.86,4.71,t,t,252,31248,50
1254492526420986578,seattle,Broadway,Entire townhouse,entire home/apt,4,2,2,209,2,338,0.9260273972602739,2,29,52,4.96,4.92,4.85,t,f,255,53295,67
1333125018634980770,seattle,Haller Lake,Shared room in home,shared room,1,1,1,20,1,86,0.2356164383561644,1,14,34,4.62,4.65,4.59,t,t,204,4080,40
5900224,seattle,Belltown,Entire condo,entire home/apt,2,0,1,142,3,229,0.6273972602739726,2.989041095890411,1125,375,4.94,4.93,4.84,t,f,210,29820,58
19213509,seattle,Riverview,Entire home,entire home/apt,9,3,5,183,7,237,0.6493150684931507,7,360,129,4.84,4.84,4.81,t,f,98,17934,39
24433183,seattle,Minor,Entire home,entire home/apt,2,1,2,128,2,76,0.20821917808219179,2.43013698630137,15,124,4.96,4.98,4.86,t,f,78,9984,28
42201985,seattle,Greenwood,Private room in home,private room,2,1,1,90,2,312,0.8547945205479452,2,21,183,4.98,4.98,4.95,t,f,144,12960,44
49798584,seattle,West Queen Anne,Entire guesthouse,entire home/apt,2,0,1,237,1,120,0.3287671232876712,1.1369863013698631,1125,175,4.99,4.98,4.91,t,f,174,41238,54
54397466,seattle,Matthews Beach,Entire home,entire home/apt,7,3,4,133,30,158,0.4328767123287671,3.495890410958904,365,106,4.63,4.73,4.65,t,t,255,33915,54
541742334983011345,seattle,Ravenna,Entire home,entire home/apt,7,4,4,231,2,60,0.1643835616438356,2.287671232876712,1125,78,4.94,4.99,4.9,t,t,120,27720,57
756167625428804683,seattle,West Woodland,Entire home,entire home/apt,8,4,5,160,2,47,0.12876712328767123,2.208219178082192,365,94,4.9,4.84,4.69,t,f,240,38400,56
27984069,seattle,Greenwood,Entire guest suite,entire home/apt,2,0,1,96,3,254,0.6958904109589041,3.136986301369863,1125,169,4.94,4.91,4.83,t,f,138,13248,42
49907715,seattle,North Beacon Hill,Private room in townhouse,private room,2,1,1,71,2,65,0.1780821917808219,2.2575342465753425,1125,192,4.93,4.72,4.8,t,f,210,14910,24
640779949060127513,seattle,Madison Park,Entire townhouse,entire home/apt,4,2,3,233,30,62,0.16986301369863013,30,240,1,3,5,2,f,f,60,13980,50
868960031210515615,seattle,Yesler Terrace,Entire loft,entire home/apt,2,1,1,103,1,262,0.7178082191780822,2.5643835616438357,1125,149,4.72,4.63,4.54,f,t,96,9888,26
1148272701259624034,seattle,Bryant,Entire rental unit,entire home/apt,2,0,1,140,30,269,0.736986301369863,30,365,0,null,null,null,f,f,0,0,6
637710,seattle,Fremont,Entire home,entire home/apt,8,3,6,222,2,337,0.9232876712328767,2,75,171,4.81,4.95,4.73,f,f,66,14652,39
19553691,seattle,Leschi,Entire home,entire home/apt,2,1,1,176,3,64,0.17534246575342466,3,1125,61,4.93,4.83,4.63,t,f,48,8448,55
31116686,seattle,Mount Baker,Entire home,entire home/apt,6,2,4,114,1,70,0.1917808219178082,1,1125,103,4.83,4.8,4.77,f,t,96,10944,56
39561422,seattle,North Beacon Hill,Tiny home,entire home/apt,2,1,1,116,2,131,0.3589041095890411,2,1125,362,4.98,4.94,4.92,t,f,255,29580,57
53888431,seattle,High Point,Entire home,entire home/apt,4,2,2,138,1,14,0.038356164383561646,1.0602739726027397,365,37,5,4.97,4.92,t,f,84,11592,48
655104930835168783,seattle,Belltown,Entire loft,entire home/apt,6,2,2,194,1,301,0.8246575342465754,1,1125,183,4.87,4.95,4.75,t,f,222,43068,61
675324739303021108,seattle,Columbia City,Entire rental unit,entire home/apt,4,1,2,133,30,103,0.2821917808219178,30,1101.0767123287671,8,5,5,4.88,t,f,180,23940,55
1111184528616795599,seattle,East Queen Anne,Entire condo,entire home/apt,2,1,1,175,1,82,0.22465753424657534,1,29,11,4.73,4.91,4.73,f,f,60,10500,66
15700294,seattle,Belltown,Entire condo,entire home/apt,2,0,1,100,30,328,0.8986301369863013,30,1125,27,4.85,4.78,4.89,t,f,240,24000,32
1101532843240499164,seattle,Seward Park,Entire home,entire home/apt,4,3,4,156,30,253,0.6931506849315069,30,1125,10,4.9,4.9,4.6,t,f,255,39780,60
1145272634428660260,seattle,Alki,Entire guest suite,entire home/apt,4,2,3,139,4,286,0.7835616438356164,3.180821917808219,365,40,4.93,4.98,4.9,t,f,176,24464,43
15299612,seattle,Adams,Entire home,entire home/apt,2,1,1,147,3,59,0.16164383561643836,3,1125,338,4.88,4.94,4.83,t,f,156,22932,46
36595243,seattle,Maple Leaf,Entire cottage,entire home/apt,5,1,2,99,5,113,0.3095890410958904,5,1125,72,4.99,4.97,4.97,t,f,60,5940,72
46452459,seattle,South Delridge,Entire guesthouse,entire home/apt,5,2,3,109,1,222,0.6082191780821918,1.284931506849315,1125,212,4.92,4.91,4.91,t,f,255,27795,40
624309889754626864,seattle,Wallingford,Entire home,entire home/apt,12,4,6,243,1,84,0.23013698630136986,1,1125,79,4.65,4.9,4.56,f,t,60,14580,65
724758795134613886,seattle,Crown Hill,Entire rental unit,entire home/apt,5,1,3,110,2,226,0.6191780821917808,1.284931506849315,1125,90,4.91,4.91,4.89,t,f,255,28050,53
1131327955732191309,seattle,North Delridge,Entire guest suite,entire home/apt,3,1,2,89,1,86,0.2356164383561644,1.336986301369863,365,57,4.82,4.53,4.68,null,t,162,14418,32
1400906065390075150,seattle,Eastlake,Entire home,entire home/apt,6,2,2,270,30,313,0.8575342465753425,30,365,1,5,5,4,f,t,60,16200,50
3689461,seattle,First Hill,Entire condo,entire home/apt,2,0,1,194,3,246,0.673972602739726,3,1125,58,5,4.95,4.95,t,f,132,25608,36
14696993,seattle,Wallingford,Entire guesthouse,entire home/apt,2,1,1,107,3,47,0.12876712328767123,2.9945205479452053,1125,328,4.88,4.93,4.87,t,t,114,12198,43
26441475,seattle,Phinney Ridge,Entire guest suite,entire home/apt,4,2,3,164,30,110,0.3013698630136986,7.446575342465754,1125,32,4.94,5,4.97,f,f,255,41820,54
975568431939563480,seattle,Mid-Beacon Hill,Entire rental unit,entire home/apt,6,3,3,300,1,267,0.7315068493150685,1,365,24,4.83,4.63,4.67,f,f,66,19800,17
26259360,seattle,Arbor Heights,Entire home,entire home/apt,2,0,1,112,3,240,0.6575342465753424,3,6,91,5,4.96,4.91,t,f,132,14784,42
44447948,seattle,North Beacon Hill,Private room in townhouse,private room,1,1,1,79,2,65,0.1780821917808219,1.9972602739726026,4,37,5,4.89,4.97,t,f,222,17538,26
824305633720359543,seattle,Broadway,Entire townhouse,entire home/apt,4,2,2,172,2,77,0.21095890410958903,2,1125,127,4.96,4.88,4.77,t,t,198,34056,57
1467399676164553242,seattle,Wallingford,Entire rental unit,entire home/apt,3,1,1,112,5,299,0.8191780821917808,5,365,1,5,5,4,f,f,10,1120,13
7800143,seattle,North Admiral,Entire home,entire home/apt,6,4,4,239,5,59,0.16164383561643836,5,28,67,4.9,4.95,4.91,t,f,150,35850,52
15407769,seattle,Broadview,Entire guest suite,entire home/apt,3,1,2,114,3,232,0.6356164383561644,3,1125,459,4.98,4.92,4.93,t,f,78,8892,62
24286056,seattle,Belltown,Entire condo,entire home/apt,4,1,2,185,3,274,0.7506849315068493,3,31,88,4.95,4.97,4.82,t,f,72,13320,30
33286578,seattle,Genesee,Entire rental unit,entire home/apt,4,1,2,149,3,167,0.4575342465753425,2.767123287671233,30,133,4.98,4.95,4.9,t,f,66,9834,53
52506764,seattle,South Lake Union,Entire rental unit,entire home/apt,2,1,1,188,31,41,0.11232876712328767,38.271232876712325,1125,0,null,null,null,f,t,0,0,32
53263324,seattle,North Admiral,Entire condo,entire home/apt,2,1,1,97,1,175,0.4794520547945205,1,1125,139,4.86,4.61,4.78,t,f,114,11058,32
594587924827266485,seattle,West Woodland,Entire rental unit,entire home/apt,2,1,1,152,31,202,0.5534246575342465,41.21643835616438,1125,1,1,1,1,f,t,0,0,34
842296106377253917,seattle,West Queen Anne,Entire home,entire home/apt,8,4,4,271,3,142,0.38904109589041097,2.9068493150684933,1125,14,5,5,5,t,f,0,0,64
919590271499393720,seattle,Belltown,Entire condo,entire home/apt,4,1,2,197,2,103,0.2821917808219178,1.9945205479452055,1125,96,4.91,4.89,4.69,t,t,138,27186,78
971964049921193675,seattle,Broadway,Entire condo,entire home/apt,2,1,1,132,30,287,0.7863013698630137,30,365,1,4,5,4,f,f,0,0,32
1236402795557787863,seattle,Columbia City,Entire guesthouse,entire home/apt,3,0,1,168,2,166,0.4547945205479452,2,365,28,5,4.89,4.86,t,f,168,28224,37
1379353084022038126,seattle,East Queen Anne,Entire rental unit,entire home/apt,2,1,1,100,30,335,0.9178082191780822,30,365,2,5,5,5,t,f,120,12000,16
1400060429358789749,seattle,North Queen Anne,Entire townhouse,entire home/apt,6,3,3,164,1,338,0.9260273972602739,1.83013698630137,365,13,5,4.85,4.92,t,t,78,12792,51
7257457,seattle,North Admiral,Entire rental unit,entire home/apt,4,2,2,234,2,221,0.6054794520547945,2,90,233,4.98,4.98,4.89,t,f,174,40716,61
28414569,seattle,Laurelhurst,Entire guesthouse,entire home/apt,2,1,1,113,3,283,0.7753424657534247,2.9726027397260273,90,189,4.98,4.97,4.87,t,f,240,27120,35
36114524,seattle,Mount Baker,Entire guest suite,entire home/apt,4,1,2,109,2,169,0.46301369863013697,2,1125,205,4.97,4.91,4.9,t,f,222,24198,29
39320169,seattle,North Delridge,Private room in home,private room,2,1,1,38,1,166,0.4547945205479452,1,13,283,4.8,4.8,4.79,t,f,255,9690,30
651709886023739183,seattle,Phinney Ridge,Entire home,entire home/apt,12,3,5,341,3,194,0.5315068493150685,4.8054794520547945,1125,49,4.88,4.9,4.67,t,f,24,8184,76
848831962420280944,seattle,Mann,Entire guesthouse,entire home/apt,2,0,1,103,2,250,0.684931506849315,2,1125,81,4.74,4.81,4.65,f,f,108,11124,39
897188690689950812,seattle,Columbia City,Entire home,entire home/apt,10,5,5,258,3,148,0.4054794520547945,2.9068493150684933,1125,119,4.96,4.64,4.93,t,f,255,65790,60
1128637507135970834,seattle,Belltown,Entire condo,entire home/apt,4,2,2,255,1,247,0.6767123287671233,30,85.56164383561644,0,null,null,null,t,t,0,0,46
1138751400323352928,seattle,East Queen Anne,Entire home,entire home/apt,8,4,4,334,2,131,0.3589041095890411,2.8383561643835615,45,58,4.84,4.83,4.71,t,t,222,74148,45
1168832383198255511,seattle,First Hill,Entire condo,entire home/apt,4,1,2,325,2,57,0.15616438356164383,2.7041095890410958,7,29,5,4.97,4.97,t,f,114,37050,54
1175562326776553990,seattle,West Queen Anne,Private room in rental unit,private room,2,1,1,46,1,63,0.1726027397260274,1,29,42,4.29,4.38,4.33,f,f,180,8280,34
1211463845435845069,seattle,Broadway,Private room in bed and breakfast,private room,2,1,1,341,1,65,0.1780821917808219,2.2,365,0,null,null,null,f,t,0,0,2
1401008423993732519,seattle,South Delridge,Entire guest suite,entire home/apt,2,1,1,77,2,4,0.010958904109589041,2,13,19,4.89,4.84,4.79,t,f,114,8778,37
22715967,seattle,Belltown,Entire rental unit,entire home/apt,2,1,2,179,3,137,0.37534246575342467,2.9753424657534246,30,199,4.99,4.98,4.94,t,f,150,26850,72
721023418131839701,seattle,West Queen Anne,Entire home,entire home/apt,5,2,3,191,2,241,0.6602739726027397,3.317808219178082,28,155,4.97,4.95,4.91,t,f,216,41256,52
903634462779222398,seattle,North Beacon Hill,Tiny home,entire home/apt,3,0,2,94,2,44,0.12054794520547946,2.010958904109589,1125,157,4.97,4.9,4.92,t,f,255,23970,46
1004558995988702228,seattle,Matthews Beach,Entire home,entire home/apt,8,3,4,279,2,131,0.3589041095890411,2.83013698630137,136.9753424657534,22,4.95,5,4.91,t,f,24,6696,66
1028405732246193241,seattle,Fauntleroy,Entire guest suite,entire home/apt,4,2,2,162,1,207,0.5671232876712329,1.9698630136986301,1125,82,4.94,4.95,4.84,t,f,198,32076,56
26425599,seattle,Columbia City,Entire home,entire home/apt,12,3,8,243,2,112,0.30684931506849317,2,1125,316,4.88,4.89,4.87,t,f,210,51030,41
50874348,seattle,Alki,Entire bungalow,entire home/apt,5,2,2,133,2,66,0.18082191780821918,3.334246575342466,1125,21,4.86,5,4.67,f,f,30,3990,48
878362061551147886,seattle,Ravenna,Entire rental unit,entire home/apt,2,1,1,100,1,343,0.9397260273972603,1,365,53,4.72,4.77,4.55,f,f,120,12000,35
947976911933784220,seattle,Columbia City,Private room in townhouse,private room,2,1,1,94,1,216,0.5917808219178082,1,28,102,4.9,4.76,4.78,t,f,168,15792,54
25458599,seattle,Mann,Entire townhouse,entire home/apt,10,3,6,269,30,95,0.2602739726027397,5.482191780821918,365,119,4.79,4.84,4.71,f,t,255,68595,50
26566116,seattle,Broadview,Entire guest suite,entire home/apt,4,2,2,143,2,227,0.6219178082191781,2,365,47,4.89,5,4.89,t,t,36,5148,36
53148020,seattle,Stevens,Entire townhouse,entire home/apt,6,3,3,334,2,170,0.4657534246575342,2.0876712328767124,31,155,4.95,4.9,4.78,t,t,198,66132,67
586311462195536658,seattle,Rainier Beach,Entire guest suite,entire home/apt,2,1,1,107,3,330,0.9041095890410958,3,1125,71,4.99,4.86,4.96,t,f,180,19260,62
868983390120677039,seattle,Yesler Terrace,Entire rental unit,entire home/apt,2,0,1,108,1,264,0.7232876712328767,2.5643835616438357,1125,149,4.68,4.7,4.42,f,t,246,26568,47
1187889511494416984,seattle,Madrona,Entire home,entire home/apt,4,2,2,116,2,84,0.23013698630136986,2,28,3,5,5,5,f,f,6,696,52
1309402045894284945,seattle,Broadway,Entire rental unit,entire home/apt,2,1,1,138,31,237,0.6493150684931507,38.2,1125,0,null,null,null,f,t,0,0,29
1416433028411087979,seattle,West Woodland,Entire home,entire home/apt,3,1,2,131,2,284,0.7780821917808219,1.9945205479452055,1125,28,5,4.96,4.96,f,f,168,22008,48
6245498,seattle,Whittier Heights,Entire bungalow,entire home/apt,4,2,2,111,1,189,0.5178082191780822,1,1125,390,4.86,4.92,4.83,t,f,255,28305,69
28466540,seattle,First Hill,Entire condo,entire home/apt,5,2,2,124,3,148,0.4054794520547945,2.6986301369863015,1125,304,4.88,4.9,4.8,t,t,255,31620,58
49262712,seattle,Wallingford,Private room in home,private room,2,1,1,63,1,77,0.21095890410958903,1,1125,264,4.79,4.82,4.78,t,t,255,16065,43
51650986,seattle,North Beacon Hill,Entire rental unit,entire home/apt,4,0,2,148,30,298,0.8164383561643835,30,1125,5,5,5,4.6,t,t,60,8880,64
934038637600193417,seattle,Minor,Private room in townhouse,private room,1,1,1,65,85,263,0.7205479452054795,85,122,3,5,5,5,f,f,0,0,50
1213839350452978698,seattle,Alki,Entire townhouse,entire home/apt,6,3,3,174,2,365,1,2.1232876712328768,309.14794520547946,19,4.79,4.89,4.79,f,t,114,19836,36
1437899199339563868,seattle,East Queen Anne,Entire townhouse,entire home/apt,5,2,3,250,3,49,0.13424657534246576,2.9506849315068493,1125,2,5,5,5,f,f,12,3000,51
1474248234749359518,seattle,Brighton,Private room in home,private room,3,1,1,74,1,187,0.5123287671232877,1,14,9,4.89,4.67,4.67,f,f,54,3996,42
34397966,seattle,First Hill,Private room in condo,private room,2,1,1,132,2,161,0.4410958904109589,2,120,101,4.72,4.83,4.57,t,f,42,5544,32
916286072933353981,seattle,Adams,Entire home,entire home/apt,6,3,3,273,1,82,0.22465753424657534,1,1125,64,4.88,4.89,4.7,t,t,255,69615,63
1266659187201246131,seattle,Atlantic,Entire townhouse,entire home/apt,6,3,3,292,30,48,0.13150684931506848,30,1125,4,5,5,5,null,f,240,70080,33
1304633555888131533,seattle,West Queen Anne,Private room in rental unit,private room,1,1,1,43,1,62,0.16986301369863013,1,29,15,4.4,4.27,4.47,f,t,90,3870,23
22973592,twin_cities,Dakota,Private room in home,private room,5,3,3,80,1,75,0.2054794520547945,1,14,45,5,4.98,5,f,f,138,11040,54
53890462,twin_cities,Ramsey,Entire home,entire home/apt,4,2,2,101,3,225,0.6164383561643836,1.8547945205479452,1125,105,4.74,4.98,4.69,null,f,252,25452,48
686337633992967751,twin_cities,Wright,Private room in home,private room,2,1,1,47,1,290,0.7945205479452054,1,365,22,4.91,4.95,4.91,f,t,66,3102,64
975208203398340921,twin_cities,Hennepin,Private room in rental unit,private room,1,1,1,29,30,232,0.6356164383561644,30,365,0,null,null,null,f,f,0,0,26
1009372435397069281,twin_cities,Ramsey,Entire townhouse,entire home/apt,5,2,3,101,2,126,0.3452054794520548,2.186301369863014,1125,24,4.96,5,4.92,f,f,90,9090,44
1043037299632909338,twin_cities,Ramsey,Private room in home,private room,1,1,2,39,6,221,0.6054794520547945,6,365,11,4.91,4.91,4.91,t,f,48,1872,37
1307170382815936672,twin_cities,Hennepin,Entire rental unit,entire home/apt,2,1,1,61,30,281,0.7698630136986301,30,365,0,null,null,null,f,t,0,0,41
1480829641110875296,twin_cities,Washington,Tiny home,entire home/apt,2,1,1,317,1,359,0.9835616438356164,1,365,2,5,5,4.5,f,f,12,3804,50
17096312,twin_cities,Hennepin,Entire guest suite,entire home/apt,3,1,1,101,2,234,0.6410958904109589,2,730,292,4.95,4.97,4.92,f,f,108,10908,35
27824875,twin_cities,St. Croix,Entire rental unit,entire home/apt,7,3,5,176,1,164,0.44931506849315067,1.284931506849315,1125,376,4.8,4.82,4.76,t,t,252,44352,38
47089491,twin_cities,Isanti,Entire cabin,entire home/apt,4,2,2,137,2,341,0.9342465753424658,1.284931506849315,1125,115,4.93,4.91,4.86,t,f,120,16440,51
821908123345251930,twin_cities,Ramsey,Entire home,entire home/apt,5,3,3,118,2,138,0.3780821917808219,1.9972602739726026,45,55,5,4.98,4.93,t,f,156,18408,69
942734458406556730,twin_cities,Hennepin,Entire home,entire home/apt,10,4,7,320,5,175,0.4794520547945205,5,730,23,4.78,4.96,4.65,f,f,100,32000,73
1219597171247393581,twin_cities,Hennepin,Entire home,entire home/apt,12,5,6,216,3,324,0.8876712328767123,2.9945205479452053,1125,24,4.96,4.92,4.88,t,t,126,27216,48
1286545046884173227,twin_cities,Hennepin,Entire home,entire home/apt,4,2,2,125,2,157,0.4301369863013699,2,365,31,4.94,4.94,4.94,t,f,186,23250,46
1441383654081278817,twin_cities,Hennepin,Entire home,entire home/apt,4,2,1,140,1,261,0.7150684931506849,1,14,5,5,5,5,f,f,30,4200,10
1464863932272818924,twin_cities,Hennepin,Entire home,entire home/apt,6,3,3,81,30,298,0.8164383561643835,30,365,0,null,null,null,f,f,0,0,40
15867604,twin_cities,Hennepin,Entire guest suite,entire home/apt,4,1,2,90,3,303,0.8301369863013699,3,1125,110,4.86,5,4.83,t,f,84,7560,37
33305391,twin_cities,Hennepin,Private room in home,private room,1,1,1,51,2,74,0.20273972602739726,2,1125,268,4.92,4.63,4.94,t,f,204,10404,54
1101550689277548810,twin_cities,Hennepin,Entire cottage,entire home/apt,5,3,3,375,2,114,0.31232876712328766,3,365,24,5,5,4.83,t,f,60,22500,59
1106529970249465405,twin_cities,Pierce,Entire cottage,entire home/apt,6,3,5,168,2,191,0.5232876712328767,2.241095890410959,1125,23,4.96,4.91,4.83,f,f,24,4032,71
1139353154533647155,twin_cities,Carver,Entire townhouse,entire home/apt,4,3,5,191,1,64,0.17534246575342466,1,180,23,4.91,4.96,4.78,t,f,66,12606,46
1248593809996351153,twin_cities,Hennepin,Entire rental unit,entire home/apt,4,2,2,149,3,237,0.6493150684931507,3,365,12,4.92,5,4.83,f,f,72,10728,24
52077442,twin_cities,Hennepin,Entire condo,entire home/apt,3,1,1,91,1,193,0.5287671232876713,1,1125,151,4.9,4.88,4.86,t,f,114,10374,58
902774912361923889,twin_cities,Hennepin,Entire home,entire home/apt,2,1,1,116,2,190,0.5205479452054794,2,1125,80,4.99,4.88,4.96,t,t,150,17400,68
1091322059320323767,twin_cities,Hennepin,Entire home,entire home/apt,4,2,2,193,7,182,0.4986301369863014,7,365,1,5,5,5,f,f,14,2702,27
1101793355261155740,twin_cities,Dakota,Entire home,entire home/apt,12,4,6,270,2,252,0.6904109589041096,1.4273972602739726,365,51,4.98,4.96,4.88,t,f,192,51840,60
1305833231012157341,twin_cities,Hennepin,Entire home,entire home/apt,4,2,2,110,2,168,0.4602739726027397,1.9972602739726026,365,47,4.85,4.81,4.81,t,t,255,28050,35
1444180532335236954,twin_cities,Hennepin,Entire rental unit,entire home/apt,4,2,2,103,1,262,0.7178082191780822,2.213698630136986,365,12,4.67,4,4.83,f,f,72,7416,51
28561534,twin_cities,Hennepin,Private room in home,private room,2,1,1,59,4,65,0.1780821917808219,4,30,18,4.94,4.94,4.89,f,f,0,0,24
54343005,twin_cities,Hennepin,Entire bungalow,entire home/apt,8,3,4,350,2,320,0.8767123287671232,2,1125,49,4.84,4.92,4.8,t,f,42,14700,64
762333397443084974,twin_cities,Dakota,Room in hotel,private room,4,1,2,50,14,292,0.8,14,30,18,4.78,4.94,4.83,f,t,112,5600,14
1082126515189599430,twin_cities,Hennepin,Entire rental unit,entire home/apt,6,2,3,113,1,354,0.9698630136986301,2.8767123287671232,1125,66,4.73,4.89,4.67,f,f,246,27798,64
1163861112796505916,twin_cities,Chisago,Entire home,entire home/apt,7,3,4,243,2,253,0.6931506849315069,2,14,29,4.97,4.93,4.93,t,f,120,29160,55
1251530299674674006,twin_cities,Hennepin,Entire rental unit,entire home/apt,6,3,5,326,2,136,0.3726027397260274,2,365,14,4.93,5,4.79,f,f,84,27384,46
1328973525535659334,twin_cities,Hennepin,Entire rental unit,entire home/apt,4,2,2,151,3,232,0.6356164383561644,3,365,42,4.98,5,4.98,t,t,252,38052,19
17746482,twin_cities,Hennepin,Private room in townhouse,private room,3,1,1,44,1,110,0.3013698630136986,1,1125,279,4.9,4.94,4.93,f,f,84,3696,39
648394936867370521,twin_cities,Chisago,Farm stay,entire home/apt,5,4,4,225,2,166,0.4547945205479452,2.4273972602739726,1125,22,4.86,5,4.77,t,f,48,10800,56
823115876105369681,twin_cities,Ramsey,Entire home,entire home/apt,6,3,3,172,2,330,0.9041095890410958,2.9972602739726026,1125,46,4.7,4.98,4.61,f,t,132,22704,35
986135122407286693,twin_cities,Hennepin,Entire rental unit,entire home/apt,3,2,2,120,1,255,0.6986301369863014,1,1125,103,4.95,4.89,4.88,t,f,255,30600,59
1224945780627591665,twin_cities,Dakota,Entire home,entire home/apt,6,3,4,144,5,135,0.3698630136986301,5,1125,19,4.95,4.95,4.95,t,f,190,27360,55
556669257621844060,twin_cities,Wright,Entire cottage,entire home/apt,6,1,2,180,1,50,0.136986301369863,1,31,48,4.98,4.88,4.96,f,t,48,8640,58
860528687748074242,twin_cities,Hennepin,Entire home,entire home/apt,8,4,0,155,1,57,0.15616438356164383,1.284931506849315,1125,33,4.67,4.76,4.73,f,t,72,11160,57
958953616484288299,twin_cities,Anoka,Entire home,entire home/apt,4,2,2,329,1,133,0.3643835616438356,1,703.8301369863013,86,5,4.95,4.91,f,t,198,65142,67
1443721073492492284,twin_cities,Ramsey,Entire home,entire home/apt,4,2,2,91,1,244,0.6684931506849315,1,365,9,4.56,4.56,4.22,null,f,54,4914,36
732610563733385698,twin_cities,Wright,Entire home,entire home/apt,10,4,6,263,4,204,0.5589041095890411,4.241095890410959,14,55,4.95,4.89,4.73,t,f,136,35768,62
994986020862444391,twin_cities,Dakota,Entire guest suite,entire home/apt,4,1,4,83,1,179,0.4904109589041096,1,1125,33,4.82,4.94,4.82,t,f,66,5478,50
38330774,twin_cities,Hennepin,Entire condo,entire home/apt,2,0,1,62,30,256,0.7013698630136986,30,1125,6,4.83,4.83,5,f,f,0,0,38
644915249284328547,twin_cities,Pierce,Entire condo,entire home/apt,6,2,3,205,1,50,0.136986301369863,1,1125,52,4.9,4.88,4.94,t,f,138,28290,57
833363400738218379,twin_cities,Hennepin,Entire home,entire home/apt,8,3,5,238,3,62,0.16986301369863013,3.0136986301369864,1125,99,4.94,4.95,4.92,t,f,252,59976,79
851979914197305934,twin_cities,Ramsey,Entire home,entire home/apt,8,4,4,113,1,129,0.35342465753424657,1.8602739726027397,180,78,4.94,4.95,4.88,t,f,126,14238,47
899984097882945127,twin_cities,Hennepin,Entire home,entire home/apt,8,3,5,195,2,338,0.9260273972602739,1,1125,68,4.82,4.9,4.69,null,f,162,31590,64
993709851308422157,twin_cities,Sibley,Entire cabin,entire home/apt,5,1,3,88,1,264,0.7232876712328767,1,14,17,5,4.94,4.94,t,f,78,6864,45
1194323116964657986,twin_cities,Mille Lacs,Entire cabin,entire home/apt,7,3,4,317,2,267,0.7315068493150685,2,365,2,5,5,5,f,f,12,3804,13
1234990114846742912,twin_cities,Hennepin,Entire townhouse,entire home/apt,10,5,5,245,1,259,0.7095890410958904,2.4904109589041097,1125,7,4.57,4.71,4.57,f,f,42,10290,54
20636515,twin_cities,Pierce,Tiny home,entire home/apt,4,1,2,155,2,145,0.3972602739726027,2,1125,174,4.97,4.96,4.91,t,f,90,13950,52
53155851,twin_cities,Hennepin,Entire rental unit,entire home/apt,4,1,2,66,4,70,0.1917808219178082,4,1125,77,4.19,4.65,4.18,f,f,120,7920,20
690642121524994352,twin_cities,St. Croix,Entire home,entire home/apt,12,4,8,343,2,264,0.7232876712328767,2,1125,78,4.95,4.95,4.78,t,f,162,55566,54
734332860198688565,twin_cities,Wright,Entire place,entire home/apt,5,2,2,166,2,77,0.21095890410958903,2,14,5,5,5,4.8,t,f,24,3984,58
804231401422001274,twin_cities,Wright,Entire cabin,entire home/apt,3,1,1,163,2,155,0.4246575342465753,1.978082191780822,1125,37,4.89,4.97,4.81,t,t,66,10758,58
13201315,twin_cities,Ramsey,Entire rental unit,entire home/apt,4,1,1,200,3,88,0.2410958904109589,3,1125,3,4.67,5,4.5,f,f,0,0,7
805275276471211751,twin_cities,St. Croix,Entire home,entire home/apt,2,1,1,150,1,307,0.8410958904109589,1,365,0,null,null,null,f,f,0,0,22
1045166488520032249,twin_cities,Hennepin,Entire townhouse,entire home/apt,5,3,4,157,3,98,0.2684931506849315,3,365,30,4.97,4.97,4.93,t,f,120,18840,37
1194340243718568995,twin_cities,Ramsey,Private room in home,private room,1,1,1,37,5,317,0.8684931506849315,5,200,2,4.5,4,4.5,f,f,10,370,44
1497494622887196813,twin_cities,Hennepin,Room in hotel,private room,4,1,2,105,1,326,0.8931506849315068,1,730,0,null,null,null,f,f,0,0,44
24807188,twin_cities,Hennepin,Entire townhouse,entire home/apt,5,2,4,117,4,79,0.21643835616438356,4,180,61,4.9,4.9,4.85,f,f,8,936,42
36389447,twin_cities,Ramsey,Private room in rental unit,private room,3,1,2,63,2,142,0.38904109589041097,2,10,226,4.88,4.97,4.93,t,f,240,15120,54
42119903,twin_cities,Hennepin,Entire serviced apartment,entire home/apt,4,1,1,300,2,360,0.9863013698630136,2,62.64383561643836,43,4.86,5,4.67,t,f,24,7200,53
52604558,twin_cities,Hennepin,Private room in rental unit,private room,2,1,1,78,2,73,0.2,2,1125,42,4.83,4.12,4.74,f,t,6,468,26
53548353,twin_cities,Dakota,Entire home,entire home/apt,12,4,4,201,30,23,0.06301369863013699,30,1125,18,4.72,5,4.67,f,t,180,36180,51
657157049310004538,twin_cities,Mille Lacs,Entire cabin,entire home/apt,7,3,3,209,3,134,0.36712328767123287,3,365,2,5,5,5,f,t,0,0,15
783238672519117197,twin_cities,Ramsey,Entire home,entire home/apt,10,5,5,281,8,19,0.052054794520547946,8,365,23,4.65,4.74,4.61,f,f,96,26976,30
800944315184661133,twin_cities,Hennepin,Entire home,entire home/apt,4,2,2,77,1,168,0.4602739726027397,3.117808219178082,1125,105,4.68,4.44,4.61,f,f,156,12012,60
1127195798214609105,twin_cities,Hennepin,Entire rental unit,entire home/apt,3,1,2,100,2,312,0.8547945205479452,2.1534246575342464,365,26,4.42,4.69,4.42,f,t,96,9600,42
1175376253540545746,twin_cities,Le Sueur,Private room in rental unit,private room,2,1,1,92,1,333,0.9123287671232877,1,1125,37,4.92,4.86,4.95,t,t,174,16008,40
1324869008149614987,twin_cities,Sherburne,Entire home,entire home/apt,8,4,4,165,3,260,0.7123287671232876,3,365,12,5,4.92,4.92,t,t,72,11880,58
49757704,twin_cities,Hennepin,Entire home,entire home/apt,4,1,2,145,2,331,0.9068493150684932,2,1125,26,5,5,4.81,t,f,36,5220,51
1475594746246570356,twin_cities,Ramsey,Entire rental unit,entire home/apt,4,2,2,109,2,92,0.25205479452054796,2.0082191780821916,365,0,null,null,null,t,f,0,0,47
1503779340649122836,twin_cities,Ramsey,Entire home,entire home/apt,6,3,5,128,2,177,0.4849315068493151,1.1397260273972603,30,0,null,null,null,f,f,0,0,46
18412900,twin_cities,Hennepin,Private room in home,private room,2,1,1,33,4,330,0.9041095890410958,4,356,360,4.83,4.55,4.87,t,f,255,8415,46
580349956807861275,twin_cities,Hennepin,Entire home,entire home/apt,3,2,2,125,7,251,0.6876712328767123,6.93972602739726,1125,21,5,4.95,4.95,t,f,140,17500,50
683703180206343843,twin_cities,Hennepin,Private room in rental unit,private room,2,1,1,72,2,85,0.2328767123287671,2,1125,15,4.53,3.87,4.47,f,t,6,432,41
1050026336429682918,twin_cities,Scott,Entire home,entire home/apt,9,4,4,230,2,212,0.5808219178082191,1.9945205479452055,1125,88,5,5,4.97,t,f,255,58650,78
1103876371566488784,twin_cities,Ramsey,Private room in home,private room,2,1,1,44,1,73,0.2,1,90,27,4.89,4.78,4.93,t,f,132,5808,34
1216690775512781227,twin_cities,Pierce,Entire cottage,entire home/apt,6,2,4,152,2,308,0.8438356164383561,2.021917808219178,1125,17,4.65,4.41,4.71,f,t,66,10032,46
895195572206403376,twin_cities,Hennepin,Entire home,entire home/apt,8,3,6,400,2,274,0.7506849315068493,2.7753424657534245,350.958904109589,51,5,4.94,4.94,t,t,72,28800,84
1128386497694072210,twin_cities,Ramsey,Entire rental unit,entire home/apt,2,1,0,79,42,58,0.1589041095890411,42,365,1,5,5,5,f,f,84,6636,46
1204195407711054267,twin_cities,Ramsey,Entire rental unit,entire home/apt,4,1,2,82,3,247,0.6767123287671233,3,1125,21,4.48,4.38,4.38,f,t,96,7872,44
1208955630136310370,twin_cities,Washington,Entire home,entire home/apt,8,4,3,332,2,235,0.6438356164383562,2,14,30,4.97,4.9,4.93,t,f,150,49800,57
1328754004935570749,twin_cities,Washington,Entire home,entire home/apt,5,3,4,180,10,84,0.23013698630136986,10,365,0,null,null,null,f,f,0,0,41
20387243,twin_cities,Wright,Entire bungalow,entire home/apt,6,3,4,215,3,266,0.7287671232876712,3,360,88,4.91,4.94,4.84,t,f,72,15480,61
699196003695152991,twin_cities,Hennepin,Private room in home,private room,2,1,1,58,1,136,0.3726027397260274,1,5,180,4.85,4.87,4.87,f,f,255,14790,33
1028973316785737478,twin_cities,Hennepin,Entire home,entire home/apt,8,3,4,229,3,93,0.2547945205479452,3,365,16,4.63,4.81,4.44,f,f,30,6870,52
1166907641931739495,twin_cities,Wright,Entire cabin,entire home/apt,4,2,3,180,2,226,0.6191780821917808,1.9972602739726026,6,50,5,4.9,4.84,t,f,204,36720,65
1178930298154936426,twin_cities,Wright,Entire home,entire home/apt,9,4,5,199,2,268,0.7342465753424657,1.9972602739726026,365,19,4.58,4.95,4.58,t,t,78,15522,60
1289172871923057891,twin_cities,Hennepin,Entire home,entire home/apt,6,3,6,193,1,88,0.2410958904109589,1,120,1,5,5,5,f,f,6,1158,20
1297838082549753197,twin_cities,Hennepin,Entire home,entire home/apt,10,5,5,167,2,265,0.726027397260274,2,365,1,3,4,3,f,f,6,1002,11
1435064305846460904,twin_cities,Wright,Entire rental unit,entire home/apt,4,1,1,81,2,252,0.6904109589041096,2.021917808219178,365,13,4.92,5,4.92,f,t,78,6318,45
1492088261711482158,twin_cities,Dakota,Private room in home,private room,1,1,1,34,30,50,0.136986301369863,30,365,0,null,null,null,f,f,0,0,11
8066269,twin_cities,Ramsey,Private room in home,private room,1,1,1,42,1,58,0.1589041095890411,1,1125,40,4.9,4.87,4.74,t,f,30,1260,59
22669967,twin_cities,Hennepin,Entire serviced apartment,entire home/apt,2,1,2,81,2,70,0.1917808219178082,2,100,156,4.9,4.94,4.92,t,f,120,9720,27
26008813,twin_cities,Wright,Entire townhouse,entire home/apt,6,2,5,214,2,138,0.3780821917808219,2.515068493150685,1125,13,4.46,4.62,4.38,f,t,18,3852,30
40263364,twin_cities,Ramsey,Private room in home,private room,1,1,1,42,13,258,0.7068493150684931,13,1125,14,4.79,5,4.93,t,f,52,2184,57
48031912,twin_cities,Chisago,Room in boutique hotel,private room,2,1,1,147,1,352,0.9643835616438357,1,365,40,4.55,4.35,4.53,f,t,18,2646,36
895676852930345752,twin_cities,Hennepin,Private room in home,private room,2,1,1,55,1,291,0.7972602739726027,1,1125,199,4.82,4.71,4.85,f,t,255,14025,62
1000721194054356613,twin_cities,Hennepin,Entire home,entire home/apt,6,4,4,135,14,278,0.7616438356164383,14,365,2,5,4.5,4.5,t,f,56,7560,39
1110189406879404783,twin_cities,Hennepin,Entire townhouse,entire home/apt,6,3,4,186,2,43,0.1178082191780822,2.515068493150685,1125,25,5,4.96,4.88,f,t,114,21204,32
1188442308491408865,twin_cities,Hennepin,Private room in home,private room,2,1,1,109,2,261,0.7150684931506849,2,365,18,4.94,5,4.89,t,f,78,8502,41
1424949580175946018,twin_cities,Ramsey,Entire rental unit,entire home/apt,6,2,3,159,1,150,0.410958904109589,3.9287671232876713,1125,15,4.53,4.93,4.4,f,f,90,14310,53
17650826,twin_cities,Sherburne,Entire home,entire home/apt,6,2,4,256,2,19,0.052054794520547946,2,1125,91,4.92,4.87,4.79,t,t,90,23040,40
587010605540888487,twin_cities,Ramsey,Entire bungalow,entire home/apt,10,4,5,240,3,309,0.8465753424657534,3,1125,50,4.98,4.88,4.82,t,f,78,18720,62
1050206706020357776,twin_cities,St. Croix,Entire cabin,entire home/apt,2,0,1,77,2,260,0.7123287671232876,2,365,20,4.7,4.75,4.7,f,f,66,5082,9
1290020484148379020,twin_cities,Hennepin,Entire home,entire home/apt,10,5,5,286,2,73,0.2,2,30,19,5,4.89,4.89,t,f,114,32604,36
6659752,twin_cities,Washington,Farm stay,entire home/apt,4,1,2,150,1,194,0.5315068493150685,1,439.2054794520548,541,4.96,4.94,4.9,t,t,255,38250,61
21423300,twin_cities,Hennepin,Entire home,entire home/apt,8,3,4,328,3,239,0.6547945205479452,3.0821917808219177,1125,146,4.97,4.94,4.9,f,f,96,31488,56
22701725,twin_cities,Hennepin,Entire home,entire home/apt,9,4,4,375,21,177,0.4849315068493151,21,730,8,5,5,5,f,f,168,63000,57
49178167,twin_cities,Hennepin,Entire condo,entire home/apt,2,0,1,112,30,124,0.33972602739726027,30,1125,9,5,5,5,t,f,120,13440,70
839964811373910046,twin_cities,St. Croix,Entire cabin,entire home/apt,2,0,1,77,2,216,0.5917808219178082,2,365,22,4.59,4.91,4.64,f,f,78,6006,10
1133216517922177831,twin_cities,Hennepin,Entire rental unit,entire home/apt,4,1,2,147,30,129,0.35342465753424657,77.83561643835617,365,4,5,5,4,t,t,120,17640,57
1511054193342643082,twin_cities,Mille Lacs,Entire cabin,entire home/apt,7,2,4,211,2,177,0.4849315068493151,2,14,0,null,null,null,f,f,0,0,49
15612131,twin_cities,Ramsey,Entire rental unit,entire home/apt,4,2,2,134,4,179,0.4904109589041096,4,1125,5,4.4,5,4,f,f,0,0,11
22648434,twin_cities,Hennepin,Entire home,entire home/apt,2,1,3,100,2,0,0,2,100,121,4.99,4.95,4.94,f,f,0,0,35
22742704,twin_cities,Hennepin,Entire rental unit,entire home/apt,2,1,1,74,2,130,0.3561643835616438,2.010958904109589,1125,429,4.82,4.87,4.81,t,f,255,18870,33
22865431,twin_cities,Hennepin,Private room in home,private room,5,3,3,76,2,199,0.5452054794520548,2.2849315068493152,1125,267,4.96,4.94,4.98,t,f,192,14592,49
681052134870602809,twin_cities,Hennepin,Entire home,entire home/apt,8,4,7,185,30,103,0.2821917808219178,30,1125,12,5,4.92,4.92,f,t,180,33300,38
1051039040733574038,twin_cities,Hennepin,Entire condo,entire home/apt,4,1,1,52,1,262,0.7178082191780822,1,365,1,1,5,1,f,f,0,0,16
1430077672080339314,twin_cities,Anoka,Private room in home,private room,1,1,1,68,3,88,0.2410958904109589,3,365,0,null,null,null,f,f,0,0,24
52223997,twin_cities,Hennepin,Entire rental unit,entire home/apt,3,1,2,56,2,113,0.3095890410958904,2,1125,97,4.7,4.67,4.62,f,t,6,336,38
741160556347125472,twin_cities,Wright,Entire rental unit,entire home/apt,4,2,2,168,2,195,0.5342465753424658,2,1125,25,5,4.96,4.96,t,t,36,6048,48
25969105,twin_cities,Hennepin,Entire townhouse,entire home/apt,6,3,3,116,28,66,0.18082191780821918,28,270,39,4.56,4.77,4.51,f,f,112,12992,40
712370100559572979,twin_cities,Washington,Entire vacation home,entire home/apt,3,1,2,306,2,336,0.9205479452054794,2,365,61,4.97,5,4.87,t,f,132,40392,56
1247038461966123298,twin_cities,Hennepin,Entire rental unit,entire home/apt,3,2,3,102,14,269,0.736986301369863,14,365,2,4.5,5,4.5,f,f,56,5712,44
1272767641979107945,twin_cities,Washington,Entire guest suite,entire home/apt,6,2,5,315,3,273,0.7479452054794521,3,365,13,5,5,5,null,f,78,24570,47
1421370289168923550,twin_cities,Hennepin,Entire home,entire home/apt,3,1,2,82,2,342,0.936986301369863,2,1125,8,4.88,4.88,4.88,f,f,48,3936,46
1437113610341122871,twin_cities,Ramsey,Private room in home,private room,1,1,4,35,30,265,0.726027397260274,30,365,0,null,null,null,f,f,0,0,47
6064690,twin_cities,Sherburne,Private room in home,private room,4,2,2,105,1,206,0.5643835616438356,1,30,42,4.93,4.95,4.95,f,f,0,0,19
52903385,twin_cities,Hennepin,Entire home,entire home/apt,8,4,4,186,2,238,0.6520547945205479,2,1125,105,4.92,4.81,4.83,t,f,144,26784,62
53092355,twin_cities,Dakota,Entire home,entire home/apt,8,5,5,245,2,237,0.6493150684931507,1.284931506849315,1125,270,4.96,4.95,4.86,t,f,255,62475,74
988270336696414238,twin_cities,Anoka,Entire home,entire home/apt,8,5,6,196,2,108,0.2958904109589041,2.978082191780822,1125,10,4.7,4.8,4.6,f,t,0,0,50
82439,twin_cities,Hennepin,Private room in home,private room,3,2,2,59,2,327,0.8958904109589041,2,60,77,4.95,4.94,4.92,t,f,54,3186,8
21005127,twin_cities,Hennepin,Entire rental unit,entire home/apt,6,2,2,96,1,242,0.663013698630137,1,1125,397,4.77,4.77,4.77,t,f,222,21312,41
21473196,twin_cities,Hennepin,Entire guest suite,entire home/apt,2,1,1,84,1,28,0.07671232876712329,1,1125,94,4.87,4.97,4.96,f,f,0,0,27
22828040,twin_cities,Ramsey,Entire home,entire home/apt,6,2,4,72,2,75,0.2054794520547945,2,31,368,4.83,4.89,4.87,t,f,255,18360,48
29368917,twin_cities,Ramsey,Entire condo,entire home/apt,5,2,2,84,25,155,0.4246575342465753,25.854794520547944,90,162,4.9,4.96,4.82,t,f,255,21420,49
40800170,twin_cities,Hennepin,Entire home,entire home/apt,10,4,6,185,2,302,0.8273972602739726,3.43013698630137,1125,135,4.98,4.96,4.91,t,t,78,14430,66
45541107,twin_cities,Hennepin,Entire home,entire home/apt,5,2,2,172,2,11,0.030136986301369864,2,1125,125,4.89,4.94,4.76,t,t,90,15480,49
629601271707303342,twin_cities,Hennepin,Entire home,entire home/apt,10,5,6,214,2,344,0.9424657534246575,3.1561643835616437,1125,37,4.78,4.86,4.62,f,t,84,17976,38
681519305828567013,twin_cities,Ramsey,Entire home,entire home/apt,10,4,5,392,2,39,0.10684931506849316,2.032876712328767,1125,31,4.81,4.81,4.68,t,f,126,49392,84
819195587406940751,twin_cities,Hennepin,Entire condo,entire home/apt,4,1,1,127,2,72,0.19726027397260273,2,30,46,4.85,4.83,4.7,t,f,84,10668,47
930342490020655000,twin_cities,Ramsey,Entire home,entire home/apt,4,2,2,131,2,304,0.8328767123287671,2.073972602739726,30,48,4.98,4.98,4.92,t,f,186,24366,55
1475340162544315151,twin_cities,Hennepin,Entire home,entire home/apt,4,1,1,99,1,70,0.1917808219178082,1,21,4,5,4.75,5,f,f,24,2376,45
1480248901033213918,twin_cities,Hennepin,Private room in home,private room,8,2,3,190,2,30,0.0821917808219178,2,1125,1,5,5,5,f,t,6,1140,16
15645175,twin_cities,Hennepin,Entire rental unit,entire home/apt,4,2,2,105,2,209,0.5726027397260274,2,1125,219,4.79,4.92,4.75,t,f,48,5040,60
21250914,twin_cities,Pierce,Entire home,entire home/apt,5,3,4,177,2,4,0.010958904109589041,2,1125,154,4.99,4.94,4.95,f,f,18,3186,57
48712996,twin_cities,Scott,Camper/RV,entire home/apt,3,0,4,111,1,177,0.4849315068493151,1.284931506849315,14,2,5,5,5,f,f,0,0,17
51969660,twin_cities,Ramsey,Entire home,entire home/apt,16,4,10,225,3,334,0.915068493150685,2.3835616438356166,1125,199,4.97,4.84,4.91,t,f,255,57375,57
52883230,twin_cities,Ramsey,Entire home,entire home/apt,5,2,2,114,3,202,0.5534246575342465,3,1125,19,4.74,4.63,4.68,t,t,6,684,47
54122310,twin_cities,Ramsey,Entire guest suite,entire home/apt,2,1,1,119,2,247,0.6767123287671233,2,1125,68,4.93,4.97,4.88,t,t,120,14280,50
720328633552951906,twin_cities,Ramsey,Entire bungalow,entire home/apt,4,2,3,106,1,255,0.6986301369863014,1,1125,48,4.9,4.85,4.81,t,f,186,19716,57
729689467632186231,twin_cities,Hennepin,Entire rental unit,entire home/apt,4,2,2,218,14,40,0.1095890410958904,13.868493150684932,730,5,5,4.6,4.8,t,f,56,12208,43
858142479216612398,twin_cities,Anoka,Entire home,entire home/apt,9,4,6,211,3,76,0.20821917808219179,3,14,28,5,5,4.93,t,f,90,18990,65
859615475884013734,twin_cities,Wright,Entire home,entire home/apt,8,3,6,250,3,177,0.4849315068493151,3,90,7,5,4.86,5,f,f,18,4500,75
875223435767167901,twin_cities,Hennepin,Private room in home,private room,2,0,1,86,2,172,0.4712328767123288,2,1125,13,5,4.92,5,t,f,18,1548,51
889692041011044112,twin_cities,Hennepin,Entire rental unit,entire home/apt,2,1,2,83,3,24,0.06575342465753424,3,1125,24,4.88,4.92,4.83,t,t,24,1992,49
973522571011527362,twin_cities,Hennepin,Private room in home,private room,2,1,1,60,1,179,0.4904109589041096,1,1125,33,4.79,4.64,4.67,t,t,180,10800,31
1073396643301722687,twin_cities,Hennepin,Private room in home,private room,1,1,1,48,2,242,0.663013698630137,2,365,11,4.82,4.91,4.64,t,f,24,1152,28
1134032413347824749,twin_cities,Dakota,Private room in home,private room,2,1,1,54,24,87,0.23835616438356164,24,365,0,null,null,null,f,f,0,0,7
1162037483908231401,twin_cities,Hennepin,Entire home,entire home/apt,4,2,2,139,3,161,0.4410958904109589,5.465753424657534,1125,35,4.97,4.8,4.89,t,t,114,15846,47
1253252110906517891,twin_cities,Hennepin,Private room in home,private room,2,1,1,78,1,249,0.6821917808219178,3.5013698630136987,1125,7,4.71,5,4.57,f,t,42,3276,64
1344158587170602269,twin_cities,Pierce,Entire guesthouse,entire home/apt,3,1,2,68,1,344,0.9424657534246575,1,1125,4,4.5,4.75,4.5,f,f,24,1632,40
1368972578763289457,twin_cities,Hennepin,Entire condo,entire home/apt,6,2,3,168,1,266,0.7287671232876712,3.6410958904109587,365,19,4.74,4.53,4.74,t,t,114,19152,54
42684529,twin_cities,Hennepin,Entire rental unit,entire home/apt,6,2,2,139,3,205,0.5616438356164384,3,1125,151,5,5,4.95,t,f,150,20850,52
44459513,twin_cities,Mille Lacs,Entire cabin,entire home/apt,10,5,8,298,2,158,0.4328767123287671,1.284931506849315,1125,8,4.75,4.88,4.75,f,t,12,3576,33
54034776,twin_cities,Ramsey,Entire home,entire home/apt,4,2,2,251,2,59,0.16164383561643836,2.115068493150685,90,0,null,null,null,f,f,0,0,45
1471298288451227055,twin_cities,Hennepin,Entire home,entire home/apt,8,3,3,108,1,166,0.4547945205479452,1.8547945205479452,365,0,null,null,null,f,f,0,0,44
52722215,twin_cities,Hennepin,Entire home,entire home/apt,4,2,2,111,90,296,0.810958904109589,90,135,1,5,5,5,t,f,180,19980,34
677535396531964842,twin_cities,Hennepin,Private room in rental unit,private room,1,1,1,31,30,179,0.4904109589041096,30,365,0,null,null,null,f,f,0,0,44
861804993803642448,twin_cities,Hennepin,Entire home,entire home/apt,8,4,4,158,2,156,0.4273972602739726,2.254794520547945,1125,105,4.84,4.87,4.88,t,f,210,33180,49
960494462913241037,twin_cities,Washington,Entire home,entire home/apt,6,3,4,188,3,21,0.057534246575342465,3,365,42,4.95,4.88,4.79,t,f,138,25944,64
978545301921260517,twin_cities,Dakota,Entire home,entire home/apt,7,5,4,277,30,269,0.736986301369863,30,365,1,5,5,5,f,f,60,16620,6
1112244384371558711,twin_cities,Ramsey,Entire rental unit,entire home/apt,1,1,1,60,28,304,0.8328767123287671,27.736986301369864,365,0,null,null,null,f,f,0,0,66
1140697007733018665,twin_cities,Sherburne,Camper/RV,entire home/apt,4,1,2,59,1,131,0.3589041095890411,1,30,14,5,4.93,5,t,t,60,3540,6
1158011489396183242,twin_cities,Hennepin,Entire home,entire home/apt,8,2,4,133,2,229,0.6273972602739726,2,365,66,4.94,4.94,4.85,t,f,255,33915,52
1292289151201779134,twin_cities,Hennepin,Entire home,entire home/apt,6,3,3,112,1,154,0.42191780821917807,1,28,36,4.5,3.89,4.47,f,t,216,24192,43
1475420270457152666,twin_cities,Hennepin,Entire rental unit,entire home/apt,2,1,1,66,28,266,0.7287671232876712,27.986301369863014,365,2,3.5,4,4,f,f,112,7392,46
7150377,twin_cities,Hennepin,Private room in home,private room,4,1,2,91,1,265,0.726027397260274,1,7,13,5,4.92,4.85,f,f,78,7098,29
12514055,twin_cities,Ramsey,Entire rental unit,entire home/apt,2,null,1,140,2,338,0.9260273972602739,2,1125,100,4.91,4.88,4.76,t,f,72,10080,26
19673335,twin_cities,Hennepin,Entire guesthouse,entire home/apt,4,1,3,149,7,199,0.5452054794520548,7,1125,173,5,4.97,4.94,t,t,224,33376,56
21162778,twin_cities,Hennepin,Entire cottage,entire home/apt,6,3,3,145,3,310,0.8493150684931506,3,1125,81,4.85,4.95,4.78,f,f,30,4350,39
33307346,twin_cities,Hennepin,Private room in home,private room,1,1,1,50,2,73,0.2,2,730,197,4.88,4.57,4.88,t,f,144,7200,58
887161071201111462,twin_cities,Hennepin,Entire home,entire home/apt,4,2,3,191,30,144,0.39452054794520547,30,365,9,5,5,5,t,f,255,48705,59
960125198046634086,twin_cities,Pierce,Entire place,entire home/apt,3,0,2,102,1,262,0.7178082191780822,2,1125,14,4.79,5,4.5,f,t,60,6120,36
1147917063862644830,twin_cities,Ramsey,Entire rental unit,entire home/apt,2,1,1,68,2,146,0.4,2,1125,34,5,4.7,4.97,t,f,192,13056,46
1204430757863539928,twin_cities,Ramsey,Entire rental unit,entire home/apt,1,0,1,89,30,243,0.6657534246575343,30,120,0,null,null,null,f,f,0,0,50
1375361431416163691,twin_cities,Hennepin,Room in hotel,private room,4,1,2,219,1,91,0.2493150684931507,1.010958904109589,555.7315068493151,17,4.94,4.59,4.82,f,t,102,22338,23
5476443,austin,78703,Private room in home,private room,2,1,1,81,3,32,0.08767123287671233,3,1125,473,4.98,4.97,4.96,t,t,255,20655,42
1437046424077955746,austin,78701,Entire rental unit,entire home/apt,4,1,2,300,3,8,0.021917808219178082,3,7,0,null,null,null,f,t,0,0,48
582334231671073870,austin,78757,Entire home,entire home/apt,8,3,5,143,2,181,0.4958904109589041,2,1125,159,4.79,4.89,4.79,f,t,216,30888,60
1284752073079585374,austin,78701,Entire rental unit,entire home/apt,4,2,2,283,31,241,0.6602739726027397,38.21095890410959,1125,0,null,null,null,f,t,0,0,34
1056678219679017531,nashville,District 17,Entire home,entire home/apt,8,3,4,208,1,191,0.5232876712328767,1.2410958904109588,25,61,4.93,4.9,4.87,t,f,192,39936,46
16613520,nashville,District 6,Entire rental unit,entire home/apt,3,1,3,64,1,182,0.4986301369863014,1.5698630136986302,1125,340,4.72,4.81,4.71,t,f,228,14592,49
1078422875120073352,nashville,District 17,Entire rental unit,entire home/apt,8,2,0,129,2,255,0.6986301369863014,2,365,24,5,4.83,4.91,t,f,72,9288,47
1110180960253860842,nashville,District 19,Entire home,entire home/apt,10,4,7,161,2,232,0.6356164383561644,2.1095890410958904,365,30,4.73,4.33,4.63,t,t,102,16422,38
43594534,chicago,Bridgeport,Entire rental unit,entire home/apt,4,2,2,100,32,231,0.6328767123287671,32,120,9,5,4.89,4.78,t,f,128,12800,36
1061059907241759502,chicago,Near West Side,Entire rental unit,entire home/apt,3,1,1,99,32,325,0.8904109589041096,32,365,5,5,4.6,4.8,t,f,192,19008,48
1370127694249628040,chicago,Loop,Entire rental unit,entire home/apt,2,1,1,200,32,244,0.6684931506849315,42.04931506849315,1125,0,null,null,null,f,t,0,0,35
595948293511661289,chicago,Armour Square,Entire condo,entire home/apt,5,3,3,226,2,233,0.6383561643835617,2,1125,86,4.71,4.63,4.66,f,f,108,24408,46
32934782,chicago,Near North Side,Entire condo,entire home/apt,6,2,2,318,2,122,0.33424657534246577,3.095890410958904,1125,164,4.89,4.99,4.81,t,f,126,40068,75
6991188,seattle,Minor,Entire rental unit,entire home/apt,4,1,3,154,3,322,0.8821917808219178,3,1125,439,4.87,4.88,4.83,t,t,222,34188,52
53432514,seattle,Lawton Park,Entire townhouse,entire home/apt,2,1,1,295,30,200,0.547945205479452,30,1125,14,5,5,4.93,t,f,240,70800,34
1268298206235027970,seattle,Roosevelt,Entire townhouse,entire home/apt,7,3,3,228,2,175,0.4794520547945205,2.835616438356164,213.03835616438357,2,5,5,5,t,f,12,2736,44
675324739303021108,seattle,Columbia City,Entire rental unit,entire home/apt,4,1,2,133,30,103,0.2821917808219178,30,1101.0767123287671,8,5,5,4.88,t,f,180,23940,55
1211463845435845069,seattle,Broadway,Private room in bed and breakfast,private room,2,1,1,341,1,65,0.1780821917808219,2.2,365,0,null,null,null,f,t,0,0,2
22715967,seattle,Belltown,Entire rental unit,entire home/apt,2,1,2,179,3,137,0.37534246575342467,2.9753424657534246,30,199,4.99,4.98,4.94,t,f,150,26850,72
25458599,seattle,Mann,Entire townhouse,entire home/apt,10,3,6,269,30,95,0.2602739726027397,5.482191780821918,365,119,4.79,4.84,4.71,f,t,255,68595,50
1101793355261155740,twin_cities,Dakota,Entire home,entire home/apt,12,4,6,270,2,252,0.6904109589041096,1.4273972602739726,365,51,4.98,4.96,4.88,t,f,192,51840,60
49757704,twin_cities,Hennepin,Entire home,entire home/apt,4,1,2,145,2,331,0.9068493150684932,2,1125,26,5,5,4.81,t,f,36,5220,51
22865431,twin_cities,Hennepin,Private room in home,private room,5,3,3,76,2,199,0.5452054794520548,2.2849315068493152,1125,267,4.96,4.94,4.98,t,f,192,14592,49
1272767641979107945,twin_cities,Washington,Entire guest suite,entire home/apt,6,2,5,315,3,273,0.7479452054794521,3,365,13,5,5,5,null,f,78,24570,47
1475420270457152666,twin_cities,Hennepin,Entire rental unit,entire home/apt,2,1,1,66,28,266,0.7287671232876712,27.986301369863014,365,2,3.5,4,4,f,f,112,7392,46
