listing_id,city,review_id,review_date,reviewer_id,reviewer_name,comments,source_file,ingestion_timestamp,neighbourhood_cleansed,room_type,price
78884,austin,1495139580589557157,2025-08-24,160261225,Sydney,"Cozy and characteristic space. Everything you could need for a trip, and lots to do in the area.",austin_reviews.csv,2026-04-13T02:03:58.118Z,78704,entire home/apt,103
82439,twin_cities,1449390448620573862,2025-06-22,191453241,Andrew,"Keith, is awesome. Made sure we had everything we needed and then did an amazing job to make sure we had all the privacy we needed. Was a great value for the price.",twin_cities_reviews.csv,2026-04-13T02:03:58.118Z,Hennepin,private room,59
343889,austin,1425544987777699210,2025-05-20,51024033,Rohitkumar,I had a very nice stay. Darcy was always helpful and responsive. Great location as well.,austin_reviews.csv,2026-04-13T02:03:58.118Z,78702,entire home/apt,52
431258,nashville,1490048990728622575,2025-08-17,568561655,Kimberly,"Rick was an excellent host! We were especially impressed with the thoughtful amenities like the Keurig with an assortment of coffee pods, and a couple beers upon our arrival. <br/>The bedrooms are beautifully appointed, the beds were comfortable and the backyard was perfect!<br/>If you want a nice, comfortable, cozy stay that’s 5 minutes away from all that NashVegas has to offer, this is the place!",nashville_reviews.csv,2026-04-13T02:03:58.118Z,District 19,entire home/apt,216
461404,austin,1426939398356115604,2025-05-22,502204239,Richard,"Outstanding!!!  That describes my six-night stay at Nita's property.  My adult son and I fully enjoyed our visit to Austin and a large part of that was due to the beautiful accommodations afforded us as guests in Nita's home.  Nita was very clear and responsive to any questions or needs that we had.  The house had everything that we required.  Peaceful neighborhood, easy access to all Austin destinations and my favorite – a beautiful fenced in yard at the back of the house with a covered deck.  The back deck was the perfect start and finish to every day.  Again “OUTSTANDING”.",austin_reviews.csv,2026-04-13T02:03:58.118Z,78756,entire home/apt,112
637710,seattle,1502396337221000373,2025-09-03,467360893,Ethan,"Can't say enough good things about our stay, Farhad is a wonderful host and person. Home was in a beautiful, lively, and convienent location with plenty to do and was equipt with all sorts of appliances and amenities. Our group loved how open Farhad was with letting us use his equipment to jam in the downstairs half-basement turned practice space. Would love to stay here again in the future. Thanks again, Farhad!",seattle_reviews.csv,2026-04-13T02:03:58.118Z,Fremont,entire home/apt,222
825940,austin,1358198142594679073,2025-02-16,12815999,David,"Max's place in Austin was perfect for my ten day stay. It is in a very cute neighborhood, walkable to many destinations, and seemingly everywhere I wanted to drive was within 5-15 minutes. The home was clean and Max was very accommodating, answering all of my questions about his home and Austin. I highly recommend this location if you are visiting Austin. I hope to be able to return to Austin and will definitely stay here if available in future.",austin_reviews.csv,2026-04-13T02:03:58.118Z,78704,private room,60
947412,austin,1067485042099892434,2024-01-12,398419559,Ann,"Very clean, comfortable and stocked with everything I needed.",austin_reviews.csv,2026-04-13T02:03:58.118Z,78745,entire home/apt,131
949922,austin,1492976213252469104,2025-08-21,417250441,Sofia,"Very nice stay. Was very comfortable , and was a great location with a lot of things to do nearby. 10/10 would recommend and stay again.",austin_reviews.csv,2026-04-13T02:03:58.118Z,78723,entire home/apt,65
2083878,nashville,1505930777311174981,2025-09-08,20174106,Lance,"The place was clean and conveniently located downtown. The directions from the app go to the wrong street, I mentioned this to the owner, they were apologetic.",nashville_reviews.csv,2026-04-13T02:03:58.118Z,District 19,entire home/apt,106
2699594,nashville,1487890840279310572,2025-08-14,477020726,Nathan,"Our stay at Cal’s Airbnb was fantastic! The place was spotless, very comfortable, and you can’t beat the location right over the Boot Barn on Broadway. Despite being in the heart of all the action, noise was never an issue. Cal’s communication was excellent and made everything easy. Would definitely stay here again!",nashville_reviews.csv,2026-04-13T02:03:58.118Z,District 19,entire home/apt,184
3083343,chicago,1491431880600947448,2025-08-19,29752169,Sarah,Loved the location,chicago_reviews.csv,2026-04-13T02:03:58.118Z,Logan Square,entire home/apt,177
3432834,austin,1500840324040540451,2025-09-01,14869945,Jacquelyn,Jennifer's place is great. It has a lot of great restaurants and bars within walking distance. Her airbnb has all the amenities you can think of. I enjoyed my stay and would recommend to anyone.,austin_reviews.csv,2026-04-13T02:03:58.118Z,78702,entire home/apt,81
3469590,seattle,947935734915694472,2023-07-31,140272285,Mary Beth,The back porch at this house makes it special. It overlooks a hilly green section of Seattle and your nestled amongst the pines so it feels very private and as if you are in a green forest.  On summer nights the porch is dreamy. The house is furnished in a very tasteful way and is very clean. The location is fabulous because you can walk to Moderna and restaurants there and  have a selection of grocery store on East Union St. as well.  Very central located to the rest of Seattle and walking distance from the Arboretum.,seattle_reviews.csv,2026-04-13T02:03:58.118Z,Mann,entire home/apt,185
3689461,seattle,1509655988632514910,2025-09-13,245761291,재형,"장점: 시애틀 다운타운 위치. 다운타운 명소 다 걸어다닐 수 있음. 특히 Starbucks roastery 매우 가까움. 숙소랑 지하철역이랑 5분 거리라 야구장, 미식축구 구장, 워싱턴 대학교도 금방 갈 수 있음. 친절한 호스트. 간단한 스낵 준비. <br/>단점: 숙소가 좀 으슥한 데 있어서 밤에 노숙자나 대마초 피우는 사람들 종종 마주칠 수 있으나, 이건 시애틀 전체 문제이고 밤 늦게 외출 안 하면 됨.<br/>장점이 단점보다 압도적으로 많은 숙소👍",seattle_reviews.csv,2026-04-13T02:03:58.118Z,First Hill,entire home/apt,194
4286182,seattle,1514743103158945476,2025-09-20,70836880,Lane Blenda,Ted’s place was great. Very cute and in a nice neighborhood. Convenient to get around. And within walking distance to several restaurants. Definitely recommend eating at Communion. Ted was very accommodating. Thanks for a great stay!,seattle_reviews.csv,2026-04-13T02:03:58.118Z,Mann,entire home/apt,134
4438136,nashville,1490762317082034461,2025-08-18,96593619,Ashley,This is a great place to stay. Janet and Glenn are wonderful hosts. It was clean and in a quiet neighborhood. It is close to everything but far enough to be very safe and quiet. We will happily stay here again on our next trip to Nashville.,nashville_reviews.csv,2026-04-13T02:03:58.118Z,District 24,entire home/apt,274
5117490,chicago,1481286817976075345,2025-08-05,85765240,Homero,Departamento muy cómodo. Vladimir es un excelente anfitrión. Me sentí como en casa.,chicago_reviews.csv,2026-04-13T02:03:58.118Z,West Town,private room,123
5195252,chicago,775375039203779599,2022-12-05,55350424,Darin,"Sebastian was very accommodating, from an early check-in, and to a late check out, even though I did not take a vantage of it. I had a minor accident and fell at the airport company arrival, and he help me with some first aid supplies I like the private, en suite bathroom, and I texted Sebastian. He was always responsive, and generally quickly this was a great place to stay, and the value and location are outstanding, situated between two blue line subway stops, Damen and Division. I would stay here again",chicago_reviews.csv,2026-04-13T02:03:58.118Z,West Town,private room,48
5231461,chicago,1511040763570842759,2025-09-15,83832615,Tracy,Gorgeous condo with a great host! The neighborhood is great and there’s a ton to do in the area. Charissa was responsive and helpful. I highly recommend her place.,chicago_reviews.csv,2026-04-13T02:03:58.118Z,West Town,entire home/apt,180
5303366,austin,1476187624782095759,2025-07-29,442366532,Sam,"Great stay and very quiet, perfect for getting work done.",austin_reviews.csv,2026-04-13T02:03:58.118Z,78722,entire home/apt,67
5476443,austin,1504512546819121096,2025-09-06,573368886,Debbie,"I was in Austin on a business trip.  When I told my hosts of an important part of my trip, they were so encouraging and supportive.  Catherine and Patrick are very kind, and their home was just perfect for my needs.  I loved the cleanliness, the comfortable bed, the decor, and the many books.  I just wish I had more time to peruse them.  I felt very comfortable in their home and safe in their trendy neighborhood, and I would definitely request to stay again the next time I'm in Austin.  <br/>I highly recommend this lovely bungalow!",austin_reviews.csv,2026-04-13T02:03:58.118Z,78703,private room,81
5581705,seattle,1451689184075897687,2025-06-25,126070556,Hephzibah,Aliza was a very friendly and responsive host and her place was classy and beautiful. She had thought of everything by way of amenities and every little thing we needed in the kitchen and bathroom. We enjoyed a very comfortable stay. Would highly recommend this place!,seattle_reviews.csv,2026-04-13T02:03:58.118Z,Roosevelt,entire home/apt,136
5660373,austin,422376492627557962,2021-08-05,330708600,K. ‘Ren’,"Amazing location with easy access to river, creeks and trails - and Zilker Pool, dining,  music, etc. Huge backyard. The house has everything you need for adults, kids and pups. Easy communication with owners. Many many highlights to our stay but will call out the owners sound system as Lollapalooza was live on Hulu and had a blast enjoying it from Austin  👍",austin_reviews.csv,2026-04-13T02:03:58.118Z,78746,entire home/apt,150
5900224,seattle,1504602861232883522,2025-09-06,351833902,Sean,"Rachael’s condo in Seattle is awesome! Walking distance from so many things to do. Very neat and cozy, we would definitely stay here again.",seattle_reviews.csv,2026-04-13T02:03:58.118Z,Belltown,entire home/apt,142
6064690,twin_cities,484780096355270717,2021-10-30,357213434,Jennifer,"The home was immaculate,  very hospitable and wonderful hosts to work with. Definitely recommend this home!",twin_cities_reviews.csv,2026-04-13T02:03:58.118Z,Sherburne,private room,105
6245498,seattle,1507456430043249422,2025-09-10,159852225,Shaine,"The gorgeous yard is absolutely the star of this cute bungalow. We arrived late summer & so much was blooming - we loved it. It’s very walkable, super cute neighborhood, restaurants nearby. My bed in the master was very comfortable. Wished we could have stayed longer.",seattle_reviews.csv,2026-04-13T02:03:58.118Z,Whittier Heights,entire home/apt,111
6424881,nashville,1413894111579094428,2025-05-04,397496896,Shelly,"Lovely and very unique (Think Grandmother house feel, antique) place to stay!! LOVED ❤️🙌",nashville_reviews.csv,2026-04-13T02:03:58.118Z,District 7,private room,90
6659752,twin_cities,1512529504911624691,2025-09-17,445307224,Justin,I really enjoyed my time there and it was very peaceful as well as clean. I would pay to go back so they’re doing an amazing job!,twin_cities_reviews.csv,2026-04-13T02:03:58.118Z,Washington,entire home/apt,150
6700201,nashville,1247201657767609301,2024-09-16,552630324,Yiwen,"Loved it, very quiet, feels like home",nashville_reviews.csv,2026-04-13T02:03:58.118Z,District 13,entire home/apt,67
6703006,nashville,1494406884534175394,2025-08-23,39856424,Gabriel,"The place needs improvements inside and out; overgrown bushes, cluttered, dirty, moldy. The cleaning service needs to be improved. Pictures are different than reality. The bedrooms had to be swept given the dusty and hairy condition presented. Also a good declutter should be implemented, we do believe that the home has a great potential to became really enjoyable. <br/>Christie did respond quick to our<br/>Communications.",nashville_reviews.csv,2026-04-13T02:03:58.118Z,District 7,entire home/apt,195
6935687,austin,559248172,2019-11-03,64490241,Rachelle,"I was in Austin for a conference downtown and had a wonderful stay at Gail’s place this week. The home is beautiful, clean and artfully decorated and located in a great neighborhood close to downtown. The room has everything you need for a comfortable stay. Gail and Bill are thoughtful and generous hosts, providing snacks and breakfast items to accommodate my busy schedule and friendly conversation on both ends of the day. They had me feeling like family in no time!",austin_reviews.csv,2026-04-13T02:03:58.118Z,78704,private room,102
6945901,chicago,1514665036931359900,2025-09-20,30021802,Sofia,Very cute and charming place in a lovely neighborhood. Everything was super clean and check-in was easy! Thank you so much.,chicago_reviews.csv,2026-04-13T02:03:58.118Z,Logan Square,entire home/apt,98
6991188,seattle,1506800659436311897,2025-09-09,341177711,Dean,"Although we didn't use the amenities, knowing they were there was nice. Very comfortable space and great for a short or long stay.  if ever back, they are the ideal place to stay.",seattle_reviews.csv,2026-04-13T02:03:58.118Z,Minor,entire home/apt,154
7150377,twin_cities,1477662569426577190,2025-07-31,181557927,Zachary,Super accommodating and great location.,twin_cities_reviews.csv,2026-04-13T02:03:58.118Z,Hennepin,private room,91
7257457,seattle,1511084960575019114,2025-09-15,37679741,Andrew,Incredible!! Great location and the views!  Fun visiting the needle and market . We really enjoyed every minute of our stay .   Highly recommended!,seattle_reviews.csv,2026-04-13T02:03:58.118Z,North Admiral,entire home/apt,234
7360731,chicago,1469043506561736660,2025-07-19,454347613,Zia,This place was so sweet! I loved the lay out and the beds were really soft and comfortable. You can definitely tell that people actually live there - but in a way that makes it a great place to stay because everything you need is truly there. I love the chickens!!!!!! Love them! There were even fresh eggs left for us. It was a shared space (the owner stayed in the basement the first night) which I felt a little bad about because we were coming back a little late from a welcome party for a wedding - but that’s okay! The hot tub was also lovely. It was truly a lovely stay.,chicago_reviews.csv,2026-04-13T02:03:58.118Z,West Ridge,private room,129
7678127,chicago,1516063214916524684,2025-09-22,203165924,Hilda,"The place is basically in front of Wrigley! Great for baseball fans. It's a great location, with lots of restaurants and bars super close, most places are open late, and it's close to bus stops and metro stations to be able to move around the city. Parking onsite is very convenient. My only critiques echo others, the place is slightly more dated than pics make it seem and it could use more towel hooks. Josh is a very responsive host. I also appreciate that all he asks you to worry about when checking out is making sure everything is where it's supposed to and that the place isn't trashed.",chicago_reviews.csv,2026-04-13T02:03:58.118Z,Lake View,entire home/apt,306
7800143,seattle,1501625986665106413,2025-09-02,26317248,Erica,"Fabulous Place! so much space with everything you need for a great stay. the host is very friendly and always answered any questions quickly. we went during a very hot week, but there was plenty of fans and with all the windows open, it was totally fine!<br/>The only thing we saw could use some improvements was the blinds. it was very bright in the mornings. we usually travel with black trash bags and painters tape to cover windows, but with it being so hot, that option wasn't available. it would have been nice to have some heavy duty curtains to pull shut when needed. <br/>otherwise this place is perfect!! we slept great in the beds and had plenty of room! we drove down to the water taxi on several occasions for cheap easy trips to the city. highly recommend this house and will definitely be returning!",seattle_reviews.csv,2026-04-13T02:03:58.118Z,North Admiral,entire home/apt,239
8066269,twin_cities,1461012080881570479,2025-07-08,249250294,Michael,"I dont where to start.<br/>Faith and Ric are excellent host, my stay was THE best I have ever experienced. They are friendly, caring and very compassionate people. If you are ever in the Twin cities and need a quiet, clean, and peaceful place to stay for an extend period of time. do not hesitate to choose their place. you will not be disappointed.",twin_cities_reviews.csv,2026-04-13T02:03:58.118Z,Ramsey,private room,42
8826075,austin,1381342961406148206,2025-03-20,598772141,Ludovic,"Olivia tres acceuillante et serviable. J’aime bien cet appartement c’est la 2eme fois que j’y viens.<br/>Propre, bien range et pratique.<br/>Supermarche a 200 metres.<br/>Parkings toujours libres.<br/>Parfait.",austin_reviews.csv,2026-04-13T02:03:58.118Z,78757,entire home/apt,69
8902327,seattle,1430665734753246971,2025-05-27,39134328,Karen,"Beautiful views of Portage Bay through big windows in the main room.  Very comfortable sofa and bed.  The kitchenette is well supplied and there is a toaster oven, microwave and outdoor grill to support cooking, as there is no stove or oven.  You can hear noise from the owners above but the apartment feels private and the neighborhood is peaceful and calming.  Great location, easy to get around all parts of Seattle and there is parking available in the driveway.  Highly recommend.",seattle_reviews.csv,2026-04-13T02:03:58.118Z,Portage Bay,entire home/apt,127
8953380,chicago,1510268538478590594,2025-09-14,183538702,Tyler,Great host and great location! Walked to a Cubs game from the spot.,chicago_reviews.csv,2026-04-13T02:03:58.118Z,Lake View,private room,139
9590401,chicago,1469721821550804341,2025-07-20,514746836,Kaelene,"Armando was an amazing host, and he provides an amazing place to stay. Having a gorgeous place to stay made my trip all the more fun. I was never worried about reaching out to Armando for questions, and he always made sure to respond and help out quickly. The place is so close to a bus stop that everything in Chicago is easy to get with a bus pass. Similarly it’s very easy to walk/bus to the blue line.",chicago_reviews.csv,2026-04-13T02:03:58.118Z,Hermosa,entire home/apt,77
9863459,nashville,1505265671379369116,2025-09-07,480242780,Josh,Chelsea was great to work with the house was exceptional. My grouped loved it and would stay again!,nashville_reviews.csv,2026-04-13T02:03:58.118Z,District 7,entire home/apt,173
9887142,seattle,1516196904243917369,2025-09-22,164106767,Caleb,Had a great stay at Maureen's Airbnb. Nice neighbourhood that isn't too far from Washington University. Good amenities and comfortable place,seattle_reviews.csv,2026-04-13T02:03:58.118Z,Wedgwood,entire home/apt,105
9907337,seattle,1515412471217778035,2025-09-21,56734913,Leah,Great location.  Very clean and well stocked,seattle_reviews.csv,2026-04-13T02:03:58.118Z,Green Lake,entire home/apt,212
10100747,chicago,1504533062071369763,2025-09-06,95346566,Agustín,Muy buena experiencias.,chicago_reviews.csv,2026-04-13T02:03:58.118Z,East Garfield Park,private room,48
10411427,chicago,1506635025101066251,2025-09-09,281781059,Gabriella,"Great deal, very clean room and restroom, well maintained historical building, and transportation is convenient. Loved to make our coffee in the morning and started the day calmly in the room :) highly recommend and we will definitely come back!",chicago_reviews.csv,2026-04-13T02:03:58.118Z,East Garfield Park,private room,46
12379796,seattle,1176281780824538685,2024-06-10,218208099,Armando,"Randy was an excellent host. Very accommodating concerning any requests or questions I had. The flat lies in a quiet, beautiful neighbourhood and as very well connected to public transport (downtown or to the UW campus). Shops, cafe's and restaurant are plentiful and only a short walk away. Since I prepared several homemade meals during my two-month stay, I can also say that the kitchen is well-equiped, (unless you plan to prepare any more elaborate meals).",seattle_reviews.csv,2026-04-13T02:03:58.118Z,Wallingford,entire home/apt,65
12514055,twin_cities,1454445492138315701,2025-06-29,45200603,Linda,We loved staying at Holly's place. It was perfect for the show we were attending at Union Depot. I would definitely stay there again.,twin_cities_reviews.csv,2026-04-13T02:03:58.118Z,Ramsey,entire home/apt,140
12889332,austin,310426058,2018-08-19,192519977,Fernando,Great place to come and stay for a long time the people living at the Guadalupe Macro House it's friendly and will make you feel like home. There is also a lot of extra activities that will be a great surprise when you stay there.,austin_reviews.csv,2026-04-13T02:03:58.118Z,78751,private room,36
13141142,seattle,1500196280653225680,2025-08-31,27608395,Allison,"I stayed here for a month while apartment hunting. I’m glad I did! It was a nice spot to land in a new city. My favorite part was the proximity to Green Lake — ran there several times a week. Lovely green space that always has lots of other walkers, runners, and nature enjoyers.<br/>The apartment was quiet and clean and had everything I needed. There are pots & pans, knives, silverware, plates, bowls, mugs, glasses, cutting board, measuring cups, veggie peeler — everything I needed in the kitchen. It was also nice to have some starter soaps and shampoo/conditioner, as well as TP and paper towels.<br/>Property manager Miles is so kind and helpful, and always there if you need anything! He went above and beyond to supply some hangers for the closet even though he was under the weather that day. <br/>Wallingford (45th Street) had plenty of food places, and the QFC grocery store is convenient. I loved Almanqal, recommend for the lamb kebab over rice and the pita and hummus.",seattle_reviews.csv,2026-04-13T02:03:58.118Z,Wallingford,entire home/apt,124
13185632,austin,1495149775952622206,2025-08-24,26254397,Caitlin,"This was such a wonderful stay. The place is so cute with great and thoughtful touches. Loved the window seat for reading and the bed was very comfy. The back garden that you walk through to get to your private entrance adds to the experience of the place. They even had some basic foods ready for us in the room along with a wonderfully smelling bouquet. Loved being able to walk to Barton springs. The apartment was also nice and cool, even in August. Loved our stay",austin_reviews.csv,2026-04-13T02:03:58.118Z,78704,entire home/apt,140
13201315,twin_cities,112574821,2016-11-06,100181080,Chris,Being downtown you get to see a lot of the activity and walk to it all from this location.,twin_cities_reviews.csv,2026-04-13T02:03:58.118Z,Ramsey,entire home/apt,200
13925303,seattle,1495881905107490766,2025-08-25,345624066,Tania Kristina,"Very cute place, well taken care of by Randy. Clean and tidy. Would love to stay again!",seattle_reviews.csv,2026-04-13T02:03:58.118Z,University District,private room,60
14068188,austin,1429899098221447995,2025-05-26,380743856,Suraj,great place and provided suggestions for someone visiting Austin,austin_reviews.csv,2026-04-13T02:03:58.118Z,78723,private room,65
14220861,austin,1312505371797352222,2024-12-15,491325128,Luis,Jesse was an Awesome Host. Always was responsive and wanted to make sure I was comfortable. Totally recommend this location to anyone who wants a quite and peaceful area with great hostility for an extended amount of time. felt like home.,austin_reviews.csv,2026-04-13T02:03:58.118Z,78744,private room,47
14449619,chicago,1516140611089933103,2025-09-22,70044422,Rachel,"The space was as exactly as expected, with the friendlies host(s).  Oslo and Louie made sure we were tucked in at night (as we asked) and Gavin gave us extremely useful tips to navigate the area, transportation, and places to visit that were right up our ally.",chicago_reviews.csv,2026-04-13T02:03:58.118Z,West Town,private room,76
14664334,nashville,1510269822610464671,2025-09-14,63097597,Laura,"This place is magical, i will definitely do what I can to stay here again next time I’m in town. Thanks Molly!!",nashville_reviews.csv,2026-04-13T02:03:58.118Z,District 5,entire home/apt,91
14696993,seattle,1516219987674468048,2025-09-22,16876911,Michele,Great place to stay! Very comfortable and spacious for two. We enjoyed coffee in the morning in the little backyard! Great hosts.,seattle_reviews.csv,2026-04-13T02:03:58.118Z,Wallingford,entire home/apt,107
14855437,seattle,617717094,2020-03-13,11658275,Joel,"Clean, comfortable accommodations. Wonderful host.",seattle_reviews.csv,2026-04-13T02:03:58.118Z,West Woodland,private room,64
15132653,chicago,1505201928204640819,2025-09-07,264569389,Wendy,"We had a fantastic time in Chicago. The apartment is very clean and charming. The location is great, close to restaurants, shopping, Wrigley and train.The neighborhood is lively.  John is a great host. He is very responsive and gave us some great suggestions. We highly recommend John’s place and will be back.",chicago_reviews.csv,2026-04-13T02:03:58.118Z,Lake View,entire home/apt,236
15149053,chicago,1511047117571884807,2025-09-15,268180314,Melissa,"Nice and quiet.  Comfortable, with desk, fridge and microwave and own bathroom.",chicago_reviews.csv,2026-04-13T02:03:58.118Z,West Town,private room,102
15299612,seattle,1507511797363472217,2025-09-10,214618466,Anny,Enjoy your place !.,seattle_reviews.csv,2026-04-13T02:03:58.118Z,Adams,entire home/apt,147
15374069,nashville,1475521033743414168,2025-07-28,192355763,Cynthia,Great place to stay for a month while working in Nashville. Wes was super responsive and great to work with! Highly recommend!,nashville_reviews.csv,2026-04-13T02:03:58.118Z,District 5,entire home/apt,105
15407769,seattle,1496644514681085567,2025-08-26,8072417,David-Jane,"Stylish immaculate large private space, close to Northgate snd Carkeek park. Quiet, safe, nicely furnished, convenient mini-kitchen, responsive host, nice garden view.",seattle_reviews.csv,2026-04-13T02:03:58.118Z,Broadview,entire home/apt,114
15554062,seattle,1507418205281178931,2025-09-10,38687573,Ruslan,"We had a wonderful stay at Phuong’s apartment in Seattle! It’s very easy to get here from the airport — just take the light rail ($3 ticket for adults) and walk about 15 minutes from Westlake station.<br/>The location is perfect: everything is within walking distance. Pike Place Market with its excellent restaurants, the iconic Space Needle, and the amazing Chihuly Glass Museum are all nearby. Many tours also start close to the apartment — for example, trips to Mount Rainier or Twin Peaks waterfalls.<br/>Phuong is a very proactive host who provides clear and helpful instructions, which made the whole experience smooth and enjoyable.<br/>Highly recommend staying here!",seattle_reviews.csv,2026-04-13T02:03:58.118Z,Belltown,entire home/apt,149
15612131,twin_cities,334677588,2018-10-09,118497300,Frank,Run-down but functional property in a very nice location.,twin_cities_reviews.csv,2026-04-13T02:03:58.118Z,Ramsey,entire home/apt,134
15634836,nashville,1500146909328964333,2025-08-31,13863923,Amanda,"Todd’s Airbnb was just as listed! It was very clean, comfortable, quiet and all in all a really nice space to stay. He had everything you could need and a basket with snacks and a great bottle of wine! What a surprise! I am also super picky about cleanliness and his place was extremely clean. We will definitely stay here in the future! Thank you, Todd, for being a wonderful host.",nashville_reviews.csv,2026-04-13T02:03:58.118Z,District 5,entire home/apt,99
15643384,chicago,1392921176885906729,2025-04-05,569956445,Stephen,unbelievable.Ii actually wanted to extend my stay because I will be renting in that building but somebody had got it for the next weekend. That was after the first month. Everything you need is there. Ive lived in the neighboorhood for 8 years and was fighting to find a good new apartment. Still looking unfortunately but thats Lakeview and Wriggleyville. Patio is amazing. Every amenity you want. Awesome neighrbors. So dog friendly. Even security is nice. i will find a rental in there. lol. but 5 out of 5 all day.,chicago_reviews.csv,2026-04-13T02:03:58.118Z,Lake View,entire home/apt,83
15645175,twin_cities,1413874699879449412,2025-05-04,26028660,Kimberly,"My husband and I and our dogs enjoyed our stay at Brenda's place. It was clean, peaceful, easy to find, and we loved the wood floors and the colorful kitchen. The beds were comfortable, and the neighborhood is gorgeous. Brenda was proactive with instructions and very friendly. We would happily stay here again! :)",twin_cities_reviews.csv,2026-04-13T02:03:58.118Z,Hennepin,entire home/apt,105
15700294,seattle,1500187471977557153,2025-08-31,433829658,Ashwin,"Great place! We felt super comfortable staying here and loved being in the heart of downtown! It felt like home, we would highly recommend this spot!",seattle_reviews.csv,2026-04-13T02:03:58.118Z,Belltown,entire home/apt,100
15832847,seattle,1495094137930788799,2025-08-24,116890930,Kirk,Great stay.  Good location.  Super responsive owner.,seattle_reviews.csv,2026-04-13T02:03:58.118Z,Pioneer Square,entire home/apt,130
15867604,twin_cities,1479868222484447498,2025-08-03,321007398,Tanner,Cute little spot in perfect location,twin_cities_reviews.csv,2026-04-13T02:03:58.118Z,Hennepin,entire home/apt,90
15916842,austin,1419741855589841412,2025-05-12,238555788,Kathleen,We have stayed here several times. It’s great for gathering family and friends in the huge kitchen.,austin_reviews.csv,2026-04-13T02:03:58.118Z,78702,entire home/apt,198
16023993,nashville,1516066913526293072,2025-09-22,243220,Fong,"So happy to stay at Briena’s for the third time, and finally get to meet her in person. She’s an amazing host and we love staying at her place when we are in Nashville. Highly recommend!",nashville_reviews.csv,2026-04-13T02:03:58.118Z,District 13,private room,68
16602889,seattle,1496547081676007778,2025-08-26,257907158,Brittany,"Tolle was very helpful and kind! The property is in a nice, safe, and quiet neighborhood. The place was comfy and clean. I had a great stay!",seattle_reviews.csv,2026-04-13T02:03:58.118Z,University District,entire home/apt,184
16613520,nashville,1510336334814894288,2025-09-14,199302486,Daria,This place was perfect and right on the middle of everything!  It is located on a busy road but you can’t hear any of the traffic from inside.  I felt safe and we had everything we needed to enjoy Nashville!!,nashville_reviews.csv,2026-04-13T02:03:58.118Z,District 6,entire home/apt,64
16641071,nashville,1470455625463337704,2025-07-21,447443222,Kaitlyn,"Had a wonderful time on my visit, Juliette was very responsive and was a great host. Very easy check-in and check-out. Instructions were very clear and helpful.",nashville_reviews.csv,2026-04-13T02:03:58.118Z,District 5,entire home/apt,126
16944642,nashville,1510357774108918138,2025-09-14,329943337,Peter,"page.<br/>I felt right at home. I loved the private entrance, comfortable bed and furniture.<br/>Nice to have a frig, microwave and coffee maker plus snacks, coffee and oatmeal provided. A TV with Netflix and Prime was a welcome addition. I also loved the Aussie theme and the other colorful decorations.<br/>The owner is a musician and Neil Young fan as am I so that was also great. I would stay there again in a heartbeat.",nashville_reviews.csv,2026-04-13T02:03:58.118Z,District 7,entire home/apt,97
16982090,nashville,1508896017287337249,2025-09-12,165725871,Gabriella,Good location!! Would recommend,nashville_reviews.csv,2026-04-13T02:03:58.118Z,District 19,entire home/apt,173
17046910,austin,1388557893629484897,2025-03-30,17474690,Chris,"Nice spot in a residential neighborhood. Alice was a great host, very responsive.",austin_reviews.csv,2026-04-13T02:03:58.118Z,78751,entire home/apt,201
17096312,twin_cities,1485711283899710381,2025-08-11,12872522,Charina,"My husband and I enjoyed our stay at Angela's place! It was clean, cozy and spacious. Great location and about 10-20 minutes from everything we wanted to do/see. Easy check-in and easy communication! Would stay here again!",twin_cities_reviews.csv,2026-04-13T02:03:58.118Z,Hennepin,entire home/apt,101
17566215,austin,893470581747851910,2023-05-17,87666622,Clara,"It was a really nice stay at Dao’s place ☺️ it is a quiet and peaceful apartment, Dao is super helpful and kind so I felt at ease. Thank you Dao!",austin_reviews.csv,2026-04-13T02:03:58.118Z,78757,private room,106
17650826,twin_cities,1511070410549462735,2025-09-15,237691590,Blaine,"Great little get away not terribly far from the cities/airport! We certainly would, and plan to, stay again!",twin_cities_reviews.csv,2026-04-13T02:03:58.118Z,Sherburne,entire home/apt,256
17746482,twin_cities,1500175153933716122,2025-08-31,433884790,Xingpei,"Was a good place to stay for a night in the twin cities. House is a bit old so it shouldn’t be expected like a new house. House is nice and cozy though, and Thomas was great",twin_cities_reviews.csv,2026-04-13T02:03:58.118Z,Hennepin,private room,44
17825371,seattle,514204247,2019-08-20,265635137,Stephen And Jodi,"The location was absolutely fantastic! The lake and Seward park are within walking distance — we were able to rent a kayak right down the street. It is also conveniently close to downtown (only about a 15 minute drive). The house is great for kids, from the gaming room in the basement to the trampoline in the backyard. All in all, a great place to stay.",seattle_reviews.csv,2026-04-13T02:03:58.118Z,Seward Park,entire home/apt,203
17907547,austin,1505212687601353148,2025-09-07,330766366,Ester,"great place: perfect for a couple or tiny family and met all of out needs! Jon was attentive and patient & this spot will definitely be our top choice for return trips because of locality and the home’s warm, inviting and overall comfortable vibe. it really iis adorable! the bed is comfy, the kitchen has an abundance of pots n pans which we appreciate as home-cooks! aand, the tiny backyard (mosquitoes spray included!💗) completes the home vibe - a nice perk for smokers or vapers. I wish I had left a review in time our first time around because this place absolutely earns its 5 stars! ⭐️✨ thanks again Jon, always much appreciated!",austin_reviews.csv,2026-04-13T02:03:58.118Z,78704,entire home/apt,73
18227140,austin,1495081299037226613,2025-08-24,674854345,Christopher,Alan was a great host. The place easily accommodated a group of 10. It was larger than we had anticipated and much more pleasant. The pictures don’t do the place justice. Overall 10/10 spot.,austin_reviews.csv,2026-04-13T02:03:58.118Z,78741,entire home/apt,343
18412900,twin_cities,1502306038288000348,2025-09-03,271612773,Annie,"We really enjoyed our stay here! The house is located in a walkable area with lots of restaurants and shops, it is also close to a bus line that brings you right into the heart of the city.",twin_cities_reviews.csv,2026-04-13T02:03:58.118Z,Hennepin,private room,33
18548210,nashville,1509611083670173096,2025-09-13,498082869,Destiny,"This place was so cute and cozy! Me and my friends stayed here for 3 days/nights and loved our stay. The beds were sure comfy (me and my friends stayed shared one and there was plenty of room) and the bathroom was very nice. The little kitchenette did its job, the stove was small but mighty, and the dresser they have was plenty of room for all of my clothes in one drawer (if you want to hang your clothes bring some hangers as there aren’t very many) The host was also super friendly and was super quick to respond to any questions I had, however I didn’t have very many because the instructions were super clear. Overall, we had an amazing stay and loved it, would highly recommend!",nashville_reviews.csv,2026-04-13T02:03:58.118Z,District 6,entire home/apt,64
18630803,seattle,1474821039890027280,2025-07-27,191975779,Kendra,Great stay. The location was amazing. Close to downtown Seattle but also quiet and in a cute neighborhood. It was clean and easy to get into. Would 100% stay here again.,seattle_reviews.csv,2026-04-13T02:03:58.118Z,North Beacon Hill,entire home/apt,127
19213509,seattle,1500922547687498244,2025-09-01,16645903,Lizzie,"Tara’s place was perfect for our family. There was space for me to work from as well as living and dining space. The bedrooms worked well, and our dog loved the yard and eating apples that fell!",seattle_reviews.csv,2026-04-13T02:03:58.118Z,Riverview,entire home/apt,183
19553691,seattle,1485007832210272020,2025-08-10,95627994,Liana,"We enjoyed our 3-day stay in Travis’ place. The apartment is part of a duplex but is very private. It was comfortable, clean, with a fully stocked kitchen and bathroom. The bed was comfortable as well. We loved our morning coffee in the front yard under the apple tree. The apartment has a unique character and style, lovingly restored to its current charm. We will stay here again.",seattle_reviews.csv,2026-04-13T02:03:58.118Z,Leschi,entire home/apt,176
19673335,twin_cities,1476304400675872478,2025-07-29,5019790,Wilson,Extremely functional and well thought out home! It was perfect for us.,twin_cities_reviews.csv,2026-04-13T02:03:58.118Z,Hennepin,entire home/apt,149
19802859,chicago,1469766322554259974,2025-07-20,197706549,Desiree,Frankie was immensely friendly and super accommodating!,chicago_reviews.csv,2026-04-13T02:03:58.118Z,West Town,private room,91
20054707,nashville,1449444349266576892,2025-06-22,35210049,Anis,"Good location, clean place. Leslie and Brian communicated very well and were accommodating.",nashville_reviews.csv,2026-04-13T02:03:58.118Z,District 6,entire home/apt,193
20150138,nashville,1512531349879764587,2025-09-17,175659506,Larry,"The location is in a very nice neighborhood. We brought our dog with us and we were able to walk around on the sidewalks.  The living space was very cozy and clean.  Beds were really comfortable. During our stay, the air conditioner unit stopped working. And Molly promptly fixed the situation. We would highly recommend this carriage house !!",nashville_reviews.csv,2026-04-13T02:03:58.118Z,District 6,entire home/apt,112
20387243,twin_cities,1510314084943992192,2025-09-14,104183137,Megan,This was an excellent location right on Buffalo Lake. The hosts even provided us with kayaks to use during our stay. We felt right at home and will look to stay here again in the future!,twin_cities_reviews.csv,2026-04-13T02:03:58.118Z,Wright,entire home/apt,215
20454673,chicago,1516157212561944609,2025-09-22,347625166,Dave,"Beautiful Neighborhood, super close to the pink line train. Colby was an amazing host, she was very informative and super kind. The place was safe, and next to so many small businesses and eateries.",chicago_reviews.csv,2026-04-13T02:03:58.118Z,Lower West Side,private room,68
20636515,twin_cities,1494359910251983942,2025-08-23,478596168,Paula,This sweet and cozy river cabin was such a wonderful delight. Ann had all details covered along with great communication and expectations to our stay. Spending time at this beautiful property left us feeling relaxed and refreshed. We look forward to visiting again.,twin_cities_reviews.csv,2026-04-13T02:03:58.118Z,Pierce,entire home/apt,155
20801999,austin,1510285362951844956,2025-09-14,7881242,Harris,"We had a great stay here. Excellent location, easy parking, spacious and comfortable. Highly recommend.",austin_reviews.csv,2026-04-13T02:03:58.118Z,78701,entire home/apt,134
21005127,twin_cities,1488572469126547414,2025-08-15,700152675,Susan,"The kitchen table (and it was sticky we put a blanket on it) was the only place to sit and talk. <br/>The mattresses were sagging.  The whole building smelled like a mixture of mildew, marijuana and curry. The air conditioner was so noisy you couldn't hear the tv. The apartment is not ""modern"" as stated.  Its more like motel 6 in the 70's. <br/>Even though it is an old building the stairwells  and hallways could have been updated .",twin_cities_reviews.csv,2026-04-13T02:03:58.118Z,Hennepin,entire home/apt,96
21162778,twin_cities,1497259528239261876,2025-08-27,98793749,Stephen,"We enjoyed our opportunity to talk with Alex.  He told us all about his chickens and is an incredible gardener with lots of fruit trees and unique plants.  The location was great, within walking distance of a walkway along a creek and close distance to many restaurants and stores.  We had a very enjoyable stay.",twin_cities_reviews.csv,2026-04-13T02:03:58.118Z,Hennepin,entire home/apt,145
21191242,nashville,1513215256986398008,2025-09-18,431089231,Diana,Location Location Location!!,nashville_reviews.csv,2026-04-13T02:03:58.118Z,District 19,entire home/apt,184
21250914,twin_cities,1516141720344874285,2025-09-22,389160088,Lori,"We enjoyed our long stay. Thank you for letting us take over the farmhouse for over a month! Everything was stocked with essentials, kitchen, rooms, bathrooms, etc. Wifi worked great for working remotely. The home was nice and the property is beautiful. Very peaceful. We even had an eagle come and visit us a few times a week! We felt right at home. Sabrina was very responsive when we had questions. There are a few bars and restaurants nearby as well as a quick drive to Red Wing for groceries. Great location for a country living vibe,  just a few minutes drive from everything you could possibly want or need while staying .",twin_cities_reviews.csv,2026-04-13T02:03:58.118Z,Pierce,entire home/apt,177
21272387,chicago,1515393713423753334,2025-09-21,75998831,Nicole,"This location is everything, so many great places within walking distance! And a very cozy place to stay 😊",chicago_reviews.csv,2026-04-13T02:03:58.118Z,Logan Square,entire home/apt,133
21296745,nashville,1472642692344179896,2025-07-24,38412103,Lucia,I had a lovely stay. Quiet and peaceful. Close to shops and restaurants. Awesome location! Good wifi. Host very quick to respond.,nashville_reviews.csv,2026-04-13T02:03:58.118Z,District 25,entire home/apt,140
21423300,twin_cities,1515414222368419286,2025-09-21,100029045,Richard,"Incredibly clean, spacious, functional, and beautifully decorated.  Beds were very comfortable. Fun to learn about all the history with the 145 year old house. I would recommend this place to anyone that is staying in the Minneapolis area.",twin_cities_reviews.csv,2026-04-13T02:03:58.118Z,Hennepin,entire home/apt,328
21473196,twin_cities,604574596,2020-02-11,170953809,Marc,Excellent place to stay.,twin_cities_reviews.csv,2026-04-13T02:03:58.118Z,Hennepin,entire home/apt,84
21785950,nashville,1516071410840411167,2025-09-22,259279954,Manny,"Mel and her team were awesome, we felt right at home.  Comfy spot, and lots of choices to eat in the area within minutes of the spot.  Local groceries were also easy to find and get to when you just wanted a quiet night at home.  Puppy loved the backyard and would find him taking naps under the trees and chasing the local pair of squirrels.  This was such an awesome place to land as we travel across the country and now proudly get to call Nashville home.",nashville_reviews.csv,2026-04-13T02:03:58.118Z,District 5,entire home/apt,127
21817363,chicago,1413908368692626425,2025-05-04,94116722,Jess,"This may be the first 100% perfect review we've given 😂. Sam and Lyn were truly lovely hosts: caring, proactive, highly communicative, friendly, warm, flexible - everything you could want in a host, or even just a human!<br/>* The place was surprisingly spacious and well decorated.<br/>* The furniture is comfortable and higher quality than usual airbnb furniture.<br/>* The kitchen was quite well stocked (various sizes of good heavy pots and pans (although some flaking teflon); ample utensils; ample plates, bowls, glasses and cutlery; decent knives; cutting boards; round cake pans; 9x13 cake pans; broiling pans; only thing they didn't have was a cookie sheet)<br/>* The area was very safe, very vibrant, and highly walkable<br/>* There's a bustling Mexican grocery across the street, a slightly more diverse market down the street a little, and a big fancy Mariano's two miles down the road.<br/>* Lots of hispanic and middle-eastern restaurants<br/>* etc...<br/>Really a lovely stay. Highly recommend!",chicago_reviews.csv,2026-04-13T02:03:58.118Z,Albany Park,entire home/apt,126
21922221,chicago,987119614902792134,2023-09-23,56546851,Rosemary,"Maria is a passionate woman who helps me a lot, I love the experience here, I think the location of the house is cool because have a lot of storages and markets and good restaurants ..",chicago_reviews.csv,2026-04-13T02:03:58.118Z,Avondale,private room,35
22142890,nashville,1505243363830653374,2025-09-07,587571481,Leticia,great place for a family or get together house was so much bigger than what i thought it was originally loved my stay beautiful place would recommend !,nashville_reviews.csv,2026-04-13T02:03:58.118Z,District 12,entire home/apt,175
22397026,chicago,703582168044560491,2022-08-28,208947949,Emily,"My family & I had a great stay here. The host was super responsive, and the place was clean and so thoughtfully stocked (water in fridge, blue line passes, coffee & creamer, body wash/shampoo/conditioner, etc.) We would recommend!",chicago_reviews.csv,2026-04-13T02:03:58.118Z,Avondale,entire home/apt,121
22451703,austin,1457380769847199717,2025-07-03,665657904,CIan,Tashara must be your choice when staying in Austin Texas!!!,austin_reviews.csv,2026-04-13T02:03:58.118Z,78747,private room,28
22616889,nashville,1459531267372521517,2025-07-06,123228498,Katy,Host was very attentive and made sure we had everything we needed during our stay.  Would stay here again.,nashville_reviews.csv,2026-04-13T02:03:58.118Z,District 15,entire home/apt,128
22648434,twin_cities,1013146030716053992,2023-10-29,158098058,Elyzabeth,"Great place if you are looking for a long term rental and a want a Minnesota cabin feel! We’ve been staying here every summer for the past four years and love every minute of it! Anton is great and he will go above and beyond to make sure you are comfortable! As always, highly recommend! Thanks my friend and see you next year!",twin_cities_reviews.csv,2026-04-13T02:03:58.118Z,Hennepin,entire home/apt,100
22669967,twin_cities,1515331968005047295,2025-09-21,172708187,Karen,"George's place was very comfortable, homey, cozy!  It was as described and George checked in a few times to make sure we were comfortable.  Very friendly and accommodating.  I would highly recommend for those looking for a quiet, peaceful stay when attending events in the area.  I wished I could have stayed longer on Sunday to walk some of the trails, but I had to get home for other obligations.",twin_cities_reviews.csv,2026-04-13T02:03:58.118Z,Hennepin,entire home/apt,81
22701725,twin_cities,1327716934203876526,2025-01-05,65967707,Michelle,"We truly enjoyed our stay….it was wonderful to have our dog Miles welcome and the fenced in backyard made it a safe place for him. The whole vibe was very comfortable and warm, we felt right at home. It was very well stocked with anything we needed and the kitchen was an amazing place to cook.  Thank you for the amazing hospitality  Randee!",twin_cities_reviews.csv,2026-04-13T02:03:58.118Z,Hennepin,entire home/apt,375
22715967,seattle,1515396467134013918,2025-09-21,439457267,Jaylene,Loved everything about this location! From the actual location to our hostesses. The response time was always speedy & she even had a gift for my daughter upon arrival. So thoughtful & is also going the extra mile to send a ring back my daughter left. Thank you so much for the hospitality. If you are looking for a safe CLEAN location with lots to do look no further this is your go to spot!,seattle_reviews.csv,2026-04-13T02:03:58.118Z,Belltown,entire home/apt,179
22742704,twin_cities,1511020262776797709,2025-09-15,106740071,Cathy,Absolutely lovely place to rent! Was perfect for me and my mom’s trip to see the Vikings vs Falcons game- stadium is a nice and safe 10 minute walk from the Airbnb. Would rent again if we find our way up to MN again. Thanks Chris!,twin_cities_reviews.csv,2026-04-13T02:03:58.118Z,Hennepin,entire home/apt,74
22751134,austin,1469680779522998558,2025-07-20,594320022,Hayden,"I didn’t stay the night, I felt uncomfortable",austin_reviews.csv,2026-04-13T02:03:58.118Z,78745,private room,45
22805603,austin,1474793680917922380,2025-07-27,390159043,Tyson,great place really enjoyed my time.  Very professional and considerate host.,austin_reviews.csv,2026-04-13T02:03:58.118Z,78704,entire home/apt,115
22828040,twin_cities,1515327527979252530,2025-09-21,197039115,Dave,This place was very clean. It was a great reasonably priced home.,twin_cities_reviews.csv,2026-04-13T02:03:58.118Z,Ramsey,entire home/apt,72
22865431,twin_cities,1510272580017105387,2025-09-14,494702387,James Michael,"Marks place was a great find! <br/>Very clean, everything we needed.<br/>Loved the extra snacks, choice of beverages, comfortable furniture.<br/>We discovered great restaurants nearby and the location was convenient to the highways.",twin_cities_reviews.csv,2026-04-13T02:03:58.118Z,Hennepin,private room,76
22973592,twin_cities,1507360296831433676,2025-09-10,138192703,Pamela,"Erica was very friendly and proactive, the check-in process and instructions were easy. Her place looked like the photos and also she had lots of goodies for us to use and snacks to eat. We felt right at home.",twin_cities_reviews.csv,2026-04-13T02:03:58.118Z,Dakota,private room,80
23074190,nashville,1490701379829529445,2025-08-18,98798217,Sasha,"This rental is immaculate. The styling is spot-on, the finishes are upscale. No shortcuts were taken in the preparation of this place. I wish more hosts had this level of attention to detail! I highly recommend.",nashville_reviews.csv,2026-04-13T02:03:58.118Z,District 24,entire home/apt,189
23075059,seattle,1505999297047171724,2025-09-08,257847653,Benjamin,Excellent stay. Made me feel right at home in Seattle. Excellent and extremely responsive host. 10/10!,seattle_reviews.csv,2026-04-13T02:03:58.118Z,Belltown,entire home/apt,108
23076088,chicago,918948747837402736,2023-06-21,513509426,Pavel,hi for all turist renting this property i rcomend as a yes for this property both is nor 5 star how is on the picture,chicago_reviews.csv,2026-04-13T02:03:58.118Z,Bridgeport,entire home/apt,89
23394896,austin,1449432324136414558,2025-06-22,490386559,Elizabeth,Nice! Great location and clean home,austin_reviews.csv,2026-04-13T02:03:58.118Z,78704,entire home/apt,258
23629432,austin,739835051738840421,2022-10-17,261671502,Will,"Was told I had a private bath, only to find out it was shared during day two of my stay. Also noisy late at night.",austin_reviews.csv,2026-04-13T02:03:58.118Z,78744,private room,67
23646000,nashville,1449410361201721365,2025-06-22,132690584,Meghan,"We visited Nashville for my sister-in-laws bachelorette. Sean made everything so easy. Everything was spotless and the location was close to everything (we Ubered because it was in a slightly sketchy looking neighborhood but we felt safe the whole time we just didn’t want to walk as a group of 6 girls in an unfamiliar place. The Ubers were very cheap too! Maybe $5 per person to get downtown). There were cooking basic, comfy beds, clean linens, and shampoo, conditioner, and body wash in the shower and everything to feel right at home. We would recommend and stay again 😊",nashville_reviews.csv,2026-04-13T02:03:58.118Z,District 17,entire home/apt,322
23752202,nashville,1515445067865235706,2025-09-21,44781975,Colleen,"We had a wonderful time staying here. The house is a lovely Victorian, and it was very comfortable. Our host was very easy to communicate with. The house is located in a very walkable and safe area. There are plenty of restaurants and you are just a few blocks away from #12 trolley stop at the farmers market. we had a wonderful stay and would stay again.",nashville_reviews.csv,2026-04-13T02:03:58.118Z,District 19,entire home/apt,164
24085799,chicago,1489997113194728605,2025-08-17,422921997,Cody,"6 rooms in the flat to share two bathrooms. One bathroom does not have hot water, so sometimes there is a wait for the good shower or you are stuck taking a cold shower if you are in a rush.",chicago_reviews.csv,2026-04-13T02:03:58.118Z,Armour Square,private room,66
24094071,nashville,1434169048388535688,2025-06-01,496655099,April,Very nice place.,nashville_reviews.csv,2026-04-13T02:03:58.118Z,District 5,entire home/apt,371
24210520,austin,351104853,2018-11-21,21114124,Tim,"Great apartment! Smooth check-in, good communication, great location. Can't say enough good things about this apartment<br/>Can't recommend enough. Will be back",austin_reviews.csv,2026-04-13T02:03:58.118Z,78701,entire home/apt,135
24245679,nashville,1487888453888802597,2025-08-14,504952081,Anthony,good,nashville_reviews.csv,2026-04-13T02:03:58.118Z,District 7,entire home/apt,117
24286056,seattle,1501009201386314775,2025-09-01,443847018,Megan,"Deirdre’s apartment was beautiful, clean, and in an exceptional location. We particularly enjoyed the private patio as well as the rooftop view of the Space Needle and Belltown. It was close to Pike Place Market and a variety of good coffee shops and restaurants. The apartment itself felt very cozy. I would recommend the Oasis!",seattle_reviews.csv,2026-04-13T02:03:58.118Z,Belltown,entire home/apt,185
24332190,chicago,1509604017643441831,2025-09-13,713762481,Freddy,The property exceeded my expectations and felt like home for the last week - cozy and comfortable. Jordan was a thoughtful & responsive host and provided very helpful & detailed instructions. Would happily stay here again!,chicago_reviews.csv,2026-04-13T02:03:58.118Z,Humboldt Park,entire home/apt,170
24433183,seattle,1516851490436872782,2025-09-23,132243462,Susan,"Great location and quiet neighborhood. Unit was well equipped and clean. We had a car and found it best to  park up the street in the evening, rather than move the car in the morning. I would stay here again!",seattle_reviews.csv,2026-04-13T02:03:58.118Z,Minor,entire home/apt,128
24807188,twin_cities,1377725393278306347,2025-03-15,455387756,Warren,"The Airbnb was exactly what was shown in the photos, the host provided great communication. The only thing that wasn't perfect was that the upstairs toilet was a little dirty otherwise, everything else was great. I would definitely stay here again.",twin_cities_reviews.csv,2026-04-13T02:03:58.118Z,Hennepin,entire home/apt,117
25191782,chicago,1505225592085024645,2025-09-07,241017799,Kamya,"We loved our stay, Helen was very helpful with everything you can imagine. Space was clean and location was good and safe. Would highly recommend!",chicago_reviews.csv,2026-04-13T02:03:58.118Z,Douglas,entire home/apt,126
25458599,seattle,1485672900845576311,2025-08-11,34689770,Cathleen,"We were very pleased with this house. The beds were comfortable, the kitchen had everything we needed, and the master bath was amazing.",seattle_reviews.csv,2026-04-13T02:03:58.118Z,Mann,entire home/apt,269
25555626,chicago,1366810365809044723,2025-02-28,157166737,Monica,"Our family had to stay a few months while we were waiting for our home to be sold. Mitesh was very friendly, responsive, and always helpful with any questions or concerns I had. Both bathrooms were clean and nice. Bedrooms were spacious and comfortable, and the kitchen was great as well. Our favorite thing was having Horner Park nearby, so we could take our dogs to play there every day. Mitesh was a great host and I definitely recommend staying here!",chicago_reviews.csv,2026-04-13T02:03:58.118Z,Irving Park,entire home/apt,130
25969105,twin_cities,1479906784889491177,2025-08-03,517219109,Lyndsy,"I wish it was as well-cared for inside as it was outside. It felt rather dirty and dingy the whole time we stayed.  The couch was so dirty we never sat on it, the barstool chairs are all ripped, nearly every wall has weird stains, there is a wall of peeling paint and mold spots in bathroom. Every white towel had stains, so we immediately went and bought our own towels. The shower liner upstairs was moldy, so I bought a new one and replaced it (you are welcome, whomever stays next). There are no dressers, and only a couple random hangers. One bedroom closet doesn't open. The TV had no working volume for our entire stay. Neighbors can be heard very easily. Basketball courts out back were very loud until around 9:30 in the evenings. On the positive side, the neighbors throughout the neighborhood were very nice and the location is close to many food and shopping options. The beds were comfortable and there were plenty of dishes for cooking and eating.",twin_cities_reviews.csv,2026-04-13T02:03:58.118Z,Hennepin,entire home/apt,116
26008813,twin_cities,1481311458475771733,2025-08-05,46694304,Steve,We decided not to stay at this property.,twin_cities_reviews.csv,2026-04-13T02:03:58.118Z,Wright,entire home/apt,214
26259360,seattle,1512538450222336262,2025-09-17,173701052,Aksana,I had such an amazing time being in Seattle for the first time ever and staying at Jill and Joel’s place. The second I walked in my jaw dropped at how amazingly clean everything was and the attention to detail they took to make this place into such homey vibe. It had every single thing you could think of. I appreciate the little things they added like the pitcher of water and snacks for my hike. Location was perfect to where I wanted to adventure off to for the few days I was there. I can’t wait to come back to Seattle and I will most definitely be staying here again. Thank you Jill and Joel so very much for making my experience in Washington a trip I’ll never forget!,seattle_reviews.csv,2026-04-13T02:03:58.118Z,Arbor Heights,entire home/apt,112
26425599,seattle,1506065716895453457,2025-09-08,586499789,Sarah,The place was beautiful  nice set up. Host was kind left clear directions.,seattle_reviews.csv,2026-04-13T02:03:58.118Z,Columbia City,entire home/apt,243
26441475,seattle,1494407262401321609,2025-08-23,342230985,Grace,Our family really enjoyed our stay at Tracy’s home. It was just what we needed to spend some quality time together.,seattle_reviews.csv,2026-04-13T02:03:58.118Z,Phinney Ridge,entire home/apt,164
26566116,seattle,1449515725311677181,2025-06-22,36571534,Mildred,We ran a little late on our check out due to a very minor medical issue and she was very understanding. I really appreciated that. The location is very quiet and peaceful but not walking distance to restaurants or cafes so it depends on your needs. The back yard was cute and seems nice for a coffee or chat but we didn't have time. Owner lives above but very separate. Sometimes hear a little pitter-patter of her dog's paws but never barking. Appliances a bit dated but work and is appropriate to the cost of the place. Seattle is crazy expensive and we looked for a good price. This was perfect for our group of  3.,seattle_reviews.csv,2026-04-13T02:03:58.118Z,Broadview,entire home/apt,143
27047473,nashville,1508097068428193879,2025-09-11,679430924,Rebecca,"Wonderful place, lots of room, very comfortable, clean, and easy to get to a lot of Nashville attractions. The Host was very responsive.",nashville_reviews.csv,2026-04-13T02:03:58.118Z,District 21,entire home/apt,169
27506626,austin,1393660164269714341,2025-04-06,207229376,Rocio,Rachel was a great host! Super communicative and the space filled all of our needs!,austin_reviews.csv,2026-04-13T02:03:58.118Z,78723,entire home/apt,130
27553317,chicago,1505221056588399263,2025-09-07,413994846,Greg,"We rented this unit specifically for an event at the United Center.  It's extremely close, quiet at night (the ""L"" is just a few blocks away but could barely be heard), and Zed was very communicative for the few questions that I had.  Easy access in terms of checking in and very few requirements at check out.",chicago_reviews.csv,2026-04-13T02:03:58.118Z,Near West Side,entire home/apt,191
27824875,twin_cities,1510277621334278857,2025-09-14,695356282,Jane,We especially enjoyed the nice big island and kitchen area. It was fun to stay in a historic house that has been updated and was very comfortable.,twin_cities_reviews.csv,2026-04-13T02:03:58.118Z,St. Croix,entire home/apt,176
27984069,seattle,1512593759474816616,2025-09-17,665647136,Landi,The room is very clean and it's very comfortable to live in.,seattle_reviews.csv,2026-04-13T02:03:58.118Z,Greenwood,entire home/apt,96
28365055,nashville,1490718298275879554,2025-08-18,44150399,Gage,Incredible communication throughout our stay. Would happily book again.,nashville_reviews.csv,2026-04-13T02:03:58.118Z,District 21,entire home/apt,140
28411010,seattle,1503839686298725906,2025-09-05,715961944,Clayton,Great stay. Thanks!,seattle_reviews.csv,2026-04-13T02:03:58.118Z,Broadway,entire home/apt,128
28414569,seattle,1515410580181652661,2025-09-21,237261839,Teresa,We enjoyed our stay in this lovely place. The walking path was close by. We were able to walk to stores & restaurants. It was also easy to get to the city from here.,seattle_reviews.csv,2026-04-13T02:03:58.118Z,Laurelhurst,entire home/apt,113
28458232,nashville,1314707786075913907,2024-12-18,586684777,Dora,"This was such a wonderful home! Joseph was a great host and we truly appreciate his hospitality! Very responsive, communicates well, and the home was just perfect for our family! Close to everything, wonderful neighbors and just a very great experience! We would recommend a thousand times! Thank you Joseph!",nashville_reviews.csv,2026-04-13T02:03:58.118Z,District 16,entire home/apt,373
28466540,seattle,1500983278435263661,2025-09-01,680629955,Kyle,"Lyle was a great host, and his place was perfect for walking to and from our event in downtown Seattle. The condo itself was in excellent condition and worked perfectly for my group. We would happily stay there again if we were visiting Seattle.<br/>The only minor issue we encountered—through no fault of the host—was with Google Maps. The app shows the entrance in the wrong place, so be sure to follow the directions provided rather than relying on Google once you get close, especially if you are driving to this location.",seattle_reviews.csv,2026-04-13T02:03:58.118Z,First Hill,entire home/apt,124
28509493,nashville,1493687745915062900,2025-08-22,566438132,Luis,"We were comfortable at this house, especially because it was close to my work",nashville_reviews.csv,2026-04-13T02:03:58.118Z,District 13,entire home/apt,118
28561534,twin_cities,763091926840779142,2022-11-18,234798596,Gretchen,"I had a great stay.  An upper floor was assigned to me, with a bedroom, bathroom and a dining/efficiency kitchen/sofa room. The bed was comfortable, I had everything needed.  I think others have mentioned low head height in a shower, and a hand held shower head helps to make things workable. It was quiet and easy to access. Near to so many destinations.  Donna was a gracious host.",twin_cities_reviews.csv,2026-04-13T02:03:58.118Z,Hennepin,private room,59
28930638,nashville,1473288661776947878,2025-07-25,692197186,Katy,Great space and close to Broadway!,nashville_reviews.csv,2026-04-13T02:03:58.118Z,District 2,entire home/apt,198
29035011,austin,1416835864226018252,2025-05-08,291934558,Ray,The place was immaculate. I had the opportunity to meet the owner and he was gracious and helpful. I would definitely stay here again. <br/>And Thank You to Chiaki!,austin_reviews.csv,2026-04-13T02:03:58.118Z,78753,entire home/apt,52
29335099,austin,1168971167997043871,2024-05-31,424338819,Yutaro,It's great place to stay.,austin_reviews.csv,2026-04-13T02:03:58.118Z,78704,entire home/apt,90
29368917,twin_cities,1501646494566463143,2025-09-02,61975529,Gordon,"An absolute gem! I loved every minute here. Both porches (enclosed and outdoors) are great spaces for meals and relaxing. The neighborhood is beautiful and calm, while still being central to everything we wanted to do.",twin_cities_reviews.csv,2026-04-13T02:03:58.118Z,Ramsey,entire home/apt,84
29480719,nashville,1513184257261466094,2025-09-18,279642448,Cal,Good value,nashville_reviews.csv,2026-04-13T02:03:58.118Z,District 19,entire home/apt,117
29481624,chicago,1511036650578135114,2025-09-15,7988249,John,Very convenient and well equipped apartment in a trendy ethnic neighborhood. Great restaurants 1/2 a block away. Our host provided a detailed list of food and service recommendations. Don't miss the Michelin rated Thai. Private parking for our large SUV!. Easy trip into Downtown Chicago. Highly recommend.,chicago_reviews.csv,2026-04-13T02:03:58.118Z,Lower West Side,entire home/apt,118
29662560,austin,1282740555972798946,2024-11-04,119296802,Mary,"There were six of us visiting Austin for an early Thanksgiving at our son's house. Fuad's home was on the same street, so the location could not have been better.  It was clean, comfortable and had everything we needed for a wonderful stay.",austin_reviews.csv,2026-04-13T02:03:58.118Z,78704,entire home/apt,232
30658935,nashville,1495084524199814539,2025-08-24,208303278,Jordana,"We enjoyed our stay, clear instructions and it was clean. Few things to note 1. It’s about $40 one way from/to airport $15 to broadway. There is a stadium behind the property so if there’s a game uber/lyfts aren’t allowed so you have to walk a tad (not bad) to get there bc of the blocking. Overall the host communication was 1000/10 and we had a great time.",nashville_reviews.csv,2026-04-13T02:03:58.118Z,District 17,entire home/apt,135
30913064,austin,1507458906997094024,2025-09-10,386958193,Samantha Sue,Great place to stay if your looking to relax with privacy. Place is clean and host is very responsive. 10/10 would stay again!,austin_reviews.csv,2026-04-13T02:03:58.118Z,78728,entire home/apt,96
31116686,seattle,1490039316156341978,2025-08-17,368336128,Kelly,"Close to downtown, very quiet neighborhood and spotless house! It was perfect.",seattle_reviews.csv,2026-04-13T02:03:58.118Z,Mount Baker,entire home/apt,114
31825683,austin,1449472364849880102,2025-06-22,677384970,Courtney,"Wonderful outdoor atmosphere. Very cute and comfortable, would definitely book again 😄",austin_reviews.csv,2026-04-13T02:03:58.118Z,78745,entire home/apt,166
32268160,nashville,1510988577742454782,2025-09-15,93140601,Megan,This host has such a great location. Very walkable to everything in the Gulch and beyond. Super clean and great amenities.,nashville_reviews.csv,2026-04-13T02:03:58.118Z,District 19,entire home/apt,101
32284142,nashville,1452276376792002501,2025-06-26,237918118,Blake,The customer service was top notch! We loved the location as it was just a 10-15 min uber ride to all the action. There are lots of food options nearby as well as a Walmart. It was very clean and very comfortable. Would definitely stay again!,nashville_reviews.csv,2026-04-13T02:03:58.118Z,District 17,entire home/apt,76
32284340,nashville,1417584998057479568,2025-05-09,690035537,Shelby,always have a good stay here! no complaints ever,nashville_reviews.csv,2026-04-13T02:03:58.118Z,District 17,entire home/apt,76
32308420,nashville,1501616988528362808,2025-09-02,568533048,Roger,I had an excellent stay!,nashville_reviews.csv,2026-04-13T02:03:58.118Z,District 17,entire home/apt,76
32312615,nashville,1505197850064402105,2025-09-07,179145745,Benicia,"It was a great spot, with excellent dining options nearby. Will definitely keep them in mind for future visits.",nashville_reviews.csv,2026-04-13T02:03:58.118Z,District 17,entire home/apt,76
32934782,chicago,1508113443458248662,2025-09-11,207551957,Luke,"Absolutely amazing place in the heart of Chicago. Great views of the lake, plenty of space and not a lot of city noise. The place is clean, updated, and amazing. If you’re looking for a place to stay in Chicago, look no further!",chicago_reviews.csv,2026-04-13T02:03:58.118Z,Near North Side,entire home/apt,318
33286578,seattle,1485722481046806175,2025-08-11,54295738,Neil,We really enjoyed our stay!,seattle_reviews.csv,2026-04-13T02:03:58.118Z,Genesee,entire home/apt,149
33305391,twin_cities,1508903834244000539,2025-09-12,547976050,Jess,Excellent place. Highly recommended.,twin_cities_reviews.csv,2026-04-13T02:03:58.118Z,Hennepin,private room,51
33307346,twin_cities,1505981372664983149,2025-09-08,548736736,Emily,Pretty great. Everything is clearly labeled. They provide you with your own set of clean towels to use. Place is very clean. Hosts are responsive.,twin_cities_reviews.csv,2026-04-13T02:03:58.118Z,Hennepin,private room,50
33363106,chicago,1505217532251179425,2025-09-07,473164154,Nicholas,Great place to stay at when you’re going to Wrigley Field,chicago_reviews.csv,2026-04-13T02:03:58.118Z,Lake View,entire home/apt,384
33531706,seattle,1476988766219994459,2025-07-30,481031100,Aint Myat Hmu Aung,"The house is very clean. The neighborhood is quiet. Everything matches the description. The only thing is if you use apple map, it will take you to the back street and there is no passage connecting to the front so you will have to go around. The dogs are extremely cute and well trained too.",seattle_reviews.csv,2026-04-13T02:03:58.118Z,Haller Lake,private room,50
33664380,austin,1450208310451676944,2025-06-23,103301087,Cam,We loved our stay here! Beyond perfect and great hosts.,austin_reviews.csv,2026-04-13T02:03:58.118Z,78702,entire home/apt,176
33667922,chicago,1500870568303090820,2025-09-01,128387853,Heather,"We had a great weekend in Chicago.  The condo matched the description in listing, was clean and had everything we needed.  Xin was great to work with and provided all necessary information and answered messages very promptly.  We appreciated the proximity to subway which made it very easy to get around.",chicago_reviews.csv,2026-04-13T02:03:58.118Z,Armour Square,entire home/apt,305
33690503,seattle,1506692609503631563,2025-09-09,118697491,Ann,"This place is very close to tourist attractions, restaurants, coffee shops, and stores. It's comfortable and clean, although a little small. The kitchen is well stocked and it has a washer/dryer and dishwasher in addition to the usual appliances. Lyle, the host, is accommodating and responsive. If it's nice, be sure to go up on the roof deck. We did find the bed to be a little soft. The building is fairly quiet, but it's right in the city, so there is some street noise. Overall, it's a good place to stay.",seattle_reviews.csv,2026-04-13T02:03:58.118Z,Belltown,entire home/apt,99
34303597,chicago,1510267937270282438,2025-09-14,460725954,Kate,This Airbnb was a great stay for the month! It was a 15 min. walk to Lincoln Park and the lake. The neighborhood was quiet and safe. The hosts were very welcoming and answered all my questions before and during my stay as they arose.,chicago_reviews.csv,2026-04-13T02:03:58.118Z,Lincoln Park,entire home/apt,126
34397966,seattle,1499559134669495053,2025-08-30,507218467,Jiayi,"very nice experience, with a comfortable bedroom and a very clean bathroom. The host is also hospitable. I really enjoy this stay.",seattle_reviews.csv,2026-04-13T02:03:58.118Z,First Hill,private room,132
34781110,seattle,870336740073119142,2023-04-15,423926132,Sarah,"This was a perfect place for my 13 week travel assignment in Seattle.  Location was perfectly drivable to downtown.  The apartment was immaculately clean, had literally everything needed for a long term stay, but wasn’t overly cluttered so I still had space for my belongings.  The host was very responsive and was so respectful of privacy.  This location is extremely quiet and great for night shift workers like myself.  There is a designated parking space in the driveway off the street that will fit 2 vehicles.  The entrance is private. I really enjoyed my stay here and would definitely return.",seattle_reviews.csv,2026-04-13T02:03:58.118Z,Haller Lake,entire home/apt,127
34932141,chicago,1505978098195272246,2025-09-08,458729023,Andrea,"We stayed here during our Chicago trip for 2025 Hall of Fame ceremony and loved it! The location was very walkable, making it easy to explore the city, and the space was perfect for our family of five. Mark was incredibly accommodating and helpful—truly a great host. Highly recommended for families visiting Chicago!<br/>Places that we like that are within 20 minutes walking places that we like that are within 20 minutes walking Bryons hot dog and Borinquen",chicago_reviews.csv,2026-04-13T02:03:58.118Z,Lake View,entire home/apt,215
35284235,chicago,1475579103079990537,2025-07-28,1676913,Caitlin,"We had a wonderful stay at Tommy and Annie’s place! Well stocked, clean, excellent location!",chicago_reviews.csv,2026-04-13T02:03:58.118Z,Lake View,entire home/apt,205
36114524,seattle,1501707369340439013,2025-09-02,212641146,William,We had a great time staying at the bungalow! Had all the necessities. Rebecca was a great host and available when we had questions! Thank you :),seattle_reviews.csv,2026-04-13T02:03:58.118Z,Mount Baker,entire home/apt,109
36389447,twin_cities,1510281030935017459,2025-09-14,141446866,Edwin,"Very nice basement apartment; spotless; sofa bed is very comfortable; spacious bathroom with luxury towels; attentive hosts; no smells of any kind.  Plus, nice bikes are included!<br/>Only 2 minor negatives: 1) the bar height is very high compared to the stools; 2) you can hear noise from hosts upstairs, but this is typical when in a part of someone's residence.",twin_cities_reviews.csv,2026-04-13T02:03:58.118Z,Ramsey,private room,63
36491125,seattle,1419023988996426476,2025-05-11,326142062,Rachel,"We could not recommend D&J’s place more highly. Wonderful space and exceptionally kind and helpful hosts, who went out of their way, really went the extra mile, to help us as international travellers with a few tricky logistics. D&J were always extremely contactable and flexible, and their place was the perfect base from which we could walk to many of the most fabulous places in Seattle - the laminated guide to recommended sites, restaurants etc was a lovely touch. We sincerely thank you, D&J, for a wonderful stay.",seattle_reviews.csv,2026-04-13T02:03:58.118Z,First Hill,entire home/apt,147
36523604,nashville,1506731497934262988,2025-09-09,270823857,Bri,"Me, my husband &our teen ended up in Nashville for the first time for a concert at the Bridgestone Arena. Randy & Diane seem to have perfected how to be amazing hosts! The unit was very clean,plenty of towels & bedding, board games, anything you could really think of to make it feel comfortable.We loved the backyard, where we hung out throughout the day, fans - lots of seating&a huge table under an awning so we could still enjoy it while it was raining.<br/>They literally thought of everything, all the way down to having labels all over the place telling you where things were located - which was a great touch! We loved it so much we ended up putting in a last minute extension, which was approved promptly. <br/>The Germantown area was also fantastic. Could grab a scooter anywhere&head downtown or just walk around. It was quiet, the locals were all super friendly & there was plenty of restaurants nearby. Very walkable. <br/>If we're ever back in the area, we'll definitely be staying here again!",nashville_reviews.csv,2026-04-13T02:03:58.118Z,District 19,entire home/apt,135
36560124,austin,1414682247550016774,2025-05-05,99811410,Seth,The location was good and the room was spacious and had everything we needed. Check in was slow but the biggest problem was that the two bedroom unit was not available the first night and they didn’t notify before arrival nor did they offer a discount or any other benefit to make up for the problem. We were forced to change rooms the next day,austin_reviews.csv,2026-04-13T02:03:58.118Z,78701,private room,341
36595243,seattle,1497359073974583315,2025-08-27,11597333,Nancy,This is our third summer staying here and it really feels like home with all the amenities and space,seattle_reviews.csv,2026-04-13T02:03:58.118Z,Maple Leaf,entire home/apt,99
36835843,chicago,1478393141641240185,2025-08-01,694032905,Maaz Ahsan,Very convenient location. Host was kind and  responsive.,chicago_reviews.csv,2026-04-13T02:03:58.118Z,Woodlawn,private room,42
37533302,austin,1032674553711763953,2023-11-25,257230939,Nicholas,Close to downtown which was good. No offstreet parking though as the owners Jeep was parked in the driveway.,austin_reviews.csv,2026-04-13T02:03:58.118Z,78702,private room,155
37682465,nashville,1515438065046522820,2025-09-21,43789330,Courtney,"This place was perfect for a short stay. Quiet, peaceful and all you need.",nashville_reviews.csv,2026-04-13T02:03:58.118Z,District 30,private room,81
37715078,nashville,1500160771683860606,2025-08-31,326925804,Alyssa,We stayed in Josh's home for a few months due to work in the area. It was the best stay!  Josh was always quick to respond and help out with anything we needed!!,nashville_reviews.csv,2026-04-13T02:03:58.118Z,District 27,entire home/apt,204
38330774,twin_cities,999395029717433492,2023-10-10,84776892,Hyun,All five stars! Best place to stay for the long term. Close to everything. Very responsive. I would stay there again.,twin_cities_reviews.csv,2026-04-13T02:03:58.118Z,Hennepin,entire home/apt,62
38802306,austin,1424840143462938358,2025-05-19,546873186,Varsha,Clean place and amazing host,austin_reviews.csv,2026-04-13T02:03:58.118Z,78744,private room,33
38904250,nashville,1513959632889058249,2025-09-19,14246495,Nick,"I was in town for a conference and this place was great! Walkable to the venue downtown, the area had a neighborhood atmosphere, and the furnishing were comfortable. Highly recommended!",nashville_reviews.csv,2026-04-13T02:03:58.118Z,District 19,entire home/apt,171
38950182,chicago,1504491534221701221,2025-09-06,712071771,Tingting,Laura’s place is truly nice. It is very clean and has abundant kitchen ware. Laura is a nice and kind lady. The stay was great!👍,chicago_reviews.csv,2026-04-13T02:03:58.118Z,South Lawndale,entire home/apt,196
39034225,nashville,1511786672967428669,2025-09-16,516833634,Yesenia,"The place was clean, comfortable, and matched the photos, with a convenient location that made getting around easy. Communication with Andrew & Rachel was clear and check-in was simple.",nashville_reviews.csv,2026-04-13T02:03:58.118Z,District 17,entire home/apt,182
39085203,austin,638371334479509555,2022-05-30,376445196,Kelley,Great location if you need to be near the airport. Great host! Very clean bathroom and bedroom. Bed was comfortable. Towels were awesome! Host provided toiletries in case you forgot. We didn’t have to use anything but it was a nice added touch!  Would definitely come back and stay and recommend to others coming to Austin! ♥️,austin_reviews.csv,2026-04-13T02:03:58.118Z,78744,private room,76
39110341,austin,1509622903722238114,2025-09-13,485857027,Monica,"The location is fantastic, and the host was very responsive throughout our stay. Inside, the flooring could use some attention, there were a few areas where it felt uneven or soft underfoot, which might benefit from subfloor reinforcement. Outside, the yard has great potential but could use a little care. Enhancing the outdoor space would make it more inviting for guests to relax and enjoy the fresh air, and would also add charm and curb appeal to the property.",austin_reviews.csv,2026-04-13T02:03:58.118Z,78702,entire home/apt,109
39320169,seattle,1504534790841301086,2025-09-06,206947264,Sohan,"it was my second time staying, very clean place, friendly hosts, great location. highly recommend.",seattle_reviews.csv,2026-04-13T02:03:58.118Z,North Delridge,private room,38
39561422,seattle,1506776659855712147,2025-09-09,56518282,Delfino,"What a great place from which to explore the city. Great restaurants and coffee shops nearby. Light rail station close by made it easy to get around. Our hosts, Lila and Mark, were exceptional—friendly, gracious.  <br/>The tiny house was cute and cozy. Well setup. The hosts thought of everything. No clutter. Nice artwork. <br/>I highly recommend this Airbnb.  We’ll be back.",seattle_reviews.csv,2026-04-13T02:03:58.118Z,North Beacon Hill,entire home/apt,116
39907322,seattle,1493732377086479845,2025-08-22,3912494,Nicole,"Cute, cozy house!",seattle_reviews.csv,2026-04-13T02:03:58.118Z,North Delridge,entire home/apt,156
40140223,nashville,1515420265510987804,2025-09-21,712303898,Donte,"This was the best place I stayed in. It was clean and beautiful, and they made it feel like home. My girlfriend loved the bed swing. Maxine was amazing—she was super nice and kind. We will be booking again soon.",nashville_reviews.csv,2026-04-13T02:03:58.118Z,District 3,private room,220
40263364,twin_cities,1408798199320221164,2025-04-27,461783631,Mackenzie,"This was a great place to stay for a long-term visit. Everything was as pictured, and there were some little touches that I didn’t anticipate. They provided everything I needed that I couldn’t pack. I would definitely stay here again!",twin_cities_reviews.csv,2026-04-13T02:03:58.118Z,Ramsey,private room,42
40423641,nashville,1500864140252016341,2025-09-01,688369780,Ty,Perfect for what I needed.,nashville_reviews.csv,2026-04-13T02:03:58.118Z,District 19,entire home/apt,172
40561326,austin,1403825844113256032,2025-04-20,134689863,Dawn,What a cozy cute bungalow. Big enough for two couples or a family with children. Location was awesome and Kay was very responsive to our needs. Would highly recommend this very cute and comfy rental!,austin_reviews.csv,2026-04-13T02:03:58.118Z,78703,entire home/apt,295
40752964,nashville,1490801950294489883,2025-08-18,439667919,William,"Wonderful home and a fantastic time in the city, everything walkable and a gorgeous peaceful neighborhood! Thank you Shauna for your hospitality!",nashville_reviews.csv,2026-04-13T02:03:58.118Z,District 6,entire home/apt,109
40800170,twin_cities,1482061793920535898,2025-08-06,25966815,Reena,"I stayed at Felicity's place with my family, including 3 children under age 12 and one grandmother. All had lovely things to say about this very cute home. There were plenty of amenities and instructions laid out for the home itself as well as the surroundings. We arrived a bit early to Minneapolis and were very grateful that Felicity was flexible with us for check-in. The house has 4 total stories, with plentiful bedding. One bathroom is upstairs from the main area, and the other is in the basement. The lake as well as multiple restaurants/bars/grocery and convenience stores (and even a great resale bookstore!) are all within walking distance. We had a lovely, relaxing stay and would certainly recommend the place to anyone coming to the area.",twin_cities_reviews.csv,2026-04-13T02:03:58.118Z,Hennepin,entire home/apt,185
41166856,chicago,1122701294189952790,2024-03-28,8773797,Lani,Very responsive. Perfect place to stay for 6 months internship in downtown Chicago.,chicago_reviews.csv,2026-04-13T02:03:58.118Z,Loop,entire home/apt,202
41381981,seattle,1507434870932158746,2025-09-10,63000940,Patrick,Thanks Ken! Awesome place. We enjoyed our stay.,seattle_reviews.csv,2026-04-13T02:03:58.118Z,Belltown,entire home/apt,172
41455518,chicago,1509615053956780508,2025-09-13,163216776,Tim,"Becky's place was perfect to settle into Logan Square for a week. As long as you plan to head out for meals, it has everything you need. All the great Logan Square and Avondale spots are walkable, and the blue line is just a few blocks away to venture out further. It was easy to work from the space with the wifi working pefectly and no noise issues. Becky and family were super friendly and great to talk to. I would definitely recommend for someone looking to stay in the area!",chicago_reviews.csv,2026-04-13T02:03:58.118Z,Avondale,entire home/apt,114
41482843,nashville,1500887142682586677,2025-09-01,116160579,Andrew,"Perfect place, Adam was a great host. No issues at all, would 100% reccomend him and his property for other guests. A+!",nashville_reviews.csv,2026-04-13T02:03:58.118Z,District 19,entire home/apt,166
41552601,chicago,1373380389271222028,2025-03-09,89042032,Jayson,I really enjoyed my stay here! The apartment matches the pictures exactly.,chicago_reviews.csv,2026-04-13T02:03:58.118Z,Loop,entire home/apt,229
41968147,chicago,790696753794002123,2022-12-26,82703626,David,got the place for a month for my mother to visit. it was great,chicago_reviews.csv,2026-04-13T02:03:58.118Z,Loop,entire home/apt,214
42119903,twin_cities,1488509299174384291,2025-08-15,18691817,Andre,Very nice Upscale LOFT in great North Loop location. Parking located right outside front door of Loft was a plus. Amenities galore. Minnestay staff live and text communication was superb. Highly recommended.,twin_cities_reviews.csv,2026-04-13T02:03:58.118Z,Hennepin,entire home/apt,300
42195743,austin,1292872577363960709,2024-11-18,450905167,Lili,"Just like the pictures , very clean and comfortable. Had pans and pots to cook . All beds were extremely comfy. Thank you!",austin_reviews.csv,2026-04-13T02:03:58.118Z,78744,entire home/apt,149
42201985,seattle,1516192112928537412,2025-09-22,439327310,Shelly,This place was absolutely amazing,seattle_reviews.csv,2026-04-13T02:03:58.118Z,Greenwood,private room,90
42390679,austin,1508883248559261356,2025-09-12,103532249,Jennifer,Loved staying here! The location was perfect to walking locations for food and it was quiet and private back at their home. I will definitely stay here again when I’m in Austin.,austin_reviews.csv,2026-04-13T02:03:58.118Z,78722,entire home/apt,73
42684529,twin_cities,1515384662784694256,2025-09-21,701656784,Dolores Ann,"We were in town for our son’s wedding in September. Great location, walkable, many food options available and plenty of space to relax between events.",twin_cities_reviews.csv,2026-04-13T02:03:58.118Z,Hennepin,entire home/apt,139
42820658,austin,1462503902486370469,2025-07-10,85366497,Umazi,I had a lovely stay. Lucy is an amazing host and the other roommates were great people to share the space with.,austin_reviews.csv,2026-04-13T02:03:58.118Z,78723,private room,62
43098894,chicago,403545566466945432,2021-07-10,185199523,Vickie,This is more a place to stay if your here for business because it is conveniently located. Quiet for getting a good night sleep.,chicago_reviews.csv,2026-04-13T02:03:58.118Z,East Garfield Park,private room,40
43125458,chicago,1474082489823671889,2025-07-26,58910117,Gabriela,"John was an incredible host! The space is exactly as described, he is extremely helpful and responsive, and the area is spectacular—great for running along the tree-lined streets, close to the Zoo, and very easy to get downtown by car or train.",chicago_reviews.csv,2026-04-13T02:03:58.118Z,Lincoln Park,entire home/apt,235
43149502,nashville,1499495302247253509,2025-08-30,671868077,Brieanna,"This is a great place to stay! The location is perfect for walking, neighborhood safety, and restaurants. It is just a short walk to S. 12th Street, a laid-back but stylish neighborhood with restaurants and entertainment. Also easy access without the traffic to all of Nashville’s attractions. The home was very clean, the host was very responsive, and home was exactly described as listed. The entry door for the unit was kind of confusing. Not well marked. Also, I could not lock the door going to the garage space that was used by neighboring residents. This was a safety concern and why I couldn’t give a 5 star review. Otherwise, I would highly recommend!",nashville_reviews.csv,2026-04-13T02:03:58.118Z,District 18,entire home/apt,111
43345609,nashville,1510254889284717772,2025-09-14,55048673,Emily,Perfect location,nashville_reviews.csv,2026-04-13T02:03:58.118Z,District 5,entire home/apt,240
43435358,nashville,1495136123369896782,2025-08-24,466814285,Eleason Anthony,Great!,nashville_reviews.csv,2026-04-13T02:03:58.118Z,District 17,entire home/apt,103
43450336,nashville,1511074984685440403,2025-09-15,84772905,Jazmin,"We had an amazing stay and truly appreciated all of the thoughtful recommendations and information provided. We were able to use several of them and had a wonderful experience. The amenities went above and beyond expectations: the steamer and iron were available if needed, makeup wipes, Q-tips, cotton, hair blow dryer, hair crimped, a large closet, plenty of towels, and an impressive selection of kitchen necessities along with great coffee.<br/>The home itself was spacious, in a quiet neighborhood, and very easy for Uber and DoorDash drivers to find. The lighting and furniture made the space feel so comfortable and welcoming, and the beds were extremely comfortable. We especially loved the extra living room on the top floor. I didn’t know I needed that until we used it, and it was perfect for waiting on other guests to get ready.<br/>Overall, we definitely recommend this property and look forward to both staying here again and exploring other properties from the same host.",nashville_reviews.csv,2026-04-13T02:03:58.118Z,District 21,entire home/apt,165
43461448,seattle,1501640352426323851,2025-09-02,146213877,Jayesh,lovely view. would stay again! <br/>Starla was amazing and very responsive! she's  an excellent host.,seattle_reviews.csv,2026-04-13T02:03:58.118Z,Rainier Beach,entire home/apt,176
43594534,chicago,1387088931169819085,2025-03-28,112542225,Brian,nice place - met all our requirements,chicago_reviews.csv,2026-04-13T02:03:58.118Z,Bridgeport,entire home/apt,100
43861016,seattle,1503158099761831806,2025-09-04,15244079,Jennifer,"We recently stayed at the Magnolia Guest House and overall, it was a nice experience. The location was incredibly convenient. We thoroughly enjoyed our morning walk to the Ballard Locks Fish Ladder, and it was just a short drive into downtown, which made exploring the city very easy.<br/>The guesthouse itself is charmingly decorated, providing a cozy and welcoming atmosphere. The hosts have thoughtfully provided all the essentials, making our stay comfortable and hassle-free. <br/>However, we did encounter a minor setback during our stay. The sheets on the bed could definitely use an update. The ones provided were well-worn, with noticeable rips and piling that made the texture rough against our skin. It was clear that they’ve seen better days and replacing them with a higher quality set would greatly enhance the sleeping experience.<br/>Despite this minor issue, we had a nice stay.",seattle_reviews.csv,2026-04-13T02:03:58.118Z,Lawton Park,entire home/apt,95
43861823,nashville,615961726478968105,2022-04-29,258022192,Anthony,Nice and quiet and peaceful. Worked perfect for my crew who is working night shift. Excellent communication and response time from owner. I would stay agian.,nashville_reviews.csv,2026-04-13T02:03:58.118Z,District 33,entire home/apt,177
44085884,chicago,1463955984045199629,2025-07-12,512957,Heather,"5 stars--a perfect stay! Leah is an amazing host and very responsive. The well-managed, professionally staffed building is located two blocks from the Red line, less than 1/2 mile from the Brown/Purple, and close to many major bus routes, making it a breeze to get around. The apartment is well-maintained and clean with plenty of towels in the bathroom, and a kitchen that has everything you need to cook meals for 1-2 people. There are three different kinds of coffee makers, an electric tea kettle, a toaster, and a good selection of knives and other small appliances. The WiFi is lightening fast, and it easily supported two simultaneous Zoom calls. The bedroom desk or dining room table provides enough workspace for traveling business needs. And, as others have noted, the view is simply fantastic! One other comment: the king-sized bed features a high-quality, comfortable mattress (a rare find at an AirBnB). Stay at Leah's place! You'll be sad to leave her marvelous home!",chicago_reviews.csv,2026-04-13T02:03:58.118Z,Near North Side,entire home/apt,113
44181938,nashville,1510353639042697296,2025-09-14,582138882,Erica,"Fantastic stay! Great place for a bachelorette or larger group of people! Great location, house fully equipped for stay, cute tweaks for Nashville vibes. Matt was extremely responsive and helpful.",nashville_reviews.csv,2026-04-13T02:03:58.118Z,District 5,entire home/apt,384
44234449,chicago,1500940931999258091,2025-09-01,213016300,John,"Airbnb was exactly what we needed. plenty of restaurants and things to do around the area. right near a connecting train station to get where you need. the host(s) provided tons of information and was very responsive in messaging, as well as making sure we had a seamless check-in.<br/>would book again!!!",chicago_reviews.csv,2026-04-13T02:03:58.118Z,Loop,entire home/apt,217
44234840,chicago,1495856404124551862,2025-08-25,139933102,Baraka,We had amazing experience,chicago_reviews.csv,2026-04-13T02:03:58.118Z,Near South Side,entire home/apt,322
44390779,nashville,1476950388306345684,2025-07-30,8654548,Ariel,"This was a great, private place to stay for a long work trip (3 weeks!). It had everything I needed - space, amenities (inclusive of a garage), and privacy. It was also in a great neighborhood -- right down the street from Pharmacy Burger and Dos Mas and conveniently located several grocery stores. The neighborhood also felt walkable.",nashville_reviews.csv,2026-04-13T02:03:58.118Z,District 5,entire home/apt,114
44447948,seattle,1515426287580301750,2025-09-21,352429919,John Mark,Thanks Pat. I look forward to staying at your place again in November. The quiet peaceful home was precisely what I needed. I’m grateful.,seattle_reviews.csv,2026-04-13T02:03:58.118Z,North Beacon Hill,private room,79
44459513,twin_cities,1474771794393167570,2025-07-27,140973362,Apani,"Had a great time at Tim's place, had everything we needed and it was exactly as described. Would definitely stay again!",twin_cities_reviews.csv,2026-04-13T02:03:58.118Z,Mille Lacs,entire home/apt,298
44672180,nashville,1509611290914434294,2025-09-13,24177497,Angela,The house is close to downtown and very spacious. House was clean and we enjoyed the space very much,nashville_reviews.csv,2026-04-13T02:03:58.118Z,District 19,entire home/apt,269
45015102,nashville,1505951926580800310,2025-09-08,494378903,Aaliyah,Other than a few cosmetic issues we truly enjoyed our weekend stay and felt right at home !,nashville_reviews.csv,2026-04-13T02:03:58.118Z,District 20,entire home/apt,108
45515581,chicago,1497252405061186891,2025-08-27,171685060,Priscilla,"Good location, easy to find, plenty of parking",chicago_reviews.csv,2026-04-13T02:03:58.118Z,Douglas,entire home/apt,106
45541107,twin_cities,1516051244571474863,2025-09-22,21706809,Julia,Great place. Very well-located.,twin_cities_reviews.csv,2026-04-13T02:03:58.118Z,Hennepin,entire home/apt,172
45610693,austin,1503077186374750647,2025-09-04,346813207,Jose,Highly recommend booking this if you’re looking for a room with no hassle. Jennifer is super friendly and very welcoming!,austin_reviews.csv,2026-04-13T02:03:58.118Z,78702,private room,58
45864022,chicago,1478401211978546566,2025-08-01,90480171,Julia,"Great location very near Michigan Avenue and the Northwestern Hospitals, but a street off makes it much quieter. The apartment was well put together except the bar stools were too high for the counter so working on a laptop was a bit tricky. The building was friendly. The rooftop sundeck and pool were great in the summer. Work out room, laundry & parking in the building were all a winner for us. We brought our dog and there are a lot of dogs in the building - all well versed in elevator etiquette. We'd stay there again.",chicago_reviews.csv,2026-04-13T02:03:58.118Z,Near North Side,entire home/apt,125
46090808,chicago,1505285280677627381,2025-09-07,556284059,Bret,"Enjoyable stay for the weekend. I went with a friend for a concert, a good spot to crash for a night or two if you're looking for a place to sleep and a free parking situation. I can't say much about how it would be if you plan on staying for an extended time or staying inside a lot since everything besides your room is shared with the other guests too.",chicago_reviews.csv,2026-04-13T02:03:58.118Z,Near West Side,private room,76
46276229,chicago,1506732835089050823,2025-09-09,86041169,Alfred R,"Great location, very walkable. The towels smell wonderful. The unit was super clean and had everything you need. Close to Lincoln Square and Andersonville. I was visiting my daughter and we had great time. Lots to see and do. Jacob the host was very responsive, informative, and friendly. I would stay here again.",chicago_reviews.csv,2026-04-13T02:03:58.118Z,Lincoln Square,entire home/apt,100
46452459,seattle,1514723358245178958,2025-09-20,209545658,Abimael,"I had a great stay at Kyle & Jamie’s house, I would stay here again",seattle_reviews.csv,2026-04-13T02:03:58.118Z,South Delridge,entire home/apt,109
46857102,austin,1500932611076512468,2025-09-01,345736608,Erica,Great place! Super close to shopping center makes everything very convenient! Great host,austin_reviews.csv,2026-04-13T02:03:58.118Z,78758,entire home/apt,83
46864527,austin,1237084100133020345,2024-09-02,377691380,Denise Stauffer,We enjoyed our stay.,austin_reviews.csv,2026-04-13T02:03:58.118Z,78702,entire home/apt,227
46928633,seattle,944286024753806674,2023-07-26,114660427,Nick,"Tarik was a very welcoming host, giving good recommendations on things to do in the area and even bringing me along for a hike with his friends.",seattle_reviews.csv,2026-04-13T02:03:58.118Z,Green Lake,private room,200
47089491,twin_cities,1513908543643058567,2025-09-19,40548921,Amy,Cute cabin. Great communication. Lovely lake. Enjoyed my stay.,twin_cities_reviews.csv,2026-04-13T02:03:58.118Z,Isanti,entire home/apt,137
47116347,chicago,880526773379364713,2023-04-29,152424510,Philippe,"I had a great long term stay at Marie’s place! The location could not be better. The flat is beautiful and has everything one could need. Some small things occurred during my long stay, but Marie took care of everything right away and made my stay perfect! I would stay here every time when visiting Chicago! Best place & host!",chicago_reviews.csv,2026-04-13T02:03:58.118Z,Loop,entire home/apt,166
47156486,austin,1510293601464817389,2025-09-14,402078733,Christian,had an amazing stay and was very good priced for what you were getting.,austin_reviews.csv,2026-04-13T02:03:58.118Z,78721,entire home/apt,68
47334435,chicago,1511740773168278296,2025-09-16,6238721,Jake,Would definitely stay again. Thanks Terry.,chicago_reviews.csv,2026-04-13T02:03:58.118Z,Lake View,entire home/apt,297
47822303,seattle,682623492406189553,2022-07-30,448830734,Victoria,Communication excellent and all went smoothly.,seattle_reviews.csv,2026-04-13T02:03:58.118Z,Pike-Market,entire home/apt,183
48031912,twin_cities,1484960936482955940,2025-08-10,1728874,Wayne,"Room 5 was clean and comfortable and more than met our needs for the night. Our two dogs were comfortable there as well. It's a good sized, corner room with all necessary amenities provided. There are five windows overlooking an intersection at the edge of downtown Rush City. One of the windows was missing it's pull down shade so we improvised one. Senior guests, such as myself, should beware of the claw foot tub serving as a shower, utilizing a 360° ring of shower curtain. I found the tub somewhat difficult to get in and out of, the footing unsure, and the flimsy curtain to be a nuisance. Room 5 is directly above the restaurant/bar and there was a moderate level of noise until about 10pm (Saturday night). There is very little vehicular noise from the streets below. All-in-all we enjoyed our stay in this historic property and appreciate the owners efforts to preserve it as an operational hotel.",twin_cities_reviews.csv,2026-04-13T02:03:58.118Z,Chisago,private room,147
48132326,nashville,1505969247795925844,2025-09-08,676271357,Jordan,Quick response from host! Lots of space and great value!,nashville_reviews.csv,2026-04-13T02:03:58.118Z,District 20,entire home/apt,113
48155297,nashville,1510288069268176400,2025-09-14,92612977,Jonathan,"Beautiful dorm-style building, with modest space (but perfect if you’re going to be out and about in the city). Good budget option. Only off note was that there was a number to text for assistance, but the questions seemed to be answered on a delay as though it were a real person but the actual answers seemed automated. If it’s an AI why not have it answer immediately?",nashville_reviews.csv,2026-04-13T02:03:58.118Z,District 19,entire home/apt,77
48157076,nashville,1513907288968278962,2025-09-19,205311125,Samuel,"Honestly, this place truly did the trick. It’s a nice spot if you need a quick stay. Very personable and peaceful. Perfect for a solo trip.",nashville_reviews.csv,2026-04-13T02:03:58.118Z,District 19,entire home/apt,87
48326302,chicago,1504508170232670027,2025-09-06,18219677,Jabnely,El lugar es justo como se describe. Es un lugar muy cómodo y limpio. Consideren las escaleras para personas con alguna discapacidad. Muy bien lugar. Volvería sin duda,chicago_reviews.csv,2026-04-13T02:03:58.118Z,West Town,entire home/apt,208
48703423,chicago,1509578958779644350,2025-09-13,516157648,Samuel,We had a great stay here,chicago_reviews.csv,2026-04-13T02:03:58.118Z,Lower West Side,entire home/apt,135
48712996,twin_cities,424548702190219558,2021-08-08,131367423,Clayton,Wonderful stay! Clean and new. We are not big on campers but definitely a great option with La! Bathroom was nice and fresh and clean. We used the stove top and oven and both worked great. The bed was comfortable and the AC was outstanding. Also lots of hi tech stuff. One of our days rained in the morning and I was able to use the flat screen smart TV and use Netflix and Disney plus. An amazing sty overall. Thanks!,twin_cities_reviews.csv,2026-04-13T02:03:58.118Z,Scott,entire home/apt,111
48801924,seattle,770174273,2021-06-13,316624197,Sarah,Place is well maintained . It’s small but it is perfect if you are traveling alone or with one other person.,seattle_reviews.csv,2026-04-13T02:03:58.118Z,Broadway,entire home/apt,158
48862362,chicago,1512494431543129328,2025-09-17,296676316,Saad,Fantastic place abd stay for me,chicago_reviews.csv,2026-04-13T02:03:58.118Z,Rogers Park,entire home/apt,103
49178167,twin_cities,1474795653964048446,2025-07-27,149315268,Dave,The building is very well located.  We already miss the rooftop sunsets and the pool! Everyone we came across from staff to other residents were incredible.  Great culture all around! A joy to be there!,twin_cities_reviews.csv,2026-04-13T02:03:58.118Z,Hennepin,entire home/apt,112
49255953,chicago,1150078765523281925,2024-05-05,454935934,Lori,"I really enjoyed my 6 week stay here. This apartment is in a prime location and Kari was also responsive to any issues that arose during my stay.<br/>Pros: The location the best I could have hoped for - close to the river, restaurants, bars, shopping, gyms, transit lines, Whole Foods, etc., and I felt safe walking around in the evening. The apartment itself was spacious, comfortable, and had amazing views. The building has nice amenities (24 hour doorman, gym, rooftop).<br/>Cons: The apartment is on a main road, so there is street noise at night. Floor to ceiling windows are great for natural light, but it can get bright in the early morning even with the blinds drawn. Had to buy some cooking essentials that weren't provided (cutting board, baking sheet).",chicago_reviews.csv,2026-04-13T02:03:58.118Z,Near North Side,entire home/apt,147
49262712,seattle,1498012407430563252,2025-08-28,339738088,Rachel,"It was good for the night—I would have liked a fan or something to keep airflow as it was pretty stagnant. Otherwise, everything was great!",seattle_reviews.csv,2026-04-13T02:03:58.118Z,Wallingford,private room,63
49406615,seattle,1511155992563895109,2025-09-15,464086944,Anastasiia,"Susan has a wonderful house, we stayed at her place for 7 days and enjoyed the huge kitchen, balcony and the yard area to the fullest ( esp in the evening). Not to mention a variety of books offered for reading, which we greatly appreciated. It was a plum tree season, so Susan told us to feel free to pick up the plums, and she even picked up a bag of plums for us before our arrival. The house is located close to the bus stations, so it was convenient to use public transportation to go to downtown Seattle and Alki Beach. Great place for a couple or a family stay",seattle_reviews.csv,2026-04-13T02:03:58.118Z,Seaview,entire home/apt,104
49462631,chicago,1502318856846662929,2025-09-03,565388307,Sasha,"The place was just perfect, during night very quite for Chicago standards. The building where the unit is located is top spot location, you do not need to use any public transportation or Uber/Lyft in that matter. The place was very clean and looks just like on pictures, the only minus is that floor is squeaky while walking on it other than that everything is very nice. The host very friendly and very responsive. A++++",chicago_reviews.csv,2026-04-13T02:03:58.118Z,Near North Side,entire home/apt,320
49468223,nashville,1516095174122049925,2025-09-22,414187227,Narciso,"Amazing little place to stay in perfect for my wife and I. It’s in a great location close to just about everything you can do in Nashville. Cyndi was great from the very moment we booked, gave us a ton of places to check out and she was very responsive to any of our questions. If we are ever back in Nashville we will definitely be looking for this place. Thank you Cyndi!",nashville_reviews.csv,2026-04-13T02:03:58.118Z,District 6,entire home/apt,102
49598714,seattle,1513320799841880942,2025-09-18,477946938,Carolyn,"My partner and I stayed here six nights and worked remotely for a few of those days. Suzanne’s AirBnB was perfectly clean, had fast WiFi, all the amenities listed including washer and dryer, and a comfortable bed. The house also gets a lot of great natural light and even has a private patio where the WiFi works. Very safe and quiet neighborhood that is walkable to good restaurants and coffee shops, and only a 20 minute walk or jog to the water and lots more places to go out. Definitely recommend staying here!",seattle_reviews.csv,2026-04-13T02:03:58.118Z,Fremont,entire home/apt,82
49757704,twin_cities,1500911376659881651,2025-09-01,230695230,Brandon,Overall great location. Great host. Very comfortable. Heated floors in the bathroom was a huge plus.,twin_cities_reviews.csv,2026-04-13T02:03:58.118Z,Hennepin,entire home/apt,145
49758606,nashville,1510255163159131062,2025-09-14,350894433,Mollie,Gretchen’s space was perfect for our visit. She provided amenities and extra thoughtful touches to make ourselves as comfortable as possible! Its location proved to be excellent when navigating to and from Broadway without being caught up in the middle of it! I will definitely be staying there again!,nashville_reviews.csv,2026-04-13T02:03:58.118Z,District 2,entire home/apt,83
49796935,seattle,1225568723078281102,2024-08-17,553881272,Koa,"Very little is wrong with the actual location. Conveniently close to food and transit stops. The only downside is noise, specifically the back alley where every few days garbage trucks empty the neighbor's dumpsters very late at night, and right by the window. Had I known this beforehand I may have reconsidered, especially considering the price being asked. Aside from that, however, the location is fine.",seattle_reviews.csv,2026-04-13T02:03:58.118Z,University District,entire home/apt,108
49798584,seattle,1516139345778847466,2025-09-22,86185367,Michelle,Enjoyed our stay! Would highly recommend.,seattle_reviews.csv,2026-04-13T02:03:58.118Z,West Queen Anne,entire home/apt,237
49907715,seattle,1507427184541804500,2025-09-10,586831637,Anne Cecile,"Superbe logement. Vous avez le sous-sol pour vous. <br/>Tout est très propre. Rien à dire. <br/>J'aimerais écrire ce commentaire pour les femmes qui voyagent seule. Bien que le logement est superbe et proche du centre-ville (une ligne de bus très pratique). Si vous êtes seule et rentrée tard (dans mon cas en raison de conferences), vous devez faire attention à ne pas être agressée ou abordée de manière très non-chalentes (à la limite de la violence). Bien que le logement soit super, la localisation n'est pas recommandée si vous êtes une femme seule et si vous ne privilégiez pas les taxis ou uber. <br/>Ce commentaire n'est pas contre l'hote qui a été remarquable mais je veux prévenir pour les autres personnes  (en particulier les femmes qui viennent seules et que vous n'êtes pas de Seattle) que la localisation n'est pas idéale.<br/>Merci encore à l'hôte qui a été vraiment gentil et l'hôte n'y est pour rien pour le commentaire concernant les femmes qui voyagent seules!",seattle_reviews.csv,2026-04-13T02:03:58.118Z,North Beacon Hill,private room,71
50358838,austin,1500886339986065352,2025-09-01,436826171,Timothy,Relaxing getaway near the heart of the city.,austin_reviews.csv,2026-04-13T02:03:58.118Z,78704,entire home/apt,238
50489917,chicago,1506643668132329392,2025-09-09,191060682,Allison,"Best thing about it is the location! Walking distance to the train, near UIC, quiet and safe neighborhood. The 3 bedroom apartment itself was okay, had a weird smell but lucky they provided an air purifier which took care of it for the most part. Lots of space, comfortable beds.",chicago_reviews.csv,2026-04-13T02:03:58.118Z,Near West Side,entire home/apt,189
50508306,austin,1505290354452942885,2025-09-07,706337356,Kari,"We stayed at the Dusk house for 7 weeks while our house was being renovated. We couldn’t have asked for a better experience during a stressful time. We felt so welcomed and “at home” during our stay. The house is super cute, comfortable, very clean and communication is great.  You can’t ask for a better location, set-up or host. Highly recommend.",austin_reviews.csv,2026-04-13T02:03:58.118Z,78731,entire home/apt,101
50623833,austin,1479881135970683643,2025-08-03,443326695,Benjamin,"Great place for a weekend trip to Austin, within walking distance of lots of bars/ restaurants.  Condo was clean and beds are large and comfortable, easily fit 5 people.",austin_reviews.csv,2026-04-13T02:03:58.118Z,78702,entire home/apt,120
50843302,austin,1048627211956238302,2023-12-17,519902227,Nguyen,"Great stay, will book again next time",austin_reviews.csv,2026-04-13T02:03:58.118Z,78741,private room,62
50874348,seattle,1493684255673907287,2025-08-22,146763342,Anna,"We had a wonderful stay at this cozy private house. The location is perfect—nestled in a quiet neighborhood, yet within walking distance of many restaurants and the beach. The backyard is beautiful with the fire pit. The house felt welcoming, and had everything we needed. We truly enjoyed our time here and would be happy to return!",seattle_reviews.csv,2026-04-13T02:03:58.118Z,Alki,entire home/apt,133
51035891,austin,1450891185679951139,2025-06-24,836855,Diego,"This beautiful house is perfectly located within a short drive from Austin's best attractions and a short walk from Barton springs, Zilker park and multiple great restaurants.<br/>The place is impeccably clean and makes you feel right at home the second you walk in. Quality furniture, lots of natural light, high ceiling, fully stocked kitchen and well organized supplies make staying there an easy and enjoyable experience.<br/>Host is responsive, provides clear instructions and helps make sure you have a great stay. Keeps the place in pristine shape.<br/>Will definitely be staying there again and highly recommend.",austin_reviews.csv,2026-04-13T02:03:58.118Z,78704,entire home/apt,369
51321919,nashville,1504560921260497929,2025-09-06,534665887,Mollie,If you're going into Nashville this is a perfect place to stay. Highly recommend and would stay here again if i ever come back to Nashville!!<br/>Thank you!,nashville_reviews.csv,2026-04-13T02:03:58.118Z,District 6,private room,105
51347437,chicago,1494366801410109452,2025-08-23,510564816,Austin,A very nice room in a nice neighborhood. Everything was clean and Jaime was very responsive.,chicago_reviews.csv,2026-04-13T02:03:58.118Z,Irving Park,private room,75
51519686,chicago,1485724862823217050,2025-08-11,704530232,Laura,everything was spot on and inka was a dream to deal with. Nothing was ever a problem.,chicago_reviews.csv,2026-04-13T02:03:58.118Z,Grand Boulevard,entire home/apt,120
51541560,austin,1468221788082323639,2025-07-18,461419686,Alexander Ismael,This  was a perfect place for me and my coworkers to stay for the week that we are in Austin working the owners of the Airbnb were extremely communicative and helped us out when we were having an issue with the TV in the living room. This was a great place to stay 10 out of 10.,austin_reviews.csv,2026-04-13T02:03:58.118Z,78729,entire home/apt,176
51650986,seattle,1279216336889890400,2024-10-30,220113103,Rebecca Danielle,Genesis was a wonderful host all throughout! We would definitely recommend.,seattle_reviews.csv,2026-04-13T02:03:58.118Z,North Beacon Hill,entire home/apt,148
51741865,chicago,1502325532542984646,2025-09-03,388275755,Nicholas,"Perfect location, very comfortable",chicago_reviews.csv,2026-04-13T02:03:58.118Z,Lake View,entire home/apt,263
51751554,chicago,1516159172588033350,2025-09-22,570410348,Robert,Nice place,chicago_reviews.csv,2026-04-13T02:03:58.118Z,Lower West Side,entire home/apt,69
51881507,nashville,1510270066405273639,2025-09-14,344011557,Adrian,"It was just as described & in a safe, convenient location.",nashville_reviews.csv,2026-04-13T02:03:58.118Z,District 13,entire home/apt,200
51965920,nashville,1502337934245778167,2025-09-03,391986847,Micah,Great little place to stay for a bit!!,nashville_reviews.csv,2026-04-13T02:03:58.118Z,District 7,entire home/apt,132
51969660,twin_cities,1510282630012732242,2025-09-14,208584327,Jacob,"We were in town for a Rugby Match and the house did not disappoint. Check-in was super easy. The neighborhood is super quiet, which I personally appreciate. There was ample street parking. <br/>There was a lot of thought put into this house, and it was well stocked. They even offered a binder of amenities, local attractions, and eats to go to during your stay. <br/>The pool table and foosball table was a nice touch. It killed the little dead time we had in our day. <br/>Check-out was simple and quick.<br/>My teammates said to book this place next time, and fully intend to do so.",twin_cities_reviews.csv,2026-04-13T02:03:58.118Z,Ramsey,entire home/apt,225
52077442,twin_cities,1500128728526019511,2025-08-31,14799515,Mike,"Clean, Convenient, Cute place and Easy Check in and Check Out! Would definitely stay there again!",twin_cities_reviews.csv,2026-04-13T02:03:58.118Z,Hennepin,entire home/apt,91
52187857,seattle,1479912323974221426,2025-08-03,631480,Joleen,Perfect place for our weekend in Seattle. Close to everything we wanted to do. Thanks!,seattle_reviews.csv,2026-04-13T02:03:58.118Z,Broadway,private room,157
52223997,twin_cities,1290732958004343691,2024-11-15,246142093,Caracas,Tasha was very nice and responsive. There was a problem at some point when reconstruction happened outside the house and she didn’t announce me beforehand. The reconstruction directly affected the unit I was staying in but she offered compensation so I would say everything was great in the end :),twin_cities_reviews.csv,2026-04-13T02:03:58.118Z,Hennepin,entire home/apt,56
52269776,austin,1459605914368772835,2025-07-06,553545646,Syed,only out side patio and side walk-in kind of dangerous because of concrete slab has big cracks . mostly ladies shoes stuck inside.  overall inside no problems. thanks,austin_reviews.csv,2026-04-13T02:03:58.118Z,78704,entire home/apt,371
52506018,nashville,1516139501645945902,2025-09-22,491004347,Heather,the place was wonderful. great location to downtown.several great restaurants by the  condo.great fenced in area behind condo for your dog.very well lit area.felt safe.would definitely stay again,nashville_reviews.csv,2026-04-13T02:03:58.118Z,District 16,entire home/apt,115
52540003,seattle,1516886454535698835,2025-09-23,24035679,Kimberly,Manisha’s place was close to drive to downtown and far enough away to be quiet.  We appreciated walkable close by parks and the closer proximity to the airport.,seattle_reviews.csv,2026-04-13T02:03:58.118Z,Atlantic,entire home/apt,128
52604558,twin_cities,1271807369677285596,2024-10-20,8596996,Michael,"Very clean; very neat, nice bedding, secure.. felt safe in house and room; slept well in bed. Really a nice job fixing the place up.. This ain't the suburbs, so street life is there...  for myself -no problemo. Walked downtown in 20 minutes and to light rail in 10. (of course busses) I also don't mind street sounds of cars or night people in a city. I was in room #4 facing Franklin... if my partner were with me next time I would probably chose #1 or #2 on the other side of the house facing the neighboring house. Instructions and rules were clear and short.. simple deadbolt keypad entry to house and room. <br/>Don't know what's right for you, but perfect for me🤗",twin_cities_reviews.csv,2026-04-13T02:03:58.118Z,Hennepin,private room,78
52722215,twin_cities,1411058942837827172,2025-04-30,464011643,Walter,What a wonderful host! The home was amazing and Rachel was the best host ever! Would 100% recommend staying here. Can’t wait to be back!!,twin_cities_reviews.csv,2026-04-13T02:03:58.118Z,Hennepin,entire home/apt,111
52730713,nashville,1500845798458279427,2025-09-01,273003736,Jacob,Wonderful hosts and a very convenient location. Their recommendations made our trip to Nashville fantastic.,nashville_reviews.csv,2026-04-13T02:03:58.118Z,District 7,entire home/apt,127
52883230,twin_cities,1495033338669791262,2025-08-24,594432453,Christopher,"very clean, easy check in/out. Easy to contact and very responsive.",twin_cities_reviews.csv,2026-04-13T02:03:58.118Z,Ramsey,entire home/apt,114
52903385,twin_cities,1502353663559634409,2025-09-03,583682700,Angela,Laura’s place was great.  Loved the piano and art.  Easy to walk everywhere & Laura was a wonderful host,twin_cities_reviews.csv,2026-04-13T02:03:58.118Z,Hennepin,entire home/apt,186
53092355,twin_cities,1501559253102528691,2025-09-02,440693232,Madison,"We had a wonderful stay! The space was spotless, comfortable, and exactly as described. The amenities were fantastic and made our trip so easy. The host was very responsive and welcoming—would definitely stay again.",twin_cities_reviews.csv,2026-04-13T02:03:58.118Z,Dakota,entire home/apt,245
53148020,seattle,1506047254059305640,2025-09-08,202045484,Michelle,"We had a great stay.  Conveniently located, easy uber to and from downtown.  House was well equipped and we enjoyed the rooftop to hang out in the evening.   Would recommend for a weekend in Seattle.",seattle_reviews.csv,2026-04-13T02:03:58.118Z,Stevens,entire home/apt,334
53155851,twin_cities,1496590128331346351,2025-08-26,510358727,Anne,"The apartment was comfortable, clean, and as described. It is a little spare, but it had everything we needed for an overnight stay. I appreciated free park behind the building.",twin_cities_reviews.csv,2026-04-13T02:03:58.118Z,Hennepin,entire home/apt,66
53263324,seattle,1511082502272624184,2025-09-15,474721116,Terry,"Hello,<br/>Lisa’s Airbnb was very affordable in my budget! Her pictures of the inside looks exactly in person! Whole entire place was clean and smelled so clean too! I did an early check in because of my flight changed last minute and she was so gracious and flexible with me and my check in time! Also, pikes market place is about 23 min away cuz Uber and the small town in west Seattle was quaint and cute!! (Walkable) There is a literal Vegan Cafe called Lunas Cafe and it’s just down the street from the Airbnb!! <br/>Totally loved my stay! I stayed for three days and two night’s!! Lisa was very responsive and even offered some local recommendations for food!! <br/>Also her instructions to check out was so clear and easy to follow!! You can’t go wrong with your stay with Lisa!!",seattle_reviews.csv,2026-04-13T02:03:58.118Z,North Admiral,entire home/apt,97
53298186,seattle,1502358046120203772,2025-09-03,93625232,Simon,Very friendly and helpful host. Lots of walkable options for dining and cafes nearby really enjoyed the neighborhood. <br/>Accommodations were as described and very comfortable. Thanks for being a great host.,seattle_reviews.csv,2026-04-13T02:03:58.118Z,Pinehurst,entire home/apt,91
53326418,austin,1483554494702175658,2025-08-08,185935263,Natasha,Great private place for being in the middle of SoCo! Adam did a great job communicating with us during our stay. Cute little place (very small shower but to be expected of a trailer)and I loved the hot tub. My dogs had plenty of space to roam outside and explore while we relaxed.,austin_reviews.csv,2026-04-13T02:03:58.118Z,78704,entire home/apt,162
53432514,seattle,1400958060247224916,2025-04-16,93243485,Mandy,"Great long term stay with friendly hosts! Enjoyed a month here while we were finding a place to live in Seattle! It was a very peaceful and comfortable stay. Very modern and beautiful home - love the rooftop deck and sauna! If I ever bought a new townhouse, I would want one just like Austin + Fabiola's! It's literally right across the street from Metropolitan market and a 5 min walk from Discovery Park! Literally dream location 😍",seattle_reviews.csv,2026-04-13T02:03:58.118Z,Lawton Park,entire home/apt,295
53508162,nashville,1508174121939634704,2025-09-11,159940153,Nichole,This was our first time in Nashville. The location is prefect and close to everything. Love having the garage.,nashville_reviews.csv,2026-04-13T02:03:58.118Z,District 17,entire home/apt,176
53545941,austin,1399405327767496650,2025-04-14,9292574,Jim,"Stephanie was amazing and her place couldn't have been better. From the start, Stephanie was responsive and even helped us secure the reservation until we could resolve a brief glitch with our international credit card. The house was immaculate, clean and well stocked. From the well-equipped kitchen to the comfy sofa, beds, backyard deck and large TVs, the place had all that we could ask for. Stephanie was so easy to communicate with, too. During our month's stay, a handle on a bathroom door needed a repair and it was fixed before we knew it. We can't say enough good things about Stephanie and her excellent house. We will be back in Austin to visit family and we would love to stay at her house again.",austin_reviews.csv,2026-04-13T02:03:58.118Z,78748,entire home/apt,139
53548353,twin_cities,1500179757657867868,2025-08-31,363863976,Jerrlyn,"We spent a month in Olivia’s AirBnb, we completely enjoyed the month.  The house and location was perfect for us!!  We stayed here for a month last year as well!  We highly recommend Olivia’s place!!",twin_cities_reviews.csv,2026-04-13T02:03:58.118Z,Dakota,entire home/apt,201
53690426,nashville,1492171770020924862,2025-08-20,21520395,Deborah,"Great place to stay, especially if you're traveling with dogs. Wonderful private fenced yard for pups to exercise and roam. There's even a thoughtful outdoor table and umbrella with chairs for you to comfortably sit and enjoy the fresh air. <br/>Super comfortable couch and bed. This airbnb was fresh, clean and exactly as pictured inside. It is conveniently located near downtown and many local attractions. I highly recommend this peaceful retreat! We enjoyed our stay!!!",nashville_reviews.csv,2026-04-13T02:03:58.118Z,District 8,entire home/apt,101
53815973,austin,1467510096493182282,2025-07-17,449634674,Allie,Great hosts and place to stay!,austin_reviews.csv,2026-04-13T02:03:58.118Z,78739,entire home/apt,120
53888431,seattle,1514688973430075195,2025-09-20,338571072,Deb,We really enjoyed the place.  Only in Seattle for one night but would definitely stay here again and for more nights,seattle_reviews.csv,2026-04-13T02:03:58.118Z,High Point,entire home/apt,138
53890462,twin_cities,1500194688295065487,2025-08-31,120225965,Barbara,"We have stayed here several times, and always enjoy it. Thank you, John!",twin_cities_reviews.csv,2026-04-13T02:03:58.118Z,Ramsey,entire home/apt,101
53919043,seattle,1489316597422006942,2025-08-16,53952431,Rebecca,Great location with parking a block from Alki beach. Immaculately clean. Well stocked with many thoughtful touches! Very comfortable home in a walkable vibrant neighborhood.,seattle_reviews.csv,2026-04-13T02:03:58.118Z,Alki,entire home/apt,201
54054710,austin,1398742338125603880,2025-04-13,234499,Matthew,Absolutely perfect. Everything I was hoping it would be. I’d stay again and look forward to it again!,austin_reviews.csv,2026-04-13T02:03:58.118Z,78737,entire home/apt,90
54122310,twin_cities,1510304701900155980,2025-09-14,201648838,Karyn,"Great stay. Very nice apartment, walkable neighborhood.",twin_cities_reviews.csv,2026-04-13T02:03:58.118Z,Ramsey,entire home/apt,119
54343005,twin_cities,1501587355766880873,2025-09-02,122748975,Judy,"Nice place, location is great - walking distance to many restaurants and Lake Minnetonka",twin_cities_reviews.csv,2026-04-13T02:03:58.118Z,Hennepin,entire home/apt,350
54397152,seattle,1496650740660033223,2025-08-26,85479834,Kira,"Bridget place felt like home—clean, relaxing, and safe! Thanks for the luggage storage that made my last day in Seattle much easier to explore. 🙏",seattle_reviews.csv,2026-04-13T02:03:58.118Z,Minor,private room,75
54397466,seattle,1494472057121184521,2025-08-23,193957662,Crystal,We had a great stay,seattle_reviews.csv,2026-04-13T02:03:58.118Z,Matthews Beach,entire home/apt,133
511624634102616537,austin,1500932367471336142,2025-09-01,356401287,Cherie,"Leo was a great host. He checked in periodically throughout my stay. <br/>Pros: Great location, quiet (except for the neighbor’s dog), felt real home-like, the other guests were super friendly<br/>Overall, this is a great property for short term stays, just don’t expect to wash your clothes. It was a solo stay for me but this would be ideal for a group because the rooms are close together and let’s just say you can hear EVERYTHING that others are doing in their room. I definitely wasn’t a fan of hearing all of that.",austin_reviews.csv,2026-04-13T02:03:58.118Z,78744,private room,36
541742334983011345,seattle,1455985498489815962,2025-07-01,407369832,Christopher,"The house is brilliantly eclectic with so much charm. Spotlessly clean, with lovely wood floors. Cozy spaces all over, yet room for quite a few people should you need it. Ravenna/Roosevelt/Greenlake is a great place to base your Seattle vacation out of! The yard was lovely, with lush flowers, too! When you select this place, you’re getting not a house, but a home!",seattle_reviews.csv,2026-04-13T02:03:58.118Z,Ravenna,entire home/apt,231
545636290238959308,seattle,1505282546018779150,2025-09-07,29814951,Diana,"We had a very short but good stay. One friend commented that often Airbnbs are smaller in person than they look in pictures, but he didn’t feel that way about this one. It had an especially spacious kitchen.",seattle_reviews.csv,2026-04-13T02:03:58.118Z,East Queen Anne,entire home/apt,261
552079972521813409,austin,1492233932614632403,2025-08-20,22464023,Paul,Highly recommended! Enjoyable stay.,austin_reviews.csv,2026-04-13T02:03:58.118Z,78748,private room,60
554385076952526453,chicago,1510339141800652617,2025-09-14,405422180,America,"Carol was a great host! Very responsive and the space was very clean, lots of lovely scented candles, and in a greay location for walking and exploring! Would definitely recommend",chicago_reviews.csv,2026-04-13T02:03:58.118Z,West Town,entire home/apt,147
554518946592049995,austin,1500944120542173905,2025-09-01,225585033,Gabrielle,"Great place, good location, and amazing hosts!",austin_reviews.csv,2026-04-13T02:03:58.118Z,78702,entire home/apt,224
555041639366197657,chicago,1515363479253152015,2025-09-21,190151423,Steven,"We had an incredible stay at this Airbnb. The place was amazing, the location was amazing, and the host was amazing. Couldn’t have asked for a better experience!",chicago_reviews.csv,2026-04-13T02:03:58.118Z,Lincoln Park,entire home/apt,271
556337653530806747,nashville,1500129483145497712,2025-08-31,43312652,Reid,"David and Becky were super personable, communicative and made me feel welcomed. Their place is set in off on a quiet street so it feels very private. It’s also very walkable to the busier happenings on Gallatin. The deck was also a nice little perk and has some nice string lighting at night. A great spot!",nashville_reviews.csv,2026-04-13T02:03:58.118Z,District 7,entire home/apt,130
556669257621844060,twin_cities,1498725018249799884,2025-08-29,706295755,Samantha,We are a great stay!  The kids had a blast being in the loft and it was perfect to be right next to the lake. The kids enjoyed the lily pad and caught too many fish to count.,twin_cities_reviews.csv,2026-04-13T02:03:58.118Z,Wright,entire home/apt,180
557229487619453099,austin,1408839231348221504,2025-04-27,246823345,Loghen,"Loved the space, had a great time!",austin_reviews.csv,2026-04-13T02:03:58.118Z,78702,entire home/apt,115
565860587974125858,austin,1271810500137081205,2024-10-20,481405520,Raul,Great neighborhood very peaceful. When arrived me and my wife were greeted very nice family. We were handed over key to private room and offered us water bottles. We were instructed to remove our shoes prior to getting access to the rest of the house. Price was reasonable we had came to the Circuit of America event which was only 15 min away. Great place to stay.  Thank you for having us!,austin_reviews.csv,2026-04-13T02:03:58.118Z,78744,private room,80
566079944698863030,nashville,1455170555495583428,2025-06-30,660789688,Lara,"Great COZY Cottage; just like how it was described!  After a grueling cross country move,  it was SO nice to come into this home and feel safe and sound and so comfortable.   Decorations on point; everything super clean and stocked.  We also appreciated that the A/C worked great, as did the washer and dryer.  Our dogs LOVED the backyard; it was securely fenced and big enough they could really run around!  The neighborhood was very dog walkable (and LOTS of nature- birds, deer, and bunnies around!)  and also the neighbors SUPER friendly.  The Hosts were amazing; so friendly and helpful... highly recommend this Airbnb if you want to be close to everything (shopping, foods, services) yet like to feel tucked away at home.",nashville_reviews.csv,2026-04-13T02:03:58.118Z,District 14,entire home/apt,95
575512333582613275,nashville,1389322582608985270,2025-03-31,663195242,Melanie,The house was located close to everything making shopping very convenient,nashville_reviews.csv,2026-04-13T02:03:58.118Z,District 12,entire home/apt,136
580349956807861275,twin_cities,1500175355036511775,2025-08-31,465058822,Mark,We had a longer stay (30 days) for our return trip to MN.  Perfect location to venture out for visits with family and friends.  A great peaceful couples retreat.  Hosts were responsive but never intrusive.  We look forward to staying again next year!,twin_cities_reviews.csv,2026-04-13T02:03:58.118Z,Hennepin,entire home/apt,125
581311848630035943,austin,837732034076373587,2023-03-01,278756115,Ruslan,Nice place,austin_reviews.csv,2026-04-13T02:03:58.118Z,78753,entire home/apt,75
582334231671073870,austin,1474025544852413830,2025-07-26,289988262,Carlos,The location is pretty good and quiet neighborhood. My family had a great time in Austin.,austin_reviews.csv,2026-04-13T02:03:58.118Z,78757,entire home/apt,143
583823273939691037,austin,1500869150628070155,2025-09-01,211205711,Theresa,Perfect location for a long weekend! Highly recommend!,austin_reviews.csv,2026-04-13T02:03:58.118Z,78701,entire home/apt,108
586311462195536658,seattle,1516143635350742858,2025-09-22,108761076,Billy,I really enjoyed my stay here. It was as if everything they could have thought of we may need during our trip was there. Our dogs and us had such a good stay. It was comfortable and fit our needs for our vacation. We will definitely consider staying here again next time.,seattle_reviews.csv,2026-04-13T02:03:58.118Z,Rainier Beach,entire home/apt,107
587010605540888487,twin_cities,1497224123236549119,2025-08-27,31549444,Elizabeth,"Lovely home . Wheelock parkway is beautiful for walking and close to Como Park and a children’s playground . The house was clean, roomy and well equipped. It was perfect for 6 adults and three infant/toddlers with high chair, pac n play, washer / dryer. I would highly recommend !",twin_cities_reviews.csv,2026-04-13T02:03:58.118Z,Ramsey,entire home/apt,240
590045319275143627,nashville,1515439628086997763,2025-09-21,253240833,Priscilla,Place was wonderful! Very clean and all the little extras to make it feel like home. Very walkable to some cute places to eat. Would defiantly stay again!!,nashville_reviews.csv,2026-04-13T02:03:58.118Z,District 18,entire home/apt,233
590305946058064322,nashville,1505955517279126806,2025-09-08,350729505,Emily,"This place was great! We had a group of 6 who all slept comfortably. The kitchen was well equipped, and the couch was beyond comfortable. Very short drive from a lot of Nashville’s iconic destinations!",nashville_reviews.csv,2026-04-13T02:03:58.118Z,District 21,entire home/apt,135
594587924827266485,seattle,622541429831156928,2022-05-08,436217252,Stephen,The place is alright definitely not luxurious as described .The crime and homelessness surrounding the building is awful not to mention the buildings lack of lighting and proper security. I reached out to Blue Ground for help was told they have other buildings but wanted a 1500 dollar move fee for better safety. I reached out to Airbnb that was also a joke no supervisor ever called back and made times to call but didn’t waited several days to call they called on Easter Sunday while I was with family. Let me warn you now this is not a safe place you’ll wake up with homeless ppl sleeping on your stairs to enter your front door you find them smoking drugs and stealing anything they can get there hands on. This is a glass front door was not a safe place to stay I ended up leaving there 9 days early do to  safety reasons and found a new place on my own . Don’t think Airbnb will help they won’t and they won’t help with host . Anyways out 9 nights over 1k what scam is all I can say and shame on you Airbnb for putting customers at risk like that . Filing a claim with credit card company since I couldn’t stay there for safety reasons and Airbnb or host wouldn’t help and just lied about everything is getting fixed that never happened either lights where not fixed the security wasn’t there they claimed was and homeless ppl got worse instead of better as they promised .,seattle_reviews.csv,2026-04-13T02:03:58.118Z,West Woodland,entire home/apt,152
595948293511661289,chicago,1500935923749205634,2025-09-01,216794023,Christina,Mary’s place was sparkling clean and spacious. Her accurate descriptions and clear instructions were a huge help as were her recommendations regarding local restaurants and attractions.,chicago_reviews.csv,2026-04-13T02:03:58.118Z,Armour Square,entire home/apt,226
602141272234849893,austin,1383524076166511169,2025-03-23,143076983,Ivan,"I stayed for a month with my wife and dog. We had a wonderful time. Place is private, quiet and spacious for a couple.<br/>I used the second bedroom as my office and wifi always worked fast. We had two cars and we had no issues, driveway entry might be a bit annoying if you have a big car like a truck.<br/>Hosts were very responsive and solved any inconveniences promptly. <br/>Neighborhood is okay and is getting better since there is a lot of house renovations. We always felt secure. I can recommend. <br/>Garage door was not automatic and a bit dirty.",austin_reviews.csv,2026-04-13T02:03:58.118Z,78745,entire home/apt,108
604990436506907334,austin,1429916901753401467,2025-05-26,334176701,Amy,The stay was great. No complains,austin_reviews.csv,2026-04-13T02:03:58.118Z,78727,entire home/apt,144
608598477202259839,nashville,1510306225699894499,2025-09-14,583555479,Anastasia,"This house was the perfect little weekend getaway for us. The neighborhood was quiet & easy to get in & out of. It is about 25-30mins from Nashville, which is great!",nashville_reviews.csv,2026-04-13T02:03:58.118Z,District 11,entire home/apt,80
613728741973486179,seattle,1517569350217470145,2025-09-24,668899974,Renata,Nous avons passés un agréable séjour.  Quartier calme et safe. Nous avons presque tout fait à pieds car tout est à presque 15min de marche.  c'est intéressant pour ceux qui aiment marcher et prendre du temps...<br/>Nous sommes satisfait. <br/>Merci.,seattle_reviews.csv,2026-04-13T02:03:58.118Z,Belltown,entire home/apt,168
613836997434550887,chicago,1505972113650516647,2025-09-08,162730535,Zacharia,We had a great stay at Alec's place! The rooms were comfortable and we really appreciated the living room and backyard area. Would definitely stay again!,chicago_reviews.csv,2026-04-13T02:03:58.118Z,Brighton Park,entire home/apt,119
617449893664696358,chicago,1479919848467606707,2025-08-03,433222040,Mike,The home and neighborhood exceeded expectations and was a perfect place and exactly what we were looking for.  The neighborhood really had a tight knit communal feel.,chicago_reviews.csv,2026-04-13T02:03:58.118Z,Norwood Park,entire home/apt,153
624309889754626864,seattle,1475616020645490395,2025-07-28,262028442,Fernando,Charlie's home is a fantastic stay. <br/>just a 15min drive from Seattle downtown.,seattle_reviews.csv,2026-04-13T02:03:58.118Z,Wallingford,entire home/apt,243
624839152530216936,chicago,1500885647774955405,2025-09-01,556786650,Daniel,"Quick to respond and will help you with anything. Amazing, cozy space.",chicago_reviews.csv,2026-04-13T02:03:58.118Z,North Lawndale,entire home/apt,378
629601271707303342,twin_cities,1500928785691392885,2025-09-01,143516895,Kristina M,"The hosts were incredibly responsive, friendly, and gracious. The house was a great location for our stay - close to the State Fair, Twins game, and MOA. Thanks for a memorable trip!",twin_cities_reviews.csv,2026-04-13T02:03:58.118Z,Hennepin,entire home/apt,214
631828424812033196,nashville,1510326676702415801,2025-09-14,48682070,Rachel,Great rental,nashville_reviews.csv,2026-04-13T02:03:58.118Z,District 6,entire home/apt,186
634655043034465784,chicago,1511086808563824383,2025-09-15,543234881,Gary,Excellent location & one of my favorite neighborhoods in the country. Will be back again soon,chicago_reviews.csv,2026-04-13T02:03:58.118Z,Lincoln Park,entire home/apt,323
638904542538427260,austin,1509579781615581186,2025-09-13,661221126,Léo,"Très bon logement, bien placé, quartier paisible mais un manque de propreté concernant la poussière, les toiles d’araignées etc …",austin_reviews.csv,2026-04-13T02:03:58.118Z,78702,entire home/apt,106
639745550659737701,chicago,1490757574982648291,2025-08-18,1324139,Mary Ann,"Lacey was very helpful, communicative both before and during.  The place was just right for the two of us.  The location was quiet and close to everything I wanted to be close to.<br/>Everything we needed was available.  <br/>Had a challenge with the door lock but Lacey was very helpful, right away.  (User error - not anything else)",chicago_reviews.csv,2026-04-13T02:03:58.118Z,Avondale,entire home/apt,134
640482071159479792,austin,1495072497160289281,2025-08-24,467849754,Jacqueline Gabrielle,Loved it,austin_reviews.csv,2026-04-13T02:03:58.118Z,78721,entire home/apt,78
640779949060127513,seattle,1500284796189122412,2025-08-31,129273423,Ann,"The view of Lake Washington and sound of the waves was lovely.  The house, however, is 100 years old and definitely needs TLC.  Upgrading the beds, painting cabinets and windows and replacing linens is needed at a minimum. We also had to deal with an ant and spider infestation . Melissa was in the process of upgrading the electrical which required us letting workmen in 4 separate times.  She was kind to give us some wine for our trouble! The house has generous space and nice patios.  The neighborhood is great.  I only wish the interior lived up to the view.",seattle_reviews.csv,2026-04-13T02:03:58.118Z,Madison Park,entire home/apt,233
642941622823561145,nashville,1510252637413360113,2025-09-14,562570236,Meagan,Very responsive,nashville_reviews.csv,2026-04-13T02:03:58.118Z,District 2,entire home/apt,280
644915249284328547,twin_cities,1503832873816871384,2025-09-05,713709163,Amanda,"Very adorable and spacious, we would definitely stay again!",twin_cities_reviews.csv,2026-04-13T02:03:58.118Z,Pierce,entire home/apt,205
645785693593444324,chicago,1505189832863389474,2025-09-07,394876705,Joshua,n/a,chicago_reviews.csv,2026-04-13T02:03:58.118Z,Woodlawn,entire home/apt,118
648394936867370521,twin_cities,1505907897346327399,2025-09-08,53753619,Joe,"Very nice, clean farmhouse. Perfect location",twin_cities_reviews.csv,2026-04-13T02:03:58.118Z,Chisago,entire home/apt,225
650133796102980973,nashville,1480610790329479499,2025-08-04,118099123,Rubin,Great place. Possible early check-in and checkout for small fee. We had a big group and were able to have a girls apt and guys apt which was fire. Nice stay only about a cheap 8 min uber from broadway so we didn’t rent a car. Highly recommended,nashville_reviews.csv,2026-04-13T02:03:58.118Z,District 17,entire home/apt,296
651424520093981671,seattle,1515500770151705235,2025-09-21,286155254,Thomas,"Charlie is a wonderful host. The bedroom, Kitchen and bathroom were all clean. My bed was extremely comfortable. Charlie was very responsive with any questions I asked. Would definitely recommend. Thank you",seattle_reviews.csv,2026-04-13T02:03:58.118Z,Bryant,private room,52
651709886023739183,seattle,1511075998049987868,2025-09-15,89957437,Jessica,"Thanks so much for hosting us Sam, your place was comfortable and easy to get around from. Would love to stay here again if we visit again.",seattle_reviews.csv,2026-04-13T02:03:58.118Z,Phinney Ridge,entire home/apt,341
655104930835168783,seattle,1509687219322813993,2025-09-13,39073286,Lynn,Very convenient location to Seattle hotspots.  Very comfortable accommodations!  Ashley was very helpful!!,seattle_reviews.csv,2026-04-13T02:03:58.118Z,Belltown,entire home/apt,194
656071664371697729,seattle,1505979501200447168,2025-09-08,383087329,Brittney,"Cozy, quiet location near a lot of great Seattle parks and must see sites.",seattle_reviews.csv,2026-04-13T02:03:58.118Z,Greenwood,entire home/apt,137
657157049310004538,twin_cities,902236513024936003,2023-05-29,394970762,Brian,Great location.,twin_cities_reviews.csv,2026-04-13T02:03:58.118Z,Mille Lacs,entire home/apt,209
658174043006808192,chicago,1500833758711990920,2025-09-01,508913285,Lucky,Thank for hosting! Very convenient spot next to CTA pink train to get anywhere I needed to this Labor Day weekend.,chicago_reviews.csv,2026-04-13T02:03:58.118Z,South Lawndale,private room,55
659340735689050722,austin,1489963012439641737,2025-08-17,187177113,Giovvanni,Awesome place and great location.,austin_reviews.csv,2026-04-13T02:03:58.118Z,78758,entire home/apt,99
662304755661101274,austin,1472616089818754969,2025-07-24,687440233,Julie,The house was so comfortable and fun multiple games for the kids! They we're fast responding highly recommend staying here. My family had the best time thank you so much!  Tatum is a wonderful Host!! 😊,austin_reviews.csv,2026-04-13T02:03:58.118Z,78729,entire home/apt,216
668895842634640684,seattle,1509704213914366556,2025-09-13,87480,Ryan And Ella,an amazing spot in ballard. we felt right at home at this cozy retreat. would definitely stay again.,seattle_reviews.csv,2026-04-13T02:03:58.118Z,North Beach/Blue Ridge,entire home/apt,153
669222996858014350,chicago,1484172412795761993,2025-08-09,37391134,Ann,"For a visit to Hyde Park, Kenwood is ideal because there are not many quality Airbnb listings in this area. Also, Kenwood is quiet, a neighborhood full of working people and homeowners going about their business. The on-street parking is easy to find; we ended up in front of our building nearly every night. The apartment is HUGE! Also the layout is ideal, with a spacious living room at the front for hanging out and room for a whole family, while the bedrooms are at the other end. For a weeklong visit Zainab's apartment was ideal. Would defineitely use this place again.",chicago_reviews.csv,2026-04-13T02:03:58.118Z,Kenwood,entire home/apt,209
669747938894499321,seattle,1507460654757618488,2025-09-10,140499810,Tracy,"Home is very nice! The rooftop deck is to die for! Be ready for lots of stairs and there is traffic noise, but didn't bother us. Kitchen is well stocked. We enjoyed our stay.",seattle_reviews.csv,2026-04-13T02:03:58.118Z,Eastlake,entire home/apt,249
671542965331525254,austin,1374040227283829375,2025-03-10,400948136,Aditya,"Perfect stay. The house is spotless and in a quiet area, but we had access downtown and S Congress whenever we wanted. It was < 5 min walk to the hike and bike trail, which we used constantly to get around. We rented bikes from Mellow Johnny’s and were able to get around pretty much anywhere within 5 miles without a car - food, activities, groceries, etc. Iana is super communicative and sweet - she had a gift waiting for us when we arrived.<br/>The home is furnished really nicely. Beds were insanely comfortable, kitchen was well-equipped and we made great use of the record player.<br/>Great first visit to Austin and would love to stay here again!",austin_reviews.csv,2026-04-13T02:03:58.118Z,78704,entire home/apt,394
671761745389896543,nashville,1393671087822293593,2025-04-06,507200561,Graham,"The property was very nice and clean. The host was responsive throughout the whole stay. The only thing is it a little further away from Broadway so sometimes Uber and Lyfts can be more expensive. Overall, great experience and would recommend staying here again.",nashville_reviews.csv,2026-04-13T02:03:58.118Z,District 20,entire home/apt,288
674612687669989407,nashville,1505245902083752002,2025-09-07,553655133,Lauren,"I noticed the poor review that was left prior, but the check out instructions were clear so I’m not sure the accuracy of that review - don’t let it deter you. This home was accommodating and had some great historical features along with a splash of modern features as well.  The back yard was a piece of Italy, the bed was comfortable and the neighbor was peaceful. 5 stars, would recommend.",nashville_reviews.csv,2026-04-13T02:03:58.118Z,District 18,entire home/apt,251
674736390816097045,nashville,1516059501796634098,2025-09-22,240015104,Emmanuel,Very informative and great host. Abby responded on time and gave clear instructions on how to get into the building and parking. She even refunded our parking payment when she went supposed to. God bless you for being such a wonderful host.,nashville_reviews.csv,2026-04-13T02:03:58.118Z,District 19,entire home/apt,164
675157878765516286,nashville,1515353175720539453,2025-09-21,175209756,Makaila,"Great location and fun stay, but a few issues<br/>We had a blast in Nashville, and the Airbnb was in a fantastic location—close to many popular spots and easy to get around. The beds were comfortable, though they were quite low to the ground, which might be a consideration for some guests.<br/>However, the guest bedroom wasn’t thoroughly cleaned—the floors and shower could have used more attention. Also, the garage door was extremely loud, which made it difficult to enter the house quietly when others were asleep.<br/>Overall, we enjoyed our stay, but there’s definitely room for improvement in cleanliness",nashville_reviews.csv,2026-04-13T02:03:58.118Z,District 13,entire home/apt,105
675324739303021108,seattle,1347376136717502475,2025-02-01,163733903,Govind,Thank you for allowing us to stay for so long! It was the perfect way for us to get to know the area before moving to Seattle permanently. We appreciate all that you did for us.,seattle_reviews.csv,2026-04-13T02:03:58.118Z,Columbia City,entire home/apt,133
681052134870602809,twin_cities,1425453345915554277,2025-05-20,350859637,Dora,Very beautiful above and beyond expectations to wake up to a beautiful sunrise,twin_cities_reviews.csv,2026-04-13T02:03:58.118Z,Hennepin,entire home/apt,185
681519305828567013,twin_cities,1510307971570131704,2025-09-14,457627174,Tianna,I booked this Airbnb for my daughters birthday. Everything went great. The pool was perfect for the kids and the beds were super comfortable. I even locked myself out of the apartment and Peter helped me right away. I definitely recommend this Airbnb.,twin_cities_reviews.csv,2026-04-13T02:03:58.118Z,Ramsey,entire home/apt,392
683703180206343843,twin_cities,1388531806900594174,2025-03-30,31928735,JaNeal,The stay was great! The house is very clean and a comfy environment. Had no problems with check in or anything! There’s a market just down the street I walked to get some snacks while I was here.,twin_cities_reviews.csv,2026-04-13T02:03:58.118Z,Hennepin,private room,72
684178203144141156,nashville,1505914201793556874,2025-09-08,697277958,Abigail,Perfect for a large group. Plenty of beds and bathrooms,nashville_reviews.csv,2026-04-13T02:03:58.118Z,District 5,entire home/apt,145
685303839668013059,nashville,1490701311206562175,2025-08-18,271665643,Jared,great  place  to stay. the shuttle is the best deal  you will  find  to get back to downtown.,nashville_reviews.csv,2026-04-13T02:03:58.118Z,District 15,entire home/apt,173
686337633992967751,twin_cities,1477657007529359692,2025-07-31,546469760,Ken,"Very friendly, and quiet. Cul de sac location free of traffic",twin_cities_reviews.csv,2026-04-13T02:03:58.118Z,Wright,private room,47
687215887081269359,nashville,1510332488814031852,2025-09-14,262324127,Stephanie,The house is perfect for a weekend get-a-way. Short drive to Broadway and other locations we wanted to visit. The back yard is a great place to hang out and enjoy friends and family.,nashville_reviews.csv,2026-04-13T02:03:58.118Z,District 8,entire home/apt,226
688607311212760824,nashville,1508124852013932543,2025-09-11,717011667,Jeremy,"Stayed one night and loved it, quiet, safe neighborhood with parking right out front. Comfortable, easy stay. Would definitely recommend.",nashville_reviews.csv,2026-04-13T02:03:58.118Z,District 6,entire home/apt,88
689441688793190754,nashville,1474840047065855288,2025-07-27,708313900,Cody,"Great place to stay for a getaway!!! Quiet, private, and a great view of the river!!",nashville_reviews.csv,2026-04-13T02:03:58.118Z,District 9,entire home/apt,167
690642121524994352,twin_cities,1500221412758898192,2025-08-31,669505419,Becca,"Had an encounter where a car was parked at the end of the driveway at 1AM with light on. Scary. Ended up being the friend of the owners kids. They came over to apologize by knocking on our door around 1:30-2AM also scared us. Pool and lawn mowing started right when all us ladies went by the pool in our bikinis. None of the workers would wave back at us, maybe trying to act like they were just doing their job. I know it rained the night before  but was uncomfortable. Dog kept coming into the lawn and had to watch for dog poop.",twin_cities_reviews.csv,2026-04-13T02:03:58.118Z,St. Croix,entire home/apt,343
694212528485944088,nashville,1513948543614910233,2025-09-19,30899615,Amy,"Great place to stay for a group girls trip, thoroughly enjoyed :)",nashville_reviews.csv,2026-04-13T02:03:58.118Z,District 19,entire home/apt,185
695710250281871793,seattle,1510318920847903235,2025-09-14,374452382,Connor,Great stay and enjoyed that it was a close walking distance to downtown,seattle_reviews.csv,2026-04-13T02:03:58.118Z,Broadway,entire home/apt,298
696576290163722477,austin,1500843477726856960,2025-09-01,285368710,Mario,"Everything just has described, great communication, good place location. Definitely, I would like to stay again at this place.",austin_reviews.csv,2026-04-13T02:03:58.118Z,78705,entire home/apt,82
698533299582997817,seattle,1514694046196824263,2025-09-20,138210009,John,"Step out the front door and into a quiet and fragrant garden.  Nice neighborhood all around<br/>We enjoyed meeting Eileen... friendly, and helpful.<br/>WiFi and appliances were in good working order.",seattle_reviews.csv,2026-04-13T02:03:58.118Z,West Woodland,entire home/apt,77
699196003695152991,twin_cities,1511060613200253469,2025-09-15,209804925,Vayda,"Our first visit to Minneapolis was lovely, in no small part due to this fantastic little spot. It was perfect for a quick weekend visit. Our flight didn’t get in until later in the evening and Jen was super gracious with our late arrival. Great location, beautiful home, loved all the amenities. Would stay again!",twin_cities_reviews.csv,2026-04-13T02:03:58.118Z,Hennepin,private room,58
700110942578114381,austin,1476299215864898778,2025-07-29,442417229,Rajendra,"This excellent home offers a country living experience right in the heart of the city! The location is the biggest advantage, just a 5-minute drive to the Domain. There are games for everyone in the family.",austin_reviews.csv,2026-04-13T02:03:58.118Z,78727,entire home/apt,252
705825794135157409,chicago,799313027886404055,2023-01-07,414743757,Maria,"This house was very nice, large and very spacious for a large family, I really liked that it had its own parking lot, our hot water also stopped working and I let her know and in less than 1 hour she sent someone to repair it, i recommended this place.",chicago_reviews.csv,2026-04-13T02:03:58.118Z,Clearing,entire home/apt,167
712370100559572979,twin_cities,1515348620611646978,2025-09-21,392200314,Ethan,Wonderful and unique location! I've stayed there twice this year and will probably be staying again in the spring. Very well appointed.,twin_cities_reviews.csv,2026-04-13T02:03:58.118Z,Washington,entire home/apt,306
712453913018677418,chicago,1433513465151347718,2025-05-31,238595325,Kelsey,Olga was super responsive and helpful during out stay! Great location with easy parking!,chicago_reviews.csv,2026-04-13T02:03:58.118Z,Lake View,entire home/apt,95
716067339330031421,austin,1474077435363435990,2025-07-26,173234569,Lisa,"Great Stay!  Everything was just as described!   Check in was flawless, location was great, and beds were incredibly comfortable.  We will definitely keep this Aibnb in mind for future stays in Austin.",austin_reviews.csv,2026-04-13T02:03:58.118Z,78751,entire home/apt,203
718360358194989374,nashville,1505904535406643110,2025-09-08,243990592,Jeremy,Zach has a great place and is incredibly responsive to messages. Would stay with again.,nashville_reviews.csv,2026-04-13T02:03:58.118Z,District 13,entire home/apt,110
720328633552951906,twin_cities,1500877679471401848,2025-09-01,714642034,Elissa,Good space but wish there was bigger beds. One queen and two twins I believe,twin_cities_reviews.csv,2026-04-13T02:03:58.118Z,Ramsey,entire home/apt,106
721023418131839701,seattle,1490804816898204194,2025-08-18,683995118,Jazmine,"I had a wonderful stay. Alice was very responsive,  kind, and welcoming. Her home also had quality ceramic nonstick  cookware that I was able to use to prepare meals for myself and my toddler. An added bonus was the fact that they installed a baby gate to block the steep stairwell - that was definitely needed. The Queen Anne neighborhood has lots of steep hills, so it was not the easiest thing to walk most places in the neighborhood. However, the host provided helpful instructions to take the bus nearby, and it was very easy to navigate, even though I have never taken the bus before. There were quite a few gnats in the house that were not fun to deal with, and a few other minor issues, but overall, I would still recommend this place.",seattle_reviews.csv,2026-04-13T02:03:58.118Z,West Queen Anne,entire home/apt,191
722392209236655356,chicago,1292214775065072781,2024-11-17,104687658,Sean,"We had an amazing time staying here. They were great hosts and made us feel welcomed. The place is cozy and beautiful. We loved the design of the room and bathroom, it inspired us. Kelsey gave us great recommendations for food and things to do in Logan Square. We ate  at yummy places such as Daisies, Sugar Moon bakery, Lula’s cafe, and Loaf Lounge.",chicago_reviews.csv,2026-04-13T02:03:58.118Z,Logan Square,private room,71
724758795134613886,seattle,1516125737442026069,2025-09-22,496267158,Candice,If I were to visit Seattle again. I would definitely seeking Hossein’s place as my go to!,seattle_reviews.csv,2026-04-13T02:03:58.118Z,Crown Hill,entire home/apt,110
727095772106660475,austin,1262486707899081361,2024-10-07,582347724,Victoria,"On my first steps into Camp EZ, I was met with a chunky cat chilling on the path wall leading in. I was I could draw a picture of how cute and sleepy they looked and attach it here, and I'm not even a cat person.<br/>Cat anecdote aside, I had a great stay. After a long couple days of driving and crashing at rest stops, I really appreciated the welcome as Jim showed me around. Everything felt relaxed and all of the bathrooms and stuff were easy to find. Paths were well-lit at night.  The decorations were a sight to behold, especially in the evening — on my second night, I had come back to the camp late and the walk back to the tent felt so serene and dreamy.<br/>The layout has plenty of space to the point where you could basically have as much privacy as you feel like. I had some friendly chats with the other visitors as we all went about our biz. I felt safe and cozy there. Highly recommend and would love to stay again if I'm ever back in Austin!",austin_reviews.csv,2026-04-13T02:03:58.118Z,78745,entire home/apt,25
729689467632186231,twin_cities,1346571635393770101,2025-01-31,287187179,Michael,"Place was awesome, Lisa does an amazing job with making it feel like home and she is always responsive. Enjoyed my time here and would 100% consider it again.",twin_cities_reviews.csv,2026-04-13T02:03:58.118Z,Hennepin,entire home/apt,218
730196221845706622,austin,1474829937268388220,2025-07-27,525545861,Alyssa,"This place was amazing, honestly the photos don’t do it justice the home is beautiful! House was very well kept and organized. Malcolm was an excellent host and was very attentive to our needs during our stay. You definitely won’t regret booking this house!",austin_reviews.csv,2026-04-13T02:03:58.118Z,78724,entire home/apt,262
732610563733385698,twin_cities,1515430167062940666,2025-09-21,538113083,Hannah,"We had such a wonderful weekend at this lake house! The space was clean, comfortable, and had everything we needed, all the utilities were easy to use and very convenient. We loved having access to the kayaks and paddle boat. The house itself was a great pick for a relaxing getaway with friends. Highly recommend for anyone looking for a peaceful, well-equipped stay!",twin_cities_reviews.csv,2026-04-13T02:03:58.118Z,Wright,entire home/apt,263
734332860198688565,twin_cities,1434189898512466309,2025-06-01,691258560,Dane,"Enjoyed my stay at Cheryl's. Clean, quiet place. They were easy to communicate with, and willing to help.",twin_cities_reviews.csv,2026-04-13T02:03:58.118Z,Wright,entire home/apt,166
734851598384432592,chicago,1513212158988107544,2025-09-18,21370339,Juan Pablo,"I want to be clear about this review: Demitri is a great host with plenty of experience, and I have nothing negative to say about him or the property itself.<br/>My only recommendation for future guests relates to parking. The listing notes free street parking nearby, but if you plan on bringing a car, be aware that parking in the area is extremely limited. It’s very crowded, and finding a spot close to the Airbnb is nearly impossible. Even paid parking options are scarce, so relying on them isn’t always a solution. In the worst case, it can take over an hour and force you to park more than a mile away.<br/>Additionally, the place can get a bit noisy at times due to neighbors and activity from the floors above.<br/>If you’re traveling without a car or plan to rely on public transportation, this place is a good choice. But if parking is a priority, I recommend taking this into account so it doesn’t affect your overall stay in Chicago.",chicago_reviews.csv,2026-04-13T02:03:58.118Z,Rogers Park,entire home/apt,81
734866721750281735,chicago,1512523475336951381,2025-09-17,403586822,Deborah,"Apartment was clean, host is very responsive. However things to note is that the floors are very squeaky. The neighbors smoke a lot so the apartment smelt of marijuana and cigarettes.",chicago_reviews.csv,2026-04-13T02:03:58.118Z,Portage Park,entire home/apt,89
741160556347125472,twin_cities,1495111721689624519,2025-08-24,54981753,Steve,"Great place, easy to find and access, clean and comfortable!",twin_cities_reviews.csv,2026-04-13T02:03:58.118Z,Wright,entire home/apt,168
744942128301966811,austin,1484941389973259161,2025-08-10,688682231,Hunter,Place was just what we needed and incredibly nice,austin_reviews.csv,2026-04-13T02:03:58.118Z,78744,entire home/apt,431
745004823798209785,chicago,1282063307636800785,2024-11-03,21383012,Janine,"Robin was a fantastic host and enjoyed my month-long stay very much! It was perfect for me and my German Shepherd, lots of great parks to explore in the area! It was also ideal for working from home with a wonderful office space set up. Finally, the closet in the bedroom was huge, it was especially nice since I was relocating and had some things I wanted to store out of the way. Overall, I would highly recommend staying here, great unit, wonderful host and lovely neighborhood!",chicago_reviews.csv,2026-04-13T02:03:58.118Z,Lincoln Square,entire home/apt,92
755934562888126191,chicago,1183469725566450175,2024-06-20,92361525,Katey,"I stayed here for a month for work and what an incredible place.  The neighborhood was great- safe, friendly, walkable, very dog friendly.  It’s close to brown, purple, and red lines (you can get anywhere you need to be) and also has many walkable restaurants and coffee shops. Despite being near a bustling park, it’s surprisingly quiet.  The house itself is fantastic- clean, private, and has everything you need (although lots of stairs- so just be mindful).  The view of trees out the front windows is so peaceful and sets you up for a really nice sunset view.  Instructions are super clear, entry is a breeze, and owners are very responsive. Overall, just a really wonderful find.",chicago_reviews.csv,2026-04-13T02:03:58.118Z,Lake View,entire home/apt,167
756022165345239374,nashville,842120673666094385,2023-03-07,32262548,Angie,Unit and balcony were bigger than expected. No problems at all so we could truly enjoy a relaxing vacation with family.,nashville_reviews.csv,2026-04-13T02:03:58.118Z,District 15,entire home/apt,143
756167625428804683,seattle,1515393054091664446,2025-09-21,90140795,CaSandra,"Comfortable beds, lots of room for our family of 5, and super clean.",seattle_reviews.csv,2026-04-13T02:03:58.118Z,West Woodland,entire home/apt,160
761071522423068825,chicago,1216013602100610558,2024-08-04,459925186,Miguel,Clean and nice location!,chicago_reviews.csv,2026-04-13T02:03:58.118Z,Rogers Park,entire home/apt,119
761583668741389597,austin,1484969338246688470,2025-08-10,522662402,Karina,Cute place! Not too far from downtown area and very clean.,austin_reviews.csv,2026-04-13T02:03:58.118Z,78725,entire home/apt,152
762333397443084974,twin_cities,1423286659923491127,2025-05-17,292788437,Barbara,"We stayed a month last year. Loved the comfort of the beds and separation of suite into 2 areas with 2 tvs and a view. This year they stuck us in corner with smaller room due to stairway outside our door. No separation attempt between sitting room and bed, only 1 tv and absolutely no window view - no light coming in. Dark n gloomy. The bed was horribly uncomfortable. If sitting on it with bedding it felt okay. Pull back covers and the mattress was horrific. Contacted host to suggest switching mattress out with another. No response. Wrote again asking for reply. No response. Finally pulled mattress from sofa bed and put on top of bed mattress. Pain in the ass. <br/>Woman who fills in at breakfast was wonderful. Young man is a grump who shouldn’t be in service job. <br/>It was cheap place to stay but even then not worth it. Never again. **housekeeping and lobby staff is great!",twin_cities_reviews.csv,2026-04-13T02:03:58.118Z,Dakota,private room,50
764381859667559489,austin,1200139465567816700,2024-07-13,431025535,Kayla,Great place to stay in Austin. Easy to find and so much near by. Would stay again if back in the area.,austin_reviews.csv,2026-04-13T02:03:58.118Z,78750,entire home/apt,249
766056605942339033,chicago,1514635980518910220,2025-09-20,1961132,Maddy,Great location and perfect apartment setup.,chicago_reviews.csv,2026-04-13T02:03:58.118Z,Logan Square,entire home/apt,125
769727367095376357,nashville,1508082587143394915,2025-09-11,171011606,Donnas,Clean and comfortable,nashville_reviews.csv,2026-04-13T02:03:58.118Z,District 6,entire home/apt,132
772423437416351327,seattle,1510319530618135024,2025-09-14,21170602,John,"We had the best time in Seattle, Alaina and Matt were such great hosts. Perfect location and walkable to anything you need. Highly recommend.",seattle_reviews.csv,2026-04-13T02:03:58.118Z,Wallingford,entire home/apt,130
773277395382707715,chicago,1512432130333849371,2025-09-17,382436327,Jenna,"This was my second stay at Tim’s and I definitely recommend. Tim’s house is nice and quiet, and has all the amenities I need. The location is great and just a short walking distance to the Lakefront.",chicago_reviews.csv,2026-04-13T02:03:58.118Z,Lake View,private room,74
777081569923692574,chicago,1510369760885414716,2025-09-14,674465575,Gina,"I stayed at this home in Chicago over the weekend while in town to visit my cousins, and it was a great experience. The house was very clean, well-kept, and just as described. Karen, the host, was professional and responsive throughout the stay. I truly enjoyed the comfort and convenience of the space. I have lots of family in Chicago and I will be back again. I’m glad to know there is a reliable and welcoming place to book again for future visits.",chicago_reviews.csv,2026-04-13T02:03:58.118Z,Calumet Heights,entire home/apt,194
783238672519117197,twin_cities,1469764470106418563,2025-07-20,83308991,Emilie,"There are live mice at this property as well as an active hornets nest in one of the bedroom windows. There are smoke detectors with batteries removed, mold and hair on the bathroom ceiling, noticable grime on the kitchen ceiling and cabinets. We opened a cabinet in the kitchen and found expired, unrefrigerated mystery food and the oil for cooking expired in 2022. The photos for the front living room do not represent the space at all. There has clearly been an electrical issue as there were extension cords all over the place and no outlets worked. I attempted to reach out to the property owner regarding our concerns and the message has been left unread.",twin_cities_reviews.csv,2026-04-13T02:03:58.118Z,Ramsey,entire home/apt,281
783398511113201777,nashville,1479860027337448547,2025-08-03,481361537,Brianne,Amazing,nashville_reviews.csv,2026-04-13T02:03:58.118Z,District 2,entire home/apt,250
785469105591142352,seattle,1503140811600843599,2025-09-04,167799874,Bryan,"Malcolm's place is great. Clean, easy, and walkable. Worked out perfectly for a family visit.",seattle_reviews.csv,2026-04-13T02:03:58.118Z,Fairmount Park,entire home/apt,157
786194636674358868,austin,1404456276733227228,2025-04-21,466122753,John,"We had such a lovely stay at Jessica’s place! The home was comfortable, well-located, and had everything we needed for a relaxing getaway. We really appreciated the thoughtful touches throughout the space. Communication was smooth and friendly from start to finish. Would definitely recommend to anyone visiting Austin, and we’d happily stay again in the future!",austin_reviews.csv,2026-04-13T02:03:58.118Z,78754,entire home/apt,225
792956172139634710,nashville,1511066069495165325,2025-09-15,423295382,Zakary,great location for downtown nashville! also the pool and gym made this place a must stay!,nashville_reviews.csv,2026-04-13T02:03:58.118Z,District 19,entire home/apt,121
793611557583559548,austin,1500883490602785661,2025-09-01,27165311,Jorge,Loved the place! Super close to the places I was visiting and great neighborhood.,austin_reviews.csv,2026-04-13T02:03:58.118Z,78702,entire home/apt,69
794001257218479744,austin,1393670872282300696,2025-04-06,558020174,Cecily,"Nancy was an amazing host! She was very welcoming, helpful and friendly, responding quickly to every question or need. The Loft was beautifully decorated with much thought put into guest comfort. It was pristine, peaceful and very cozy. The kitchen and bathroom were well-equipped with everything we needed. The bed, sofas and recliners were very comfortable. The location was great - very safe and very close (5 minutes) to an HEB, 10-15 restaurants/eateries, shops, theater, etc. and close to the Hill Country, Dripping Springs and Austin. It was a perfect place to stay and I will return!",austin_reviews.csv,2026-04-13T02:03:58.118Z,78737,entire home/apt,133
796328181355400392,nashville,1411784876634975331,2025-05-01,339285558,Donald,This place is Amazingly accurate with the photos. I am very pleased with there response when I had a question. I totally recommend this property. Great place and excellent host.,nashville_reviews.csv,2026-04-13T02:03:58.118Z,District 2,private room,48
797096274810305865,austin,1421896658878775732,2025-05-15,29113924,Becca,Always a great place to stay!,austin_reviews.csv,2026-04-13T02:03:58.118Z,78701,entire home/apt,141
797148074159970987,nashville,1503798848064396384,2025-09-05,687155747,Alex,"The place was perfect. It had everything we needed, it was fresh and nicely decorated. Great, convenient location. Chloe and her family were very responsive and all the instructions were clear. Would definitely stay again and highly recommended!",nashville_reviews.csv,2026-04-13T02:03:58.118Z,District 5,entire home/apt,108
797159986818826882,austin,1360297023185392148,2025-02-19,20656754,Andrew,"Todd’s place is great!<br/>The only reason for 4 instead of 5 stars is that the building was under renovation construction during my stay. Loud construction from early morning (7-8am)  all day long. Even on the holiday. Renovations happen and that’s good to keep a place nice. But, I was not warned about this and I do enjoy sleeping in a bit on vacation. The signs said it should be completed in the next couple months. <br/>Once the construction is complete, this would be my choice place to stay when visiting Austin. And will be a 5 star choice!<br/>Super clean, great location, quality host, friendly staff even arcade games in the lobby!",austin_reviews.csv,2026-04-13T02:03:58.118Z,78701,entire home/apt,141
800664462385506301,austin,1374810431691643924,2025-03-11,396620914,Melody,"Great place to stay during SXSW (20 min walking from the convention center). Fully equipped kitchen, washing machine and a dryer, nice view, quiet. <br/>The address is different than what the app present, but Steve was very communicative and assisted immediately. <br/>I would definitely love to come back!!",austin_reviews.csv,2026-04-13T02:03:58.118Z,78701,entire home/apt,143
800944315184661133,twin_cities,1500927185202854904,2025-09-01,29125328,K'Shelle,I was in town for a friend’s wedding as well as a visit to the state fair. Howard’s place was the perfect launch pad for both events!,twin_cities_reviews.csv,2026-04-13T02:03:58.118Z,Hennepin,entire home/apt,77
803699110387545248,nashville,1495845226195462430,2025-08-25,12149265,Stephen,"I can’t imagine a more perfect Airbnb in Nashville. The location is great, the house is lovely, and Crystal is an incredible host. We feel lucky to have found her place, and we can’t wait to stay again the next time we’re coming through Nashville. We’d give it more than 5 stars if we could!",nashville_reviews.csv,2026-04-13T02:03:58.118Z,District 7,entire home/apt,122
804231401422001274,twin_cities,1498667910757386125,2025-08-29,108875777,Maggie,"Very beautiful place, we would love to come again!!",twin_cities_reviews.csv,2026-04-13T02:03:58.118Z,Wright,entire home/apt,163
807163355662802523,austin,1497247158811510214,2025-08-27,103970305,Robert,"Stars in the sky and the woods whispering… a wonderful retreat here just a hop and a skip from all the city stuff.  You’ll get a delightful combination of cozy and spacious, plenty of kitchen for some serious meal crafting and a perfect porch for the morning bean and evening toast!  Five star hosts, helpful, available and present as you want (or don’t want) them to be.  Book it, you’ll be glad you did.",austin_reviews.csv,2026-04-13T02:03:58.118Z,78737,entire home/apt,100
811645935641520737,nashville,1505254006887534191,2025-09-07,701954383,Blake,Host was very responsive and we enjoyed our stay,nashville_reviews.csv,2026-04-13T02:03:58.118Z,District 21,entire home/apt,165
812430634530133743,austin,1373298712544461432,2025-03-09,21049070,Stefan,"Great host, really easy to talk to and very responsive. The location was perfect and very spacious. Highly recommend",austin_reviews.csv,2026-04-13T02:03:58.118Z,78701,entire home/apt,156
814552655038522905,nashville,1510349841827111689,2025-09-14,136281396,Vikram,Amazing place and very close to downtown activities! It was nice being away from most of the noise,nashville_reviews.csv,2026-04-13T02:03:58.118Z,District 2,entire home/apt,147
819195587406940751,twin_cities,1493593748424378948,2025-08-22,472611044,Jessica,"My husband and I stayed for a week and had a great time! The space was really cool and looked just like the photos. We enjoyed the board games and fun glassware and appreciated good quality shampoos and other amenities. The bed was comfy too. Will and Sarah were friendly and responsive hosts, parking was easy and overall would recommend this stay!",twin_cities_reviews.csv,2026-04-13T02:03:58.118Z,Hennepin,entire home/apt,127
819785499829050358,chicago,1489971323415574228,2025-08-17,15944555,Anna And Fabio,Always a great stay!,chicago_reviews.csv,2026-04-13T02:03:58.118Z,Rogers Park,private room,80
821908123345251930,twin_cities,1514627618855001506,2025-09-20,70478198,Annie,"Great location, beautiful street, very clean home. Had a lovely stay!",twin_cities_reviews.csv,2026-04-13T02:03:58.118Z,Ramsey,entire home/apt,118
823115876105369681,twin_cities,1500167404516281446,2025-08-31,334054288,Denise,"The house itself was fine. Great location. There were a few issues we ran into that impacted the overall experience: <br/>(1) Initially, It was unclear who the main point of contact was. Once I booked the property on Airbnb, I was connected with/ referred to a total of four different people when inquiring about early check-in. The booking info was different across multiple areas: on Airbnb, there were two different check out times listed. Then, prior to our stay, I was sent a link from Evolve with booking info, and it—again—was inconsistent with the info sent via Airbnb. <br/>2) There were issue with the locks. Front door lock was not locking consistently, we changed batteries and still had trouble a day later. Side door lock also took multiple attempts to lock properly. <br/>3) Some disappointing amenities: Ie. some hand soaps were old soap bottles filled with water. There was also a single trash bag for our four-night stay—which is annoying as taking out the trash is required for check out.",twin_cities_reviews.csv,2026-04-13T02:03:58.118Z,Ramsey,entire home/apt,172
823273576559656432,chicago,1480544444089346976,2025-08-04,319634852,Lexi,Great stay! Very conveniently located near Brown Line,chicago_reviews.csv,2026-04-13T02:03:58.118Z,Albany Park,entire home/apt,174
823879694871437688,nashville,1510312496783023084,2025-09-14,574995365,Micah,Matthew was super nice and very accommodating. He was able to work with our flight schedule both on arrival and departure day. Would absolutely stay at his place again!,nashville_reviews.csv,2026-04-13T02:03:58.118Z,District 19,entire home/apt,120
824305633720359543,seattle,1507480812563295918,2025-09-10,140507667,Candace,We had a wonderful 4 days and would definitely stay again.  Clean with comfortable beds. No car necessary.  We walked or rode the train everywhere for just a few bucks.  The Transit app for buying and activating tickets is convenient and easy to navigate.  Neighborhood farmers market was wonderful to visit as was Bakery Nouveau.  Best meals were at Tavolata (Capital  Hill) and Rockfish (Fremont and an easy Lyft ride).  Thank you for a lovely place to stay while visiting family and taking in all that Capital Hill has to offer.,seattle_reviews.csv,2026-04-13T02:03:58.118Z,Broadway,entire home/apt,172
830212417586995595,austin,1476963609640960793,2025-07-30,83370677,Douglas & Ruschelle,Beautiful. Comfortable. Clean.,austin_reviews.csv,2026-04-13T02:03:58.118Z,78751,entire home/apt,129
830695233106768907,austin,1500930664311765930,2025-09-01,68652091,Meera,"We had a great time at Bianca's place in Austin. The place was cozy, clean, and comfortable during our visit. Parking was straightforward too.",austin_reviews.csv,2026-04-13T02:03:58.118Z,78741,entire home/apt,82
833363400738218379,twin_cities,1511046218038144288,2025-09-15,537651914,Natalie,Andrea's home is nice big comfy and very peaceful. I loved sitting outside looking at the gardens drinking coffee and listening to the birds and seeing the rabbits running.  very beautiful home and we will stay there again in the future.,twin_cities_reviews.csv,2026-04-13T02:03:58.118Z,Hennepin,entire home/apt,238
833411324472756978,chicago,1216818308432021981,2024-08-05,584932166,Mark,Place was very comfortable. Great neighborhood to walk our dogs.,chicago_reviews.csv,2026-04-13T02:03:58.118Z,Belmont Cragin,entire home/apt,128
834985028869992919,chicago,1503032651446904551,2025-09-04,73837154,Molly,A spacious apartment right in the heart of Chicago with plenty of bus and train stops nearby! Majed was very responsive and was happy to work with us on extending our parking. This was a great place to stay with my toddler - some babyproofing was already in place and some kid amenities were provided.,chicago_reviews.csv,2026-04-13T02:03:58.118Z,Near North Side,entire home/apt,234
838689973912642220,chicago,1190653579480383769,2024-06-30,107271979,Jasmine,"Great space near a ton of restaurants within walking distance. We fit 7 adults quite comfortably, with plenty of bedding and towels. Would definitely return.",chicago_reviews.csv,2026-04-13T02:03:58.118Z,Lake View,entire home/apt,307
839825958820293878,austin,1497999058847491322,2025-08-28,445057925,Arad E.,Nice place but could've been cleaner. The kitchen isn't really well equipped,austin_reviews.csv,2026-04-13T02:03:58.118Z,78741,private room,42
839964811373910046,twin_cities,1490039264112826778,2025-08-17,368625496,Ashley,"Overall it was a great stay, it was awesome to be right on the Apple River. We came in late so it was hard to see the number of the cabins but we found it! The only thing we noticed is there was a leak in the roof over the tub, it rained super hard and it was over the shower so it didn’t matter too much. Cute little spot for 2 people!",twin_cities_reviews.csv,2026-04-13T02:03:58.118Z,St. Croix,entire home/apt,77
842296106377253917,seattle,993553904772962795,2023-10-02,428185070,Elizabeth,We loved our stay at Diane’s! Thank you so much.,seattle_reviews.csv,2026-04-13T02:03:58.118Z,West Queen Anne,entire home/apt,271
842664200760564648,austin,1493648360398493667,2025-08-22,57821877,Edie,"Nice place, comfortable bed, and dogs loved the backyard.",austin_reviews.csv,2026-04-13T02:03:58.118Z,78727,entire home/apt,80
842749728060157787,chicago,1508894226022735587,2025-09-12,90664300,Frédérique,"Le logement est grand, accessible facilement depuis les transports en commun et permet de retrouver le calme après l’agitation d’une journée au centre ville. Parfait !",chicago_reviews.csv,2026-04-13T02:03:58.118Z,Logan Square,entire home/apt,175
844199899790461053,chicago,1510281211487853226,2025-09-14,397547862,Matthew,This apartment was exactly what we needed. Gladys went above and beyond to make us feel at home. Very cozy and super clean place as well. Would definitely stay here again when visiting Chicago.,chicago_reviews.csv,2026-04-13T02:03:58.118Z,Jefferson Park,entire home/apt,63
844894728189359109,austin,1480654316302003364,2025-08-04,120236841,Daryl,"This location is amazing. You don't realize how great it is until you ""map"" where you are going...then you are like, should we walk, scooter, Uber or drive.<br/>The house was great, comfy beds #1, great kitchen, and each bed room closets and storage space for longer stays.<br/>The hosts know how to host.",austin_reviews.csv,2026-04-13T02:03:58.118Z,78704,entire home/apt,205
848831962420280944,seattle,1497356447011269523,2025-08-27,25564783,Justine,"We had a very peaceful stay at Amir’s. It has all the basic amenities with nothing fancy… as expected. <br/>Amir was very kind and checked in often to ask if we needed anything.<br/>Checking in was very easy. <br/>There are steps and stone path (not ADA friendly)<br/>Parking: it is street parking (so not exactly “on the premises” as listed) however there was always a space right outside the door that was super convenient. <br/>Temperature: No air conditioning (accurate to the description) There is a fan and de-humidifier which was very necessary for our over 80 degrees week. I found that I was warm (not too hot) but it’s probably because we managed to catch the hottest week of the summer. I think if you have respiratory issues just know that it is musky in the room before running the de-humidifier. <br/>Location: excellent! If you are an avid walker like me, I was able to walk to Capital Hill Brunch spots as well as to the beautiful Arboretum. The bus was also super close by. I felt safe sleeping at night.",seattle_reviews.csv,2026-04-13T02:03:58.118Z,Mann,entire home/apt,103
850179137902544665,nashville,1504510863259831634,2025-09-06,344695794,Kevin,"Great spot, walking distance to everything!",nashville_reviews.csv,2026-04-13T02:03:58.118Z,District 19,entire home/apt,148
850768438307292614,nashville,1510320170785051155,2025-09-14,188097434,Patrice,This house was amazing and just right for my family. We enjoyed our stay!,nashville_reviews.csv,2026-04-13T02:03:58.118Z,District 8,entire home/apt,393
851979914197305934,twin_cities,1500170291710489168,2025-08-31,477357686,Maria,"This was a great place to stay with my family (6 people) for the week! Everything was clean, cozy, and general supplies were well-stocked (tissues, tp, soaps, etc.), which made the house very nice to live in.",twin_cities_reviews.csv,2026-04-13T02:03:58.118Z,Ramsey,entire home/apt,113
854342418431237543,nashville,1511767486514579654,2025-09-16,448062184,Dianne,Andrew’s location was perfect for us. Entire rental was very well equipped with all the necessities and very reasonable priced. Best mattress ever.,nashville_reviews.csv,2026-04-13T02:03:58.118Z,District 13,entire home/apt,120
858142479216612398,twin_cities,1516805017476708372,2025-09-23,120791341,Tony,Beautifully updated home in a quiet lakeside community.,twin_cities_reviews.csv,2026-04-13T02:03:58.118Z,Anoka,entire home/apt,211
858637867168746631,austin,1510995610572713522,2025-09-15,460622813,David,"Really nice spot. The space was clean, comfortable, and equipped with everything you may need. Martha did an outstanding job of communicating with us during the visit. Would definitely stay here again.",austin_reviews.csv,2026-04-13T02:03:58.118Z,78757,entire home/apt,124
859615475884013734,twin_cities,1500131937042750454,2025-08-31,398008518,Chung,"Very responsive, communicative, and friendly hosts! Beautiful lakeside view with tons of indoor and outdoor activities to do.",twin_cities_reviews.csv,2026-04-13T02:03:58.118Z,Wright,entire home/apt,250
860528687748074242,twin_cities,1469692982071156426,2025-07-20,213629337,Mark,We were met at the location by Bubba. He was very helpful in showing us how things worked and answering any questions. We liked the openness of the house and the kitchen and bathrooms had all we needed. Would definitely recommend to others needing 4 bedrooms.,twin_cities_reviews.csv,2026-04-13T02:03:58.118Z,Hennepin,entire home/apt,155
861804993803642448,twin_cities,1505189414966963357,2025-09-07,365335978,Aubrey,Erica was excellent as a host very responsive and easy to communicate,twin_cities_reviews.csv,2026-04-13T02:03:58.118Z,Hennepin,entire home/apt,158
866916481195578374,chicago,1055186069120862933,2023-12-26,341859843,Erica,.,chicago_reviews.csv,2026-04-13T02:03:58.118Z,Woodlawn,entire home/apt,121
868960031210515615,seattle,1514706736282871999,2025-09-20,64472615,Anthony,"Loved the stay and the city, very close to public transit and had some lovely restaurants/cafes nearby",seattle_reviews.csv,2026-04-13T02:03:58.118Z,Yesler Terrace,entire home/apt,103
868983390120677039,seattle,1508255386481893250,2025-09-11,79316797,Nicole,"Had a great stay! We came into town last minute and booked this stay same-day and had a wonderful time at Quocation’s stay! There were two of us, and while the unit is tiny- it was a perfect size for us both! Loved having a coffee shoo thr next door down, and enjoyed sitting on the patio in the morning to enjoy it! Would stay here again!",seattle_reviews.csv,2026-04-13T02:03:58.118Z,Yesler Terrace,entire home/apt,108
873398619573406008,seattle,1496563168479725620,2025-08-26,144826151,Martin,"The accommodation was spacious, well equipped and very conveniently located for our requirements. A parking place was generally available on the road directly in front of the property, but a dedicated private spot is at the rear if required. James was a polite and prompt communicator. In summary,  the property fulfilled expectations and contributed to what was a very enjoyable stay in Seattle.",seattle_reviews.csv,2026-04-13T02:03:58.118Z,Fairmount Park,entire home/apt,211
875223435767167901,twin_cities,1496552279417999053,2025-08-26,91697231,Diane,"Mauro & Maria were very cheerful, happy! The room and a beautiful view over the pool, it was very relaxing and quiet. the bathroom was large and private. it was truly like paradise in Minneapolis. thank you Mauro and maria for sharing your home with me and for making me feel welcome. your new friend, la Diana!",twin_cities_reviews.csv,2026-04-13T02:03:58.118Z,Hennepin,private room,86
878362061551147886,seattle,1515481640641313860,2025-09-21,30975267,Terry,Great location only 1 mile from our family. Nice clean room.,seattle_reviews.csv,2026-04-13T02:03:58.118Z,Ravenna,entire home/apt,100
878380466198144072,nashville,1501617848883667110,2025-09-02,94802340,Sampheas,"We had a great stay. Next to shops and restaurants. We were down there to tour the universities and house was very close to both Vanderbilt and Belmont. The shops around there were very cute. Looking for good coffee: try Bad Ass coffee. <br/>House was as described and had enough space for our big family. We loved the open kitchen. Couch was very comfortable for our nightly movie nights. Kroger was in walking distance too. Warning: lots of steps as this is a 4 story home. <br/>We rented a car but also use uber for certain destinations. Uber rates from house were reasonable. <br/>A lot of amenities were included: shampoo, conditioner and even a big stew pot! Only complaint is no blender.<br/>Would stay again.",nashville_reviews.csv,2026-04-13T02:03:58.118Z,District 18,entire home/apt,199
884022569601206142,seattle,1512600093770773077,2025-09-17,547800142,Brandon,Clean house bed was comfortable,seattle_reviews.csv,2026-04-13T02:03:58.118Z,High Point,entire home/apt,205
886369975315237080,nashville,1505247329429047714,2025-09-07,655369658,Jackie,"my partner and I, along with another couple enjoyed a fabulous weekend in. nashville.  Karen played a huge role in making sure we were comfortable and had everything we needed.  the location was clean, well cared for, eclecticly decorated and felt like home. Karen was a  hospitable, kind and very proactive hostess. we loved every second of our stay and would definitely recommend Karen's place to anyone.   the location was close to everything we wanted to see and we were able to easily walk downtown.  overall an unforgettable experience.",nashville_reviews.csv,2026-04-13T02:03:58.118Z,District 19,entire home/apt,141
887161071201111462,twin_cities,1419001393112432632,2025-05-11,47410569,Carol,This was our third stay and we would love to stay again!,twin_cities_reviews.csv,2026-04-13T02:03:58.118Z,Hennepin,entire home/apt,191
887657375154296515,chicago,1480595400861644021,2025-08-04,681272632,Emma,"This cozy place was the perfect spot for my vacation. I went to Lollapalooza, and the place is right next to the red line that leads to downtown Chicago. The area is so pretty and everyone around was nice and helpful! Demitri was also always available if I had any questions or concerns, and was just an overall great host. He definitely prioritizes comfort and wellbeing of his guests!",chicago_reviews.csv,2026-04-13T02:03:58.118Z,Rogers Park,entire home/apt,89
889692041011044112,twin_cities,1329831522250342044,2025-01-08,44870784,Taissa,Steven was very responsive and trying to help. Still the apartment was extremely cold - felt completely unheated in a time of extreme cold with cold heaters. It’s a basement/ ground floor apartment so the spaces air moisture made the coldness that much more intense making us unable to stay there. The bed is extremely hard. It’s a nice place and Steven was trying his best to help but the place was not suited to host during this time of the year when heat is not only a question of comfort but of health safety.,twin_cities_reviews.csv,2026-04-13T02:03:58.118Z,Hennepin,entire home/apt,83
890524341736089149,seattle,1515389078915342218,2025-09-21,18358819,Lorri,"We had a wonderful stay! The eclectic décor, natural light, and cozy spaces upstairs were perfect, while the kids enjoyed the media room. Great location—peaceful with birds and squirrels, yet walking distance to restaurants, groceries, and close to the city.",seattle_reviews.csv,2026-04-13T02:03:58.118Z,Wedgwood,entire home/apt,215
895195572206403376,twin_cities,1500154331994952251,2025-08-31,200265383,Amanda,Excellent for a family with littles!,twin_cities_reviews.csv,2026-04-13T02:03:58.118Z,Hennepin,entire home/apt,400
895554734730702580,chicago,1490727261093621821,2025-08-18,707174825,LeRoy,5 out of 5 stars for Justin and the team. They were very responsive at booking and during our stay. They were nice enough to accommodate our early check in request. Responsive immediately when we had a concern.<br/>3 out of 5 stars on the location. We had an unfortunate situation with the unit flooding in the back bedroom and hallway after a downpour of rain. It was found that the exterior drain was clogged causing the basement unit to flood. The water came in quick and we notified Justin and his team in the middle of the night. They sent a gal to mop and clean the area up within 24 hours. It didn't ruin our trip but it was unexpected and got some things wet that we had on the floor in the back room when we were away during the flooding.,chicago_reviews.csv,2026-04-13T02:03:58.118Z,Near West Side,entire home/apt,171
895676852930345752,twin_cities,1513198204238195144,2025-09-18,97843139,Jorge,Absolutely great find I was lucky to find this in such short notice and Abhi was very helpful and responsive. Instructions were clear and the space was very relaxing.,twin_cities_reviews.csv,2026-04-13T02:03:58.118Z,Hennepin,private room,55
897188690689950812,seattle,1510336684439633293,2025-09-14,42958258,Carl,"Perfect stay, amazing space",seattle_reviews.csv,2026-04-13T02:03:58.118Z,Columbia City,entire home/apt,258
899242050573007932,austin,1445091392930613163,2025-06-16,169715522,David,"Billy and Tony's place is where we like to stay when visiting Austin. The space is spotless, nicely decorated, and comfortable, with a well-equipped kitchen and many thoughtful extras. It is easily accessible (walking, ride sharing, and driving) to all Austin has to offer. The hosts are gracious, accommodating, and respond immediately to all inquiries/requests.",austin_reviews.csv,2026-04-13T02:03:58.118Z,78702,entire home/apt,106
899292016907591427,chicago,1511759163384206694,2025-09-16,458304157,Elyse,I’ve stayed at other Airbnb’s in Chicago and so far this was my favorite. Shassel keeps the place clean and is responsive and I especially liked the permit parking stickers. Thank you for a great stay,chicago_reviews.csv,2026-04-13T02:03:58.118Z,Avondale,entire home/apt,111
899544156282323531,chicago,1508913843366865807,2025-09-12,88641534,Sabine,"séjour 3 nuits à Chicago-<br/>bonne connection avec le centre de la ville-<br/>quartier UPTOWN agréable et très varié-<br/>métro et bus accessibles-<br/>appartement au sous-sol très correct avec un garage-<br/>restauration variée et magasin d""alimentation dans les environs<br/>location ok",chicago_reviews.csv,2026-04-13T02:03:58.118Z,Uptown,entire home/apt,162
899984097882945127,twin_cities,1504494996392280707,2025-09-06,428321745,Darla,Great place and location,twin_cities_reviews.csv,2026-04-13T02:03:58.118Z,Hennepin,entire home/apt,195
902774912361923889,twin_cities,1505949798574088658,2025-09-08,484311606,William,"We thoroughly enjoyed our stay. The building has been renovated in a beautiful, modern vibe. We cooked all of our meals in the kitchen, they had everything that we needed for each meal. We could walk to a beautiful park, and it was easy to get to from the airport. The host was very responsive to the few questions we had.",twin_cities_reviews.csv,2026-04-13T02:03:58.118Z,Hennepin,entire home/apt,116
903634462779222398,seattle,1511069937316258495,2025-09-15,136632260,Angela,We loved this place! Such a great setting and easy to get anywhere whether walking or driving. We really appreciated all the extra details in the space and enjoyed our stay thoroughly.,seattle_reviews.csv,2026-04-13T02:03:58.118Z,North Beacon Hill,entire home/apt,94
910361024189460104,austin,1498038385306100666,2025-08-28,286710431,Nasser,Great place to stay I highly recommend as I frequently use Airbnb this is one of the cleanest I’ve seen.,austin_reviews.csv,2026-04-13T02:03:58.118Z,78702,entire home/apt,92
916286072933353981,seattle,1515471107773265221,2025-09-21,80135552,Chris,"Staying in Sophie's place was awesome. The house was very clean and in a peaceful neighborhood with walkable coffee, bars, restaurants, and grocery stores. Sophie was also accommodating when I needed to check out an hour past the normal time and prompt in responding. Make sure to read all of the check-in and listing instructions to accurately find the entrance to the house.",seattle_reviews.csv,2026-04-13T02:03:58.118Z,Adams,entire home/apt,273
917612454755858521,chicago,1515327784611685132,2025-09-21,93859038,Brooke,"Beautiful,  cozy, comfortable,  clean,  chic, just one of the favorite places I've stayed. Lovely live plants, great deck area with comfy seating, perfectly located walking distance to soooooo many awesome places.  EASY and FREE ample street parking in a beautiful neighborhood. My husband was so impressed (and he's hard to impress) he wants to stay next time we are in Chicago! This was such a GEM of a find. So glad we stayed in Cory's home.",chicago_reviews.csv,2026-04-13T02:03:58.118Z,Logan Square,entire home/apt,132
919590271499393720,seattle,1505353225773598854,2025-09-07,87831994,Anita,"The place is centrally located, easy to get to main attractions like Space Needle, Chihuly Museum, Olympic Sculpture Garden, etc. Fantastic selection of restaurants in the area that are all walkable. The decor is gorgeous, very thoughtfully designed. You are in the heart of the city here so expect city sounds and bring ear plugs if you're not used to that. Thanks for hosting us, Alex, Jose and Lindsey.",seattle_reviews.csv,2026-04-13T02:03:58.118Z,Belltown,entire home/apt,197
919745034203748181,nashville,1502394549155044257,2025-09-03,2463918,Julia,Great location and wonderful host - we had a wonderful time!,nashville_reviews.csv,2026-04-13T02:03:58.118Z,District 19,entire home/apt,275
928082042087482536,nashville,1488599877061436574,2025-08-15,208903749,Eric,Albanys house was amazing. She and her team were very flexible with our dates and needs. Would 100% recommend!,nashville_reviews.csv,2026-04-13T02:03:58.118Z,District 21,entire home/apt,136
928927479593652907,nashville,1513152315503219015,2025-09-18,669963216,Sandy,"This place was very nice, clean and well decorated. Everything was exactly like the website, and the instructions were easy to follow. We made it to Nashville early, and were able to get in. I would definitely stay here again.",nashville_reviews.csv,2026-04-13T02:03:58.118Z,District 19,entire home/apt,318
930342490020655000,twin_cities,1505961383476323085,2025-09-08,57890227,Rachel,We loved our stay here!! The beds were SUPER comfy and we loved the vibe of the apartment - and the hosts were awesome to communicate with and so sweet!,twin_cities_reviews.csv,2026-04-13T02:03:58.118Z,Ramsey,entire home/apt,131
934038637600193417,seattle,1221947815186652035,2024-08-12,571439580,Diana,Dan is a warm and friendly host. He's very responsive and communicative. His place is also very clean. The location is great as well. A great stay!,seattle_reviews.csv,2026-04-13T02:03:58.118Z,Minor,private room,65
934140386912459010,nashville,1516053369052456415,2025-09-22,47805806,Heather,Perfect place for a ladies’s weekend getaway. No need to decorate. The place is beautifully decorated throughout every room and hallway. We only blew up balloons to scatter around the floor. The host was very responsive to all messages. It’s a great little strip of condos in a cute neighborhood. Street parking was super convenient right in front of the condo and it’s less than a 10 minute drive to Broadway.,nashville_reviews.csv,2026-04-13T02:03:58.118Z,District 17,entire home/apt,260
935459998451079421,chicago,1510992179084228005,2025-09-15,240897876,Sally,Great place to stay.  Comfortable and convenient.  Lots to do in the area.  Appreciated the coffee supplies and toiletries in the shower.  Good suggestions for area highlights to see.,chicago_reviews.csv,2026-04-13T02:03:58.118Z,Lincoln Park,entire home/apt,177
938674227827593746,austin,1445855357646594921,2025-06-17,127989784,Fran,She was flexible with our move out date and so friendly and helpful,austin_reviews.csv,2026-04-13T02:03:58.118Z,78701,entire home/apt,126
939038443930135032,austin,1174720179558802143,2024-06-08,190516383,Michele,"This is a great house. Lots of room, with everything you need. Love the wallpaper and the fenced in porch. You really can’t beat the location. Super convenient to everything. Jeremy was super helpful! Would definitely stay here again.",austin_reviews.csv,2026-04-13T02:03:58.118Z,78702,entire home/apt,277
940611419726672486,seattle,1349517561007487543,2025-02-04,7462182,Francisco,The property is located two blocks from the Hospital were my daughter was giving Birth to our first grandchild!! Close to groceries store and restaurants.  The apartment is completely equipped and comfortable.  Sebastian is very friendly and responsive.  He was graceful enough to provide an Air Mattress so that my Son could visit for a couple of days.  Would stay here again.,seattle_reviews.csv,2026-04-13T02:03:58.118Z,Haller Lake,entire home/apt,165
941941413832717205,chicago,973961256296188195,2023-09-05,97003103,Aaron,"Matthew's place was great. the view is amazing, and the apartment is in a great location. There are many shops, stores & and restaurants within walking distance. Another plus is that you are within walking distance to the train lines. The train is the ideal way to travel throughout the city, in my opinion. I would definitely stay here again when I'm back in Chicago. As for Matthew, he is extremely prompt about getting back to you when contacted about anything, and he is very knowledgeable about the city.",chicago_reviews.csv,2026-04-13T02:03:58.118Z,Near West Side,entire home/apt,280
942734458406556730,twin_cities,1497239501797604131,2025-08-27,153335805,Chris,"Was very beautiful house the pool was amazing my wife, kids, and I really enjoyed being there and being able to relax by the pool while the kids played in the pool. Definitely felt like home away from home.",twin_cities_reviews.csv,2026-04-13T02:03:58.118Z,Hennepin,entire home/apt,320
943746775163164144,nashville,1510288494033964903,2025-09-14,422284209,Dean,An amazing place to stay and the host couldn’t have been more helpful,nashville_reviews.csv,2026-04-13T02:03:58.118Z,District 7,entire home/apt,198
947581269026310419,chicago,1409607835397833024,2025-04-28,15380439,Antonin,"The appartement is very well located, the view is amazing and Dipan is very responsive. I really appreciated my stay.",chicago_reviews.csv,2026-04-13T02:03:58.118Z,Near North Side,entire home/apt,117
947976911933784220,seattle,1510375777308721708,2025-09-14,459586119,Randy,"This was by far the best AirBnB I have stayed at. Anna was very welcoming, my room and the bathroom were immaculate. I would definitely stay here again.",seattle_reviews.csv,2026-04-13T02:03:58.118Z,Columbia City,private room,94
948073378669236963,chicago,1506661743118099995,2025-09-09,691408978,Alan,"Great stay, place in a lovely quiet neighborhood. Host was excellent",chicago_reviews.csv,2026-04-13T02:03:58.118Z,Humboldt Park,entire home/apt,161
949305294902606277,austin,1393588121518025932,2025-04-06,70177321,Karen,"The space was cute and mostly clean, with a nice private entrance and a charming private backyard with seating,  just as described. However, we ran into some issues. Some basic essentials that were listed in the amenities, like toilet paper, hand soap, and extra blankets, were missing, which was especially tough during a cold weekend. The remote control didn’t work, we saw a large roach in the kitchen, and we were blocked in the driveway by guests from the main house, even though the listing said parking was available in the driveway. With a few fixes, this could be a much better stay.",austin_reviews.csv,2026-04-13T02:03:58.118Z,78741,entire home/apt,99
951615014529972539,seattle,1506780333707934245,2025-09-09,216923073,Nicholas,It was very cozy and close to everything we needed,seattle_reviews.csv,2026-04-13T02:03:58.118Z,North Beacon Hill,entire home/apt,161
955833527387385803,austin,1479890358143677326,2025-08-03,193001417,Israel,"One of the best Airbnb finds in Austin. This place is truly special—perfectly located to access all parts of the city, yet it feels like a peaceful escape far from the hustle. Tucked away in a quiet, safe neighborhood, the property was easy to find and even easier to enjoy.<br/>The house itself is spacious, custom-built, and full of character. It blends luxury with beauty in a way that’s both enchanting and cozy. You rarely come across a home this unique—it’s clear a lot of thought and care went into the design inside and out. Whether you’re a couple or a family, there’s more than enough room to relax and feel at home.<br/>Bo was a great host—checking in at the start of the stay to make sure everything went smoothly. I’d absolutely recommend this stay and definitely hope to return in the future.",austin_reviews.csv,2026-04-13T02:03:58.118Z,78746,entire home/apt,428
956005013785068867,chicago,1440055234894594274,2025-06-09,241633276,Shareka,David was an amazing host. We didn’t have any issues while there but he was very responsive when we had questions about where things were located. The place was extremely clean. We would definitely stay at any property he hosts again.,chicago_reviews.csv,2026-04-13T02:03:58.118Z,South Shore,entire home/apt,329
958953616484288299,twin_cities,1507399360688300988,2025-09-10,511157859,Dumitru Marius,was a very very amazing house,twin_cities_reviews.csv,2026-04-13T02:03:58.118Z,Anoka,entire home/apt,329
960125198046634086,twin_cities,1488613078999376590,2025-08-15,707950834,Barbara,"We enjoyed our stay very much. The zillions of stars, fresh air and SILENCE!",twin_cities_reviews.csv,2026-04-13T02:03:58.118Z,Pierce,entire home/apt,102
960494462913241037,twin_cities,1496531179044940520,2025-08-26,522432239,Jessica,"When we got to the house, we liked the location and how cute it was. The house had everything that we needed. It really felt like home! The guidebook had restaurant recommendations and different things to do. We will stay there again if we are in the area!",twin_cities_reviews.csv,2026-04-13T02:03:58.118Z,Washington,entire home/apt,188
963701505055635229,chicago,1216026090425186836,2024-08-04,565726428,Ciara,"This house is great for a short or long stay in Chicago! The location and surroundings are perfect! Very spacious and comfortable! The photos don’t do the house justice I believe if they updated the photos and had better quality ones this house would be off the market a lot more. There are 2 things also to let people know they house does have a slight ant problem, I noticed the ants and said I would go buy ant killer but it was already in a press under the sink suggesting there has always been an ant problem. And I know this is a city house but at night you do get some furry friends (rats) in the garden, every night!! But bar these 2 problems this house is an ideal Airbnb in the Chicago area!",chicago_reviews.csv,2026-04-13T02:03:58.118Z,Lincoln Park,entire home/apt,200
964810506500269958,austin,1500843274983149270,2025-09-01,447198725,Mehak,"We had a wonderful stay at David's place. The place was clean, beautiful and close toany restaurants.",austin_reviews.csv,2026-04-13T02:03:58.118Z,78704,entire home/apt,92
965353400248263696,nashville,1477734809273970585,2025-07-31,133542138,Frank,"We stayed here for 4 months, and couldn’t be happier with our stay. Jer’s home truly is an Urban Oasis. The house is cozy, yet spacious. The neighborhood is very safe and the neighbors were friendly. We found the neighborhood to be very quiet. This is a perfect place to stay for a short term or corporate rental. I worked from home everyday and the neighborhood is quiet, Wifi is fast, and the office upstairs was equipped with large desk and comfortable chair. Jer was a great host, always on top of communication and made us feel very welcome in his home. (Side note: the water pressure in this home is amazing! We already miss the awesome shower in the master bathroom. )",nashville_reviews.csv,2026-04-13T02:03:58.118Z,District 9,entire home/apt,141
966148804844532645,chicago,1484168905202184307,2025-08-09,656761642,Nikki,My stay at this apartment was wonderful! The location and views were great and the check-in process went smoothly. The World Class team was very kind and quick to respond to any questions I had. Would definitely recommend!,chicago_reviews.csv,2026-04-13T02:03:58.118Z,Loop,entire home/apt,198
966239523394517048,seattle,1500991854871629944,2025-09-01,450894441,Wayland,"First off Jan is a really cool and her work maintaining the Panama Hotel is incredibly admirable. It is an important historical building and it's use these days as both a museum and Tea House is really cool. It's absolutely chock full of history.<br/>That being said, staying in the building, it is definitely frozen in time and similar in some ways to a hostile. Definitely bring flip flops for the shared showers. And be aware it is not 24/7 access unfortunately which can be a hindrance to your your trip. The door man said he would open the door after midnight for an ""extra gratuity"".<br/>I'm not sure I would stay again for the lack of late night accesss and private bathroom, but really cool building and location, close to the train and only blocks from the water. If you're a Japanese American history buff, definitely worth a visit.",seattle_reviews.csv,2026-04-13T02:03:58.118Z,International District,private room,151
968073385945143548,nashville,1515424643109902975,2025-09-21,60666176,Aubry,"Great walkable location! It’s perfect for a getaway for a couple. We loved being able to walk to restaurants, bars, coffee shops, and even shopping so close! Can’t beat the location plus the on site parking spot is great",nashville_reviews.csv,2026-04-13T02:03:58.118Z,District 18,entire home/apt,109
969159516611516032,chicago,1514622514809207518,2025-09-20,233805237,Tuyikunde Gaba,"Clear instructions, great hospitality! <br/>Nicholas did great with the space, it was fairly clean and well maintained.",chicago_reviews.csv,2026-04-13T02:03:58.118Z,Englewood,private room,37
969856762598277328,seattle,1501673867469762925,2025-09-02,683381613,Anil,A very clean place. <br/>Convenient location.<br/>Trader Joe very close by. <br/>On street parking is a hassle. Be prepared to walk a block or more. <br/>It would have been a lot easier to enter the door code at night if the light above the door was working  !,seattle_reviews.csv,2026-04-13T02:03:58.118Z,Wallingford,entire home/apt,194
971232060396361110,austin,1272578490170846807,2024-10-21,41968934,Pramit,"Rami provided clear instructions, however there were a few issues with the house and stay. The bathroom was dirty with clumps of hair, there were a couple of cockroaches in both the bathroom and living room. The kitchen sink did not work but I think if these are taken care of by the host, the place is worth it.",austin_reviews.csv,2026-04-13T02:03:58.118Z,78723,private room,90
971320758133542972,austin,1389264626201893920,2025-03-31,165890496,Amy,"I reserved the room for my daughter, who came in from NC., for the weekend. I read several profiles and Haley's profile description, and photos sold me! I met Haley and as well and it was like I've known her forever! She's super chill and makes you feel right at home! I knew it was the perfect place for my daughter to stay, as they have very similar likes and same eclectic style. <br/>Here's what she had to say about her stay:<br/>""Haley was an excellent host with a really wonderful space. I felt very welcomed and enjoyed every minute spent there. He cats were really cute and sweet too :)"" <br/>We highly recommend Haley!!!",austin_reviews.csv,2026-04-13T02:03:58.118Z,78745,private room,77
971964049921193675,seattle,1245819415963628497,2024-09-14,54808281,Keri,Great location. Overall a good experience.,seattle_reviews.csv,2026-04-13T02:03:58.118Z,Broadway,entire home/apt,132
973522571011527362,twin_cities,1514625273631819566,2025-09-20,140299512,Emma,"Had a lovely stay, with no hiccups",twin_cities_reviews.csv,2026-04-13T02:03:58.118Z,Hennepin,private room,60
973861068087887577,austin,1393671412734759115,2025-04-06,453214407,Alexa,"Place over all was nice ! Only downside was that the shampoo and body wash that was offered was empty in the shower , but ! They did leave some mini travel sized ones on the bed. Check in was somewhat confusing , you have to pull the main door towards you for it to unlock easier, and each bedroom door had a code to put in so that was also kind of time consuming. Check in is at 4 check out is at 10 which is rare.",austin_reviews.csv,2026-04-13T02:03:58.118Z,78723,entire home/apt,266
975568431939563480,seattle,1500967759971050513,2025-09-01,21234894,Jessica,"Nice place that is clean and fresh. Comfortable beds. The area is a little run down, but close to a lot of things. The kitchen was lacking a few necessities, but still nice.",seattle_reviews.csv,2026-04-13T02:03:58.118Z,Mid-Beacon Hill,entire home/apt,300
978545301921260517,twin_cities,1256685191696266807,2024-09-29,217900381,Jacinto,The area is super nice! Very calm. Host is kind and communicative. Gave clear onboarding instructions. Pleased with all aspects of the process.,twin_cities_reviews.csv,2026-04-13T02:03:58.118Z,Dakota,entire home/apt,277
980633130019975644,chicago,1508885604707336564,2025-09-12,121129643,Phoevy,Perfect stay! Had all we needed for our trip to Chicago,chicago_reviews.csv,2026-04-13T02:03:58.118Z,Irving Park,entire home/apt,112
983063795887170320,austin,1500916897272319387,2025-09-01,513517948,Susan,"Ioana was a great host. She provided clear check in instructions, complete with photographs on the easiest way to get to the apartment. When we had difficulty with the parking QR code process, she called the company to ensure that we didn’t get towed or ticketed.",austin_reviews.csv,2026-04-13T02:03:58.118Z,78704,entire home/apt,127
986135122407286693,twin_cities,1511794314091457052,2025-09-16,126644186,Bradly,Matt was a great host. The location was perfect and the unit was exactly as described. I would definitely stay again during my next visit to Minneapolis!,twin_cities_reviews.csv,2026-04-13T02:03:58.118Z,Hennepin,entire home/apt,120
987043314473540383,seattle,1490101581809486733,2025-08-17,161462003,Bruno,"me and several of my friends came to Seattle for a friend's wedding and stayed approximately 10 days. The location was great even with traffic only about 20 minutes from downtown. also several coffee shops and a nice brewery that was within walking distance. also, it was nice to have at least one on-site parking spot. if returning, would definitely stay again.",seattle_reviews.csv,2026-04-13T02:03:58.118Z,Wedgwood,entire home/apt,189
988270336696414238,twin_cities,1242131695927246228,2024-09-09,120967713,Leane,.,twin_cities_reviews.csv,2026-04-13T02:03:58.118Z,Anoka,entire home/apt,196
989219952699911052,austin,1148669177879603286,2024-05-03,560932168,Elvis,"Had a great time at this Airbnb. Real friendly house and welcoming atmosphere. Was kept very quiet, neat, and clean. The perfect housemates.",austin_reviews.csv,2026-04-13T02:03:58.118Z,78729,private room,30
991442188597312186,austin,1504491593147511984,2025-09-06,221030478,Allison,Great place! Cozy and comfortable. Stayed at the main house next door for a week and had a last minute change of plans then stayed here for one night! Annette and her co host were wonderful and accommodating! Would absolutely recommend!!!,austin_reviews.csv,2026-04-13T02:03:58.118Z,78702,entire home/apt,87
993709851308422157,twin_cities,1516130109707184090,2025-09-22,210781254,Tim,Great visit! Wonderful hospitality! Amazing sauna!,twin_cities_reviews.csv,2026-04-13T02:03:58.118Z,Sibley,entire home/apt,88
994986020862444391,twin_cities,1514610971259205913,2025-09-20,278729698,LuAnn,Very responsive. Their place was inviting and felt like home. Beautiful backyard. Everything was clean and uncluttered. The location was perfect for my needs and will definitely stay with them again when I’m in town,twin_cities_reviews.csv,2026-04-13T02:03:58.118Z,Dakota,entire home/apt,83
1000721194054356613,twin_cities,1455268965271709766,2025-06-30,4306501,Jordan,"We stayed at this home for an extended period and thoroughly enjoyed our stay. The home was clean and hit our expectations. The local area has plenty of parks, playgrounds, and restaurants, which make it an ideal location. Likewise the backyard was large and fenced in with chairs and a bonfire pit where we spent many nights. Finally, the hosts were very responsive to any questions or requests that we had. We would highly recommend this home, especially for those with young families.",twin_cities_reviews.csv,2026-04-13T02:03:58.118Z,Hennepin,entire home/apt,135
1004558995988702228,seattle,1510339087169329408,2025-09-14,295004406,Ryley,My family and I had a wonderful time at this residence,seattle_reviews.csv,2026-04-13T02:03:58.118Z,Matthews Beach,entire home/apt,279
1008688651557147708,nashville,1515340252258575656,2025-09-21,205100352,Michels,"The place was just as described, which was great! It was modern, clean, and a close and easy drive to downtown Nashville. Wonderful space for our group of 5! Justin provided recommendations and was quick to respond. We would definitely stay here again!",nashville_reviews.csv,2026-04-13T02:03:58.118Z,District 5,entire home/apt,313
1009372435397069281,twin_cities,1508822440996400004,2025-09-12,86407457,Tami,This is a charming spot! Our family of 4 stayed here comfortably and enjoyed the quaintness of this home and the neighborhood. Excellent location!,twin_cities_reviews.csv,2026-04-13T02:03:58.118Z,Ramsey,entire home/apt,101
1009583589043502210,nashville,1513889925952523196,2025-09-19,443558411,Stacy,The view was phenomenal! It was only a 10 minute walk to Broadway St. The furniture and beds were comfortable. The bedding was soft. It was very clean and decorated thoughtfully. The free parking was great and easy to get in and out. She provided a cart to bring in luggage. The building's common area and pool is beautiful. We enjoyed listening to the marshall speaker. We didn't hear any noise from the neighbors. I needed help getting in and Jessica replied immediately. We would definitely stay again.,nashville_reviews.csv,2026-04-13T02:03:58.118Z,District 19,entire home/apt,296
1010625312610977426,chicago,1245722574293400519,2024-09-14,584112018,Corinne,I had the perfect stay here for a work trip and felt right at home. The view is amazing and Blueground is very dependable. Would stay again.,chicago_reviews.csv,2026-04-13T02:03:58.118Z,Near North Side,entire home/apt,253
1015406132816015238,chicago,1515372256101072699,2025-09-21,197787964,Rebecca,Met our needs and was a great location in wrigleyville. Nice space and very comfortable for working during the day and sleeping at night.,chicago_reviews.csv,2026-04-13T02:03:58.118Z,Lake View,entire home/apt,180
1016001696775451898,seattle,1486484460860873885,2025-08-12,164372330,Jake,Thanks for the stay!,seattle_reviews.csv,2026-04-13T02:03:58.118Z,University District,entire home/apt,222
1021065797519433904,nashville,1515430959901392197,2025-09-21,163196234,Samantha,The Airbnb was very nicely decorated and looked just like the listing. There was plenty of space for our group of 6.,nashville_reviews.csv,2026-04-13T02:03:58.118Z,District 21,entire home/apt,219
1026110723385591832,seattle,1496543569819456768,2025-08-26,495270392,Benjamin,"My girlfriend and I stayed at Alfredo’s place for a month while working remotely. We found that Alfredo’s place was comfy, clean, and spacious. We had more than enough room to comfortably work in quiet during the day. The kitchen had all of the necessary cookware and appliances. The house is well lit and located in a great area. We enjoyed walking to a lot of local parks, as well as exploring the Seattle area thanks to the central location. Alfredo was also very responsive, answering any questions we had promptly. I definitely recommend Alfredo’s place if you’re looking to stay in Seattle.",seattle_reviews.csv,2026-04-13T02:03:58.118Z,Atlantic,entire home/apt,109
1028405732246193241,seattle,1507452210463757385,2025-09-10,21538976,Amy & Jimmy,"It was all excellent. Great location, ease of checkin, prompt communication, comfortable bed, the list goes on. Will definitely stay again. Thank you!",seattle_reviews.csv,2026-04-13T02:03:58.118Z,Fauntleroy,entire home/apt,162
1028973316785737478,twin_cities,1405907611245838927,2025-04-23,73841828,Jack,"We initially booked a one-month stay but decided to leave after the first night due to several unexpected issues. Upon arrival, we discovered that contractors were actively tearing down the garage in the backyard, leaving nails, shingles, and other debris scattered throughout the space. This made the yard unsafe and unusable, and we were not informed of this construction ahead of time. While we were told a temporary fence would be installed the following day, we hadn’t planned to spend a month on an active construction site with limited access to the outdoor area that was part of the listing.<br/>Additionally, we found the bathtub was broken, the smoke detector was missing, and there was a strong, unpleasant odor upon entering the home. The joining unit also had smoke detectors chirping all night. Lastly, the listing describes the property as a ""Gorgeous Home Centrally Located"" and claims guests have the ""Entire home"", however, it is actually a subdivided property, which felt misleading.",twin_cities_reviews.csv,2026-04-13T02:03:58.118Z,Hennepin,entire home/apt,229
1029875346059959190,austin,1485729839005261544,2025-08-11,352223671,Viviane,"Great location, responsive host. Host let us check in early and that was very nice of host",austin_reviews.csv,2026-04-13T02:03:58.118Z,78745,entire home/apt,107
1031604486004704917,austin,1465400534157806302,2025-07-14,194799951,Mahina,"Everything was as listed, and the host was very helpful. The only downside was there were lots of bugs and mosquitoes that were trying to get into the room at all times. It was impossible to hang out in the yard and had bugs getting in the rooms as the week went on. This is not the host’s fault, so I would recommend bringing bug spray if you stay in the summer. <br/>Otherwise, we had a wonderful stay!<br/>The lady host was very sweet to us!",austin_reviews.csv,2026-04-13T02:03:58.118Z,78748,entire home/apt,82
1041220523551238802,chicago,1495104590859091920,2025-08-24,515297766,Eric,"I had an amazing stay here! Aminata was super responsive and very helpful from the start, always quick to answer any questions I had. She went above and beyond by giving me local recommendations, which really helped me make the most of my time in Chicago. The space itself was very clean, comfortable, and just as described, and it’s in a convenient location close to a train station, which made getting around the city super easy.<br/>Aminata made me feel welcomed and at home, and that made a huge difference in my overall experience. Thanks to her kindness and thoughtfulness, my trip to Chicago was even better than I expected. I’d definitely recommend staying here and would book again in the future!",chicago_reviews.csv,2026-04-13T02:03:58.118Z,Grand Boulevard,private room,45
1043037299632909338,twin_cities,1490075410559946834,2025-08-17,661160986,Sydney,"I spent my entire summer at the Joy House where Christina and her dog were amazing hosts! I felt very safe in the house and the area we were in, it is very close to the river and a path for nice walks or runs! Christina is very nice and welcoming so we quickly became friends! This is a great place to stay!!",twin_cities_reviews.csv,2026-04-13T02:03:58.118Z,Ramsey,private room,39
1045166488520032249,twin_cities,1515337787993240672,2025-09-21,717820200,Fiona,Had an amazing time. The place was excellent and in a great location for us. Easy place to find and plenty of space for the four of us.,twin_cities_reviews.csv,2026-04-13T02:03:58.118Z,Hennepin,entire home/apt,157
1045288638995583887,seattle,1387165603558973050,2025-03-28,175581193,Ashley,"The place was pretty good for the price, nothing fancy but it gets the job done. Just be aware of the extra fees. It’s in a great spot, really close to everything you’ll want to do in the city.",seattle_reviews.csv,2026-04-13T02:03:58.118Z,Belltown,private room,182
1049601032351180111,austin,1500839388708155509,2025-09-01,372610599,Leigh,"Gina was helpful, friendly, responsive.<br/>The place was accurately described, clean, cool.<br/>The king bed is firm, the queen bed soft, the sofe bed worked well putting the mattress on the floor for better support.",austin_reviews.csv,2026-04-13T02:03:58.118Z,78702,entire home/apt,167
1049735510251351807,chicago,1109459668957595402,2024-03-10,399247043,Thomas,"I paid 2- $395.00 cleaning fees for this stay. The apartment was NOT cleaned by Blueground until after the 2+ month stay. So, in my estimation, one cleaning was made after checkout. In addition, I paid a $500.00 pet fee- there was a cat. So basically ~$1,300.00 of what would appear to be pure profit. Blueground is requesting an additional $105.00 fee for cat hair on the sofa. I find this absurd. An attempt was made by us to clean the sofa with the vacuum supplied.  The vacuum was NOT in working order. I am trying to understand what the cleaning fees and pet fee went towards if not cleaning the cat hair (which was not excessive) off the sofa. I would not recommend Blueground to anyone due to the excessive fees charged. In my opinion the fees I willingly paid should have more than covered the pet hair cleaning on one tiny couch/love seat. Thank you.",chicago_reviews.csv,2026-04-13T02:03:58.118Z,Near North Side,entire home/apt,177
1050026336429682918,twin_cities,1505263563018010721,2025-09-07,23987413,Alan&Shayna,"Wow! I cannot say enough great things about Dai’s beautiful home! It is set up perfectly for the purpose of a home away from home for larger groups! Dai was very responsive and accommodating to all of our needs. The home itself is pristine and immaculate ! Very spacious layout and comfortable beds for a restful night’s sleep. There were so many added touches and even had toys for the kiddos ! The most unexpected hit was the incredible massage chair! After many relaxing times in it, we may look into purchasing one ourselves! Overall, you will be highly satisfied if you choose Dai’s home for your get away to The Twin  Cities!",twin_cities_reviews.csv,2026-04-13T02:03:58.118Z,Scott,entire home/apt,230
1050206706020357776,twin_cities,1505190959145276477,2025-09-07,261893716,Teri,we had a wonderful time getting away for the weekend!! we hit up many local spots and also had some relaxing time!! would recommend!,twin_cities_reviews.csv,2026-04-13T02:03:58.118Z,St. Croix,entire home/apt,77
1050363254655317916,chicago,1505918868300532711,2025-09-08,357415500,Latoyia,Looked just like photos. Beautiful home.,chicago_reviews.csv,2026-04-13T02:03:58.118Z,Roseland,entire home/apt,184
1050701125488034485,austin,1311707099260338868,2024-12-14,23228934,Curtis Lee,Perfect location!,austin_reviews.csv,2026-04-13T02:03:58.118Z,78704,entire home/apt,152
1051039040733574038,twin_cities,1059521523462439964,2024-01-01,32227409,Gary,"We could not stay here or get a refund because the host would not provide (or did not have available) a key for us, either for the gated entrance to the property, or the room itself. Her proposal was for us to text her every time we needed to get in. She would either be waiting in the apartment or driving for Lyft. This important detail was NOT in the listing, and wasn't mentioned until two days before check-in, already too late to get a refund. She said she was trying to get another key. So we came, hoping that she would sort out the key situation. She did not. Ok, this is New Year's Eve in Minneapolis. It's cold. We could not take the chance that we would be standing at the gate in the middle of the night, waiting for her to return. We were apparently her first Airbnb guests and she clearly had not thought this through. Also not mentioned in the listing: climbing 8 flights of external stairs; no lock on the bedroom door, blaring TV in the living room. Just not acceptable.",twin_cities_reviews.csv,2026-04-13T02:03:58.118Z,Hennepin,entire home/apt,52
1052124489841818202,nashville,1511704267309053396,2025-09-16,439735807,Casey,It was a great place for the price and location for six people.,nashville_reviews.csv,2026-04-13T02:03:58.118Z,District 5,entire home/apt,228
1056678219679017531,nashville,1500894820436142153,2025-09-01,703794466,Justin,Great place and location.,nashville_reviews.csv,2026-04-13T02:03:58.118Z,District 17,entire home/apt,208
1061059907241759502,chicago,1484229175760644452,2025-08-09,406173097,Patrick,"This listing is perfect for a short term stay! We stayed in this unit with 2 people and 2 cats, and it was a good size. You are close to multiple metro stops as well as bus stops, and the location is secure.",chicago_reviews.csv,2026-04-13T02:03:58.118Z,Near West Side,entire home/apt,99
1061562304886176439,chicago,1503121221123134689,2025-09-04,278343008,Julian Marcel,Awesome place! Would definitely recommend!,chicago_reviews.csv,2026-04-13T02:03:58.118Z,Loop,private room,114
1063086238930632365,nashville,1513965294270984737,2025-09-19,692177072,Tanner,Well described and was a nice place to stay,nashville_reviews.csv,2026-04-13T02:03:58.118Z,District 21,entire home/apt,376
1064759719148784948,chicago,1480584795233513697,2025-08-04,347494733,Olivia,"It was a great stay! A quick uber ride to the city, but in a peaceful neighborhood. There was ample space for everyone to feel comfortable. Mercedes was extremely kind and let us drop off our stuff ahead of time so that we weren’t dragging our luggage around with us. Definitely would recommend!!",chicago_reviews.csv,2026-04-13T02:03:58.118Z,Brighton Park,entire home/apt,257
1065692938755668123,seattle,1501661202767340395,2025-09-02,67511884,Bryan,"Ryan’s place has a great location and was incredibly comfortable. The living room especially had a lot of space, which was nice.",seattle_reviews.csv,2026-04-13T02:03:58.118Z,First Hill,entire home/apt,151
1066676751333654433,nashville,1459576744987333311,2025-07-06,690437394,Elliott,"We had a great weekend stay! The house was very clean and comfortable. We would highly recommend staying here. The area is not the best, but we thankfully had no issues. The host was very helpful and responsive.",nashville_reviews.csv,2026-04-13T02:03:58.118Z,District 5,entire home/apt,170
1069591313246074302,austin,1500137656098488954,2025-08-31,1797400,Shaun,I had a wonderful stay and enjoyed the house and location. Would love to stay here again.,austin_reviews.csv,2026-04-13T02:03:58.118Z,78734,entire home/apt,220
1072627553915280997,nashville,1487065512814884997,2025-08-13,302824477,Mahmoud Reyad,Cindy great and very kind person. She made my staying for 2 months very special and comfortable. I strongly recommend her house for staying.,nashville_reviews.csv,2026-04-13T02:03:58.118Z,District 14,private room,52
1073362730570677543,chicago,1511729594066905533,2025-09-16,243671384,Abdelrahman,Place is as described and great location. Walkable to a lot of restaurants and coffee shops. Easy access to downtown<br/>The bathroom wasn’t very clean when we got there. <br/>Shower water pressure is really weak and drainage was slow — thats the only negative about the place,chicago_reviews.csv,2026-04-13T02:03:58.118Z,West Town,entire home/apt,142
1073396643301722687,twin_cities,1489306007101084534,2025-08-16,461609261,Jeffery,Stayed here for the entire summer... Alyssa and Josh were great hosts! The place was clean and quiet and the pets (Jamey and Ava) were very friendly. The upstairs was spacious and had a tv which was great. The neighborhood is conveniently located close to downtown Hopkins which has many food options. I would stay here again!,twin_cities_reviews.csv,2026-04-13T02:03:58.118Z,Hennepin,private room,48
1074206129109420429,nashville,1505963617643057807,2025-09-08,47515474,Harrison,"I had an incredible experience staying at this Airbnb in Nashville! The location was perfect (just minutes from Broadway), so we could easily walk to music venues, great restaurants, and all the honky-tonk action. Despite being close to the excitement, the neighborhood was quiet and felt safe.<br/>The home itself was spotless, stylishly decorated, and super comfortable. The beds were cozy, the kitchen area is huge and well designed, and the two car garage is a huge bonus.<br/>Our host was very communicative and helpful throughout the stay, offering great recommendations for places to eat and things to do. Check-in and check-out were seamless.<br/>Whether you're in town for the music, the food, or just to explore, this is the perfect spot to stay. I’d absolutely book again!",nashville_reviews.csv,2026-04-13T02:03:58.118Z,District 5,entire home/apt,170
1077014282388377788,austin,1166082258087309708,2024-05-27,447179957,Beverly,"I had an incredible stay! The house was amazing, with a flat-screen television in every room, a pool table, a beautiful private yard, poker table, and a gourmet kitchen that made cooking a delight. One of the things that stood out to me was the privacy provided by the house's layout. Each bedroom was situated in a different quadrant of the house, ensuring no noise from neighboring rooms.<br/>Another fantastic feature was that all the bedrooms had private full bathrooms, adding a sense of luxury and making our stay even more comfortable.<br/>The neighborhood was beautiful and safe. The home is conveniently located near grocery stores and offers great walking and biking opportunities. Additionally, the downtown area was easily accessible, making it a convenient location for exploring the city. I highly recommend this home for a long-term rental as well - very nice!",austin_reviews.csv,2026-04-13T02:03:58.118Z,78703,entire home/apt,348
1077690274054941802,austin,1191436822484184072,2024-07-01,385406526,Robert,Clean with an inviting living room.,austin_reviews.csv,2026-04-13T02:03:58.118Z,78724,private room,59
1078422875120073352,nashville,1515440848146808855,2025-09-21,26918560,Rachelle,Place was just as described! Our family had a great time.,nashville_reviews.csv,2026-04-13T02:03:58.118Z,District 17,entire home/apt,129
1082126515189599430,twin_cities,1510340348953658490,2025-09-14,293860310,Betrand,"Nice place, great location.",twin_cities_reviews.csv,2026-04-13T02:03:58.118Z,Hennepin,entire home/apt,113
1083714601682222551,seattle,1508210631579224156,2025-09-11,331257525,Angel,"Daniel was a great host; he was very responsive, gave local recommendations, and friendly. <br/>The place itself was clean and in a good spot in Seattle: between the downtown and university area. It was cozier than the hustle bustle of the city and had great local spots to eat and little convenience stores nearby. <br/>It was in a quiet spot and felt private which was nice. It’s an old place, but was clean and provided everything for a long stay. A huge plus is allowing pets, I feel so many places these days either don’t or charge an insane amount. For the space, the pet policy, and location, I felt the price was great.<br/>The only thing that sucked was the parking, it wasn’t the fault of the owner at all but there are parking restrictions on all the streets nearby and there was lots of construction. However, I don’t blame the owner on that one. If you don’t have a car, it’s also a great public transit city. I was able to leave my car and use it often as well. <br/>Overall, good place to stay :)",seattle_reviews.csv,2026-04-13T02:03:58.118Z,Eastlake,entire home/apt,72
1084387841564229775,austin,1459525061579524086,2025-07-06,166253401,Kahlan,Clean with a few things slightly out of order but overwhelmingly pleasant,austin_reviews.csv,2026-04-13T02:03:58.118Z,78704,entire home/apt,273
1085937067923470996,seattle,1516918703942675293,2025-09-23,385837324,Katrina,"I had a great stay, the space was clean, modern, private, a lovely space to rest after adventuring in the city. I would definitely stay again and recommend to anyone visiting the area!",seattle_reviews.csv,2026-04-13T02:03:58.118Z,Arbor Heights,entire home/apt,108
1086592632845214960,seattle,1505971221267997556,2025-09-08,68601547,Jonathan,A great stay in the heart of the University district! A pleasure to communicate with the host and no issues whatsoever. Would recommend!,seattle_reviews.csv,2026-04-13T02:03:58.118Z,University District,entire home/apt,137
1088687068286826708,austin,1271825762952317625,2024-10-20,136664466,Cindy,"Matt is a wonderful communicator! He was thorough, warm and welcoming. We appreciated his flexibility in accommodating our travel plans. We were able to check in early and he even offered us late checkout, although we didn't need it. His home is very well appointed. My family enjoyed our time in Austin! We hope to stay again.",austin_reviews.csv,2026-04-13T02:03:58.118Z,78722,entire home/apt,317
1089345411533442312,nashville,1508129070971336108,2025-09-11,24747030,Eileen,"Without a doubt, the highlight of this home is the rooftop; it’s great! The area felt safe and parking in the garage was a bonus. We had 4 cars between us and street parking was easy.<br/>The beds were comfortable and there was no shortage of coffee pods! The music decor was a perfect vibe too. Tanya easily communicated and informed me that the house was ready before our assigned check-in. Thanks! There are a lot of stairs in this house which didn’t impact us, but if stairs are an issue be aware. <br/>Some attention to details will elevate the overall ambiance. Baths with a single door hook need additional towel bars.<br/>Understandably after a busy summer, some of the deck cushions are ruined; their removal will present a tidier area. And Tanya assured us the garage detector that was missing and incessantly chirped would be addressed upon our departure; honestly, we hoped it corrected during our stay. Tanya, her home, and location were terrific. Surely future guests will enjoy their stay.",nashville_reviews.csv,2026-04-13T02:03:58.118Z,District 17,entire home/apt,286
1090135138140865658,austin,1492938154441407937,2025-08-21,699604508,Dion,It was a great first trip to Austin for my wife and myself we had a blast and we highly recommend this cozy little spot for some great alone time,austin_reviews.csv,2026-04-13T02:03:58.118Z,78735,entire home/apt,70
1091322059320323767,twin_cities,1493613207980580248,2025-08-22,355160235,Danielle,Shannon's condo has a fabulous view and is beautifully decorated. She was very responsive to my messages and we felt at home in the space!,twin_cities_reviews.csv,2026-04-13T02:03:58.118Z,Hennepin,entire home/apt,193
1091492067713973453,nashville,1510348443067176812,2025-09-14,597666740,Timothy William,Great,nashville_reviews.csv,2026-04-13T02:03:58.118Z,District 20,entire home/apt,135
1092775753097080651,nashville,1489346068321979853,2025-08-16,253556198,Krystal,"I had a great stay here with my friends! The house was clean, comfortable, and had everything we needed for our trip. The neighborhood felt very safe, and we loved how convenient it was to have a coffee shop right across the street. It was the perfect spot for us to relax, hang out, and enjoy our time together. Overall, a really enjoyable stay. I’d definitely recommend it!",nashville_reviews.csv,2026-04-13T02:03:58.118Z,District 17,entire home/apt,197
1100186402230646863,austin,1408144642786256403,2025-04-26,97437551,Alberto,"Excellent location, clean space, and great host. Good amenities as well. Would stay again.",austin_reviews.csv,2026-04-13T02:03:58.118Z,78746,entire home/apt,185
1100237032155559245,nashville,1489961440328145464,2025-08-17,399961891,Paetra,Chases house was amazing! Booked it for a bachelorette weekend and it was perfect for us! A short uber to downtown and had everything we needed!,nashville_reviews.csv,2026-04-13T02:03:58.118Z,District 2,entire home/apt,317
1100874267727869720,seattle,1513330518563824616,2025-09-18,377101708,Kathleen,A great stay. I did not get to spend too much time there but cute place and has everything you need.  Well decorated.,seattle_reviews.csv,2026-04-13T02:03:58.118Z,Lawton Park,entire home/apt,146
1101532843240499164,seattle,1505303895158759325,2025-09-07,406656803,Cory,"Helen’s place was such a great find! Located close enough to all the major roads that traveling throughout the city and the east side was honestly a breeze as we were able to avoid a lot of heavy traffic. The house was very clean and had all the amenities two people working remotely needed to stay productive and comfortable. Helen was such a fantastic host. I reached out about a piece of mail that was sent to the address and she went out of her way to help me keep an eye out for it. I would highly recommend booking with Helen, especially if you want a comfortable location with a lot of local food options while you’re trying to remain productive remotely!",seattle_reviews.csv,2026-04-13T02:03:58.118Z,Seward Park,entire home/apt,156
1101550689277548810,twin_cities,1508805093656177868,2025-09-12,50061543,Lindsay,"We enjoyed our stay and felt completely at home. Really appreciated the filtered water faucet, the cupboard of spices on hand, a real coffee maker, laundry detergent. Those little things make a huge difference, not to mention the beds were very comfortable and the space is beautiful. We will be booking again.",twin_cities_reviews.csv,2026-04-13T02:03:58.118Z,Hennepin,entire home/apt,375
1101793355261155740,twin_cities,1515375945566184556,2025-09-21,89022003,Matt,"We had a few guys in town for a weekend and the house was everything we wanted! We loved relaxing in the hot tub, on the dock, and playing pool!",twin_cities_reviews.csv,2026-04-13T02:03:58.118Z,Dakota,entire home/apt,270
1102253973357763888,austin,1495094340045179995,2025-08-24,511105274,Rachel,Great place!,austin_reviews.csv,2026-04-13T02:03:58.118Z,78756,entire home/apt,88
1102988756155336546,nashville,1495140901506055706,2025-08-24,56190591,Mandy,"Great air b&b! Everything was as expected, about a 10 minute uber to broadway. The house was very clean and decorated beautifully! We loved the separate floors, and multiple bathrooms to get ready. The house had everything we needed! Loved it!",nashville_reviews.csv,2026-04-13T02:03:58.118Z,District 5,entire home/apt,401
1103876371566488784,twin_cities,1497969776756195175,2025-08-28,670158272,Phoenia,A nice place to stay.,twin_cities_reviews.csv,2026-04-13T02:03:58.118Z,Ramsey,private room,44
1104342174169050925,austin,1267560135600400829,2024-10-14,75145138,Robert,We loved our stay for ACL weekend! Quick Uber away from some of our favorite bars and bookstores. We’ll definitely be returning for another stay on our next trip to Austin. Hosts were extremely accommodating and responsive which we greatly appreciated.<br/>Thank you for a wonderful stay :),austin_reviews.csv,2026-04-13T02:03:58.118Z,78745,entire home/apt,75
1105062660849703261,nashville,1505210492443467292,2025-09-07,60249988,Shervin,We came here for a low key bachelorette gathering and had a wonderful time! Julian was very responsive before and during our stay. Would recommend!,nashville_reviews.csv,2026-04-13T02:03:58.118Z,District 19,entire home/apt,307
1106529970249465405,twin_cities,1271822837612221465,2024-10-20,97493553,Pamela,We had a wonderful stay. Everything was as described and we had a wonderful relaxing weekend. Will return again.,twin_cities_reviews.csv,2026-04-13T02:03:58.118Z,Pierce,entire home/apt,168
1106590124492797889,austin,1511703635223603681,2025-09-16,718152694,Jose,"Quaint little home was exactly what was needed for my trip, private and quiet, super peaceful  and relaxing stay. Will definitely try to book here again.",austin_reviews.csv,2026-04-13T02:03:58.118Z,78752,entire home/apt,93
1107605818669710648,nashville,1500836938081112885,2025-09-01,348638283,Brandy,"This place was better than we expected! Very cozy, huge tv in the living room was a plus for football games we watched while there. The kitchen had everything we needed! The spare bathroom could use towels and wash rags but we just used some from the master bathroom and washed them as needed. Her place was worth the rate and my family looks forward to staying here in the future for short trips to Nashville! We were also impressed with the neighborhood! Very family friendly! Mimi gets 5 starts from me!",nashville_reviews.csv,2026-04-13T02:03:58.118Z,District 31,entire home/apt,166
1110180960253860842,nashville,1501635847332970079,2025-09-02,246664895,Michael,"They were amazing, allowed us to check in early and even helped when my friend left something behind and needed re-entry after we had checked out. 10/10, very thankful",nashville_reviews.csv,2026-04-13T02:03:58.118Z,District 19,entire home/apt,161
1110189406879404783,twin_cities,1504489422107730953,2025-09-06,335626088,Nancy,"This is the best AirBNB I’ve stayed in and I travel extensively all over the country and world. The town house is immaculately clean, the furnishings and decorations lovely, and the best stocked air bnb i e ever rented. From the coffee station, to the kitchen cabinets and both bathroom, the hostess had thought of everything and supplies were provided for every need. The location is convenient and the view from the deck and balcony of the Mississippi were both peaceful and beautiful. The property is beautifully landscaped and manicured with trees, flowers and lush grass.  Our stay was delightful. I forgot to mention our grocery order was delivered early. Our hostess carried it inside (heavy cases of water and soda) and even put cold items in fridge!",twin_cities_reviews.csv,2026-04-13T02:03:58.118Z,Hennepin,entire home/apt,186
1110906038588331072,seattle,1470529407062565179,2025-07-21,160079338,Kathryn,"First time using Airbnb and Cathy’s place was exceptional! Clean, comfortable,private and location can’t be beat. Will definitely return when visiting family in West Seattle.",seattle_reviews.csv,2026-04-13T02:03:58.118Z,Seaview,entire home/apt,275
1111184528616795599,seattle,1491541907058044913,2025-08-19,449670475,Barry,"Host was very responsive. I had a small issue with the initial code, but the host took care of it right away and it didn’t cause any problem.",seattle_reviews.csv,2026-04-13T02:03:58.118Z,East Queen Anne,entire home/apt,175
1112386758674521223,austin,1488526538491848357,2025-08-15,554548008,Thomas,Cannot say enough about the property and Gregory.  Was everything we thought it would be and more!,austin_reviews.csv,2026-04-13T02:03:58.118Z,78757,entire home/apt,216
1118958369669164796,chicago,1468306286059068515,2025-07-18,707557727,Maria,"Wonderful stay at Studio 424, love the coworking space 💜 everything was on point ✨",chicago_reviews.csv,2026-04-13T02:03:58.118Z,West Town,shared room,50
1124770932118114276,seattle,1495916930984794932,2025-08-25,523458344,Jadi,"Great place, very clean and has nice amenities! The host is super responsive and proactive - e.g. helped me set up the portable AC unit, notified me about temporary elevator shut downs, etc. Would highly recommend!",seattle_reviews.csv,2026-04-13T02:03:58.118Z,University District,entire home/apt,109
1125602217328392808,nashville,1515412868000594259,2025-09-21,332277792,Paige,"Really enjoyed staying here with a group. Host was super easy to get ahold of & provided a great communication experience. Great outdoor space. Kitchen was fully stocked, which made cooking meals especially convenient. Low cost rides downtown.",nashville_reviews.csv,2026-04-13T02:03:58.118Z,District 21,entire home/apt,194
1127195798214609105,twin_cities,1485689485708765728,2025-08-11,186845281,Tyler,Great location with great amenities!,twin_cities_reviews.csv,2026-04-13T02:03:58.118Z,Hennepin,entire home/apt,100
1127649768503294698,seattle,1513947629726353464,2025-09-19,46263735,Deborah,"Lovely home. Very clean with cute decor. Hosts are extremely responsive, thoughtful, and friendly. You can tell they put thought into providing a comfortable stay for their guests. We would stay here again without hesitation!",seattle_reviews.csv,2026-04-13T02:03:58.118Z,Adams,entire home/apt,137
1128386497694072210,twin_cities,1413881738535119755,2025-05-04,487598558,Renae,We highly recommend this host.  Rochelle keeps a nice little place. She is very kind and a pleasure to work with. <br/>Good for short and extended stay. <br/>Nice clean property<br/>Great neighborhood.<br/>On street parking.,twin_cities_reviews.csv,2026-04-13T02:03:58.118Z,Ramsey,entire home/apt,79
1131327955732191309,seattle,1515397641270648478,2025-09-21,187307582,Isaac,Easy check-in and thorough instructions upon arrival. Host was very responsive and accommodating.,seattle_reviews.csv,2026-04-13T02:03:58.118Z,North Delridge,entire home/apt,89
1131395862436054889,austin,1455285132750993494,2025-06-30,680004154,Christian,Love staying at Jenni’s place.,austin_reviews.csv,2026-04-13T02:03:58.118Z,78703,entire home/apt,95
1131450096636296178,austin,1271866205090277352,2024-10-20,418818088,Jorge,"Excelente lugar, muy buenos utencilios y amenidades.",austin_reviews.csv,2026-04-13T02:03:58.118Z,78744,entire home/apt,148
1133216517922177831,twin_cities,1456716807340271245,2025-07-02,681812827,Nancy,"We enjoyed our stay at Russell's apartment. He was a very hospitable host!<br/>The apartment had plenty of amenities, and was clean, comfortable, and nicely decorated. It's in a newer building, and in a very quiet neigborhood that is very walkable. There are restaurants, and a few grocery stores nearby. We definitely recommend this airbnb!",twin_cities_reviews.csv,2026-04-13T02:03:58.118Z,Hennepin,entire home/apt,147
1134351668237383955,chicago,1516074772716926320,2025-09-22,75899356,Shane,Great little studio apartment. Love the neighborhood!,chicago_reviews.csv,2026-04-13T02:03:58.118Z,Uptown,entire home/apt,98
1135753826639293852,nashville,1398744830087534592,2025-04-13,360860580,Emiley,"This Airbnb was perfect for my week long stay. The room had everything you’d need - fully functional kitchen with all cooking equipment, tools, spices, all essential toiletries, iron, plenty of closet space, etc. They even provided ear plugs, as the area can get a bit noisy. It was in a great location and within walking distance to so many great restaurants and the farmers market. They made everything seamless within their app, providing everything you need for a great stay. The room looked exactly like the photos and was a great price. <br/>Ultimately what stood out most was their customer service. They went above and beyond to ensure I had a great stay and any issues or questions were handled with prompt care and support. <br/>Definitely recommend this little spot right outside downtown (6min uber) and would stay here again.",nashville_reviews.csv,2026-04-13T02:03:58.118Z,District 19,entire home/apt,102
1138751400323352928,seattle,1500892712609866231,2025-09-01,21262382,Tiffany,"We had a really nice stay here when we came to visit Seattle.  The hosts were super responsive to my questions about the property and also graciously extended us a late checkout, allowing us to go straight to the airport.  With elderly parents with mobility changes, that was nice to not have to hang out somewhere else for a couple of hours.  The house was spacious and perfect for our family.",seattle_reviews.csv,2026-04-13T02:03:58.118Z,East Queen Anne,entire home/apt,334
1139353154533647155,twin_cities,1515425269212895070,2025-09-21,87690649,Ryan,"Great stay, would recommend!",twin_cities_reviews.csv,2026-04-13T02:03:58.118Z,Carver,entire home/apt,191
1140697007733018665,twin_cities,1500945011634953168,2025-09-01,472591910,Katelyn,"Such a wonderful stay! Judy and her family create such a warm, hospitable place to stay — our second year in a row! My kids adore the animals (goats, sheep, chickens and this visit — kittens!) We will be back!",twin_cities_reviews.csv,2026-04-13T02:03:58.118Z,Sherburne,entire home/apt,59
1143594641768324493,nashville,1479912830177547299,2025-08-03,456111721,Rebecca,We had a great stay at Kasa! The place was perfect for our get a way and we were able to walk everywhere including downtown to Broadway. Loved our stay!,nashville_reviews.csv,2026-04-13T02:03:58.118Z,District 19,entire home/apt,400
1145272634428660260,seattle,1506749208995848952,2025-09-09,91749534,Diane,Location! Location! Location! We had a great time in your beautiful town and home. Thank you.,seattle_reviews.csv,2026-04-13T02:03:58.118Z,Alki,entire home/apt,139
1147687647342159441,chicago,1431332914465381420,2025-05-28,17983549,Peter,"The condo is immaculate and gorgeous, and the views from the windows are amazing.  Larry was very responsive to any questions or concerns we had.  I found the stay particularly relaxing, and I especially enjoyed sampling the wide variety of quality restaurants in the area.  The only downside is that there are frequent sirens during the day due to the proximity of a hospital;  they do mostly stop overnight.  I actually slept extremely well as the beds are comfortable and the night views are breathtaking.",chicago_reviews.csv,2026-04-13T02:03:58.118Z,Near North Side,entire home/apt,225
1147917063862644830,twin_cities,1516780186382875210,2025-09-23,284400749,Osman,I enjoyed my stay! I was mainly out and about so as a place to go and get rest it was great. I found the place to be cozy and comfortable.,twin_cities_reviews.csv,2026-04-13T02:03:58.118Z,Ramsey,entire home/apt,68
1150230996773121745,nashville,1474039732804863657,2025-07-26,326034804,Shannon,"Had an extended stay at Emily’s place and it was perfect for what we needed.  Everything was smooth and she told us all we needed to know about the place, the neighborhood , and the area around 12th south.  The entire stay was seamless and we would recommend Emily’s place for your stay in Nashville , whether short or longer term !",nashville_reviews.csv,2026-04-13T02:03:58.118Z,District 17,entire home/apt,126
1152278992405471970,seattle,1495933550001026455,2025-08-25,61007613,Tara,excellent place; plan to stay again and would recommend to anyone!,seattle_reviews.csv,2026-04-13T02:03:58.118Z,Stevens,entire home/apt,179
1158011489396183242,twin_cities,1501609820565967050,2025-09-02,202062868,Broderick,This was amazing and super clean! The back yard was an amazing getaway in its self. Truly great time and peaceful!,twin_cities_reviews.csv,2026-04-13T02:03:58.118Z,Hennepin,entire home/apt,133
1158997193799974103,nashville,1469762171400817632,2025-07-20,704370275,Jake,best view from the 9th floor nice free breakfast and very clean nice place to stay. had a great time.,nashville_reviews.csv,2026-04-13T02:03:58.118Z,District 2,private room,106
1162037483908231401,twin_cities,1515375923204644595,2025-09-21,280331819,Molly,"Lovely classic Minneapolis home, immaculately clean, quiet and very comfortable for our stay. We were able to park our conversion van on the street right out front with no issues and enjoyed walking to local restaurants and events during our stay. Highly recommend!",twin_cities_reviews.csv,2026-04-13T02:03:58.118Z,Hennepin,entire home/apt,139
1163861112796505916,twin_cities,1487820970471787038,2025-08-14,590686778,Rodney,"The home is a beautifully renovated charming older home.  There is only one available bathroom but it’s a neat one and stocked with premium products.  The upstairs has two lovely bedrooms with room for 5.  The first floor bedroom has a gorgeous view of the lake. The location is ideal with several restaurants and a park within walking distance.  I and my grandkids loved the available kayaks and the lake with the only negative being the mud and weeds at the water’s edge, which may be a seasonal thing.  Emily was easy to work with and answered questions promptly.  All in all, a pleasant stay.",twin_cities_reviews.csv,2026-04-13T02:03:58.118Z,Chisago,entire home/apt,243
1166907641931739495,twin_cities,1515328979895147779,2025-09-21,142099768,Tracy,"Beth thought of everything, bravo! Highly recommend.",twin_cities_reviews.csv,2026-04-13T02:03:58.118Z,Wright,entire home/apt,180
1168162090256852555,austin,1210954475471659375,2024-07-28,422364325,Chase,Had a fantastic weekend with a cozy space and wonderful outdoor seating!,austin_reviews.csv,2026-04-13T02:03:58.118Z,78734,entire home/apt,107
1168832383198255511,seattle,1510389441279969225,2025-09-14,311530038,Kathryn,The apartment was nicely decorated and had everything we could need. The location was great and we could walk to Capital Hill as well as the waterfront. <br/>Kelly was always available for questions and was very responsive to any issue. <br/>We loved our stay and would definitely return.,seattle_reviews.csv,2026-04-13T02:03:58.118Z,First Hill,entire home/apt,325
1170258262429514757,seattle,1515482476405716727,2025-09-21,46788454,Sandra,"Greg's place is lovely. It was incredbly clean, very private, and so peaceful. The bed was really comfortable and my husband and I slept soundly. We enjoyed the supplied coffee and also the coffee at Cloud City Coffee just a short walk from our stay. This was an outstanding place to stay and I highly recommend it to anyone staying in the area.",seattle_reviews.csv,2026-04-13T02:03:58.118Z,Maple Leaf,entire home/apt,99
1171167020923872137,austin,1475551790860103222,2025-07-28,566719769,Beau,Nice unit in a convenient location right near downtown. The host was communicative and everything went smoothly.,austin_reviews.csv,2026-04-13T02:03:58.118Z,78704,entire home/apt,93
1171999431564067727,nashville,1505190642325420384,2025-09-07,464881503,Giovanni,"We had a wonderful stay! The hosts were very responsive and accommodating, allowing us early check-in and late check-out, and even providing extra amenities when we asked. The place was clean, comfortable, and even better than expected. Overall, a great experience and we’d definitely stay again!",nashville_reviews.csv,2026-04-13T02:03:58.118Z,District 15,entire home/apt,124
1172512874074892203,nashville,1510265861082885571,2025-09-14,158622667,Carol,Great place to stay in Nashville! We loved the Taylor swift decor,nashville_reviews.csv,2026-04-13T02:03:58.118Z,District 15,entire home/apt,149
1172906802992412462,austin,1407346033683316943,2025-04-25,437074283,Pinakin,Great host and lovely place to stay long term,austin_reviews.csv,2026-04-13T02:03:58.118Z,78727,entire home/apt,112
1175376253540545746,twin_cities,1511036071642923554,2025-09-15,99545521,Sarah,I loved Aga‘s boho hostel-style inn. It reminded me of little places in Europe I have stayed. The communal kitchen with tea and coffee in between the two rooms was sweet. I love the vibe of the older building. Everything was clean and spotless and Aga was a great communicator and very friendly.,twin_cities_reviews.csv,2026-04-13T02:03:58.118Z,Le Sueur,private room,92
1175562326776553990,seattle,1505308729601492440,2025-09-07,588115789,Maria,We did not like it.<br/>share bathroom with others guest <br/>room very small <br/> Not A.C. <br/>enter door very loud when people open and close.<br/>sorry not good for us.,seattle_reviews.csv,2026-04-13T02:03:58.118Z,West Queen Anne,private room,46
1178443215831685369,austin,1479103998799433814,2025-08-02,490639160,Sa,"Stayed 2 months.<br/>Clean, safe, and quiet area (it’s not really a neighborhood, more like a big fenced property with a cute house in the middle, haha).<br/>This unit has a private entrance, and I didn’t see a single person during my 2-month stay 😂<br/>The AC works great, no issues even on the hottest Texas summer days.<br/>Overall, a good stay. The only thing that pulls me away from this place is my adventurous soul that craves poetry and distant lands.",austin_reviews.csv,2026-04-13T02:03:58.118Z,78719,entire home/apt,59
1178930298154936426,twin_cities,1485667151226458826,2025-08-11,14542596,Carolyn,"The house was clean and very spacious! While there was plenty of room for everybody to spread out, we wished there was more seating available in the dining room and living room so that our whole group could gather together in those spaces. The other bummer was the grill--the grates were very rusty and there seemed to be a problem with the ignition, so we didn't use it. The shady lake area was perfect for little kids!! They loved the sandy beach (and the provided toys) and the big expanse of shallow water that they were able to stand and play in. Tia was great at answering our questions before and during our stay, and this was a convenient location for a lake getaway.",twin_cities_reviews.csv,2026-04-13T02:03:58.118Z,Wright,entire home/apt,199
1178979281510017157,chicago,1512430983945633788,2025-09-17,482529882,Jason,"Muy ordenado, lugar tranquilo y buena comunicación con Marco. Muchas gracias!",chicago_reviews.csv,2026-04-13T02:03:58.118Z,Hermosa,private room,55
1179030127948564589,nashville,1469726050437828035,2025-07-20,420721603,Nia,Absolutely beautiful property. One of the nicest air bnbs I have ever stayed in. Would definitely recommend.,nashville_reviews.csv,2026-04-13T02:03:58.118Z,District 17,entire home/apt,400
1183324802752183235,chicago,1513979909241812271,2025-09-19,471697604,Camona,The house was clean and host was responsive.  Liked the motion sensor lights and the fan with the lights was pretty cool.,chicago_reviews.csv,2026-04-13T02:03:58.118Z,Hermosa,private room,54
1185013902998429563,austin,1474065074866585533,2025-07-26,263353936,Tyler,Wonderful deal in convenient area. Host was extremely response responsive. Would recommend.,austin_reviews.csv,2026-04-13T02:03:58.118Z,78753,private room,42
1185524753016676346,seattle,1516936134050424422,2025-09-23,25282988,Donnie,Nice place.  good and practical,seattle_reviews.csv,2026-04-13T02:03:58.118Z,Greenwood,entire home/apt,192
1187071175004234369,seattle,1403059102469498258,2025-04-19,668469955,Xiyue,"Great place with nice surroundings in a peaceful neighborhood, the host is very friendly and always responsive, the guidance for the place is also helpful!(Cafes are awesome)",seattle_reviews.csv,2026-04-13T02:03:58.118Z,Maple Leaf,private room,41
1187731812835614611,austin,1500907163560176802,2025-09-01,338732699,Monica,Loved our stay here! Would recommend to anyone visiting Austin and wanting to have lots to do.,austin_reviews.csv,2026-04-13T02:03:58.118Z,78702,entire home/apt,265
1187795053550605866,chicago,1267483946506728464,2024-10-14,25412653,Luis,"Gerardo was great, his spot is clean, comfortable and cozy.  Great host and very responsive and helpful.  Thank You.",chicago_reviews.csv,2026-04-13T02:03:58.118Z,Lincoln Square,private room,136
1187889511494416984,seattle,1491528406129969265,2025-08-19,565502439,Deirdre,Danyale was a great host and very communicative. The house is in a prime location and has great amenities. We had a wonderful stay!,seattle_reviews.csv,2026-04-13T02:03:58.118Z,Madrona,entire home/apt,116
1188340633648374520,seattle,1516178887424782565,2025-09-22,718180531,Maura,"Christina and Sergey were very communicative and welcoming. They had clear instructions for our stay, which was very helpful and the home felt very clean.",seattle_reviews.csv,2026-04-13T02:03:58.118Z,North Delridge,entire home/apt,124
1188442308491408865,twin_cities,1515407748600351057,2025-09-21,3654693,Justin,"Mya's place was an oasis of artful touches, beautiful designs, and coziness. I loved the whole house from the entry with scent from the fireplace wood, to the open and magical living room, to the bedroom that has a lot of soft personality and lots of windows.  The welcoming messages, coffee maker setup, the bathroom w eucalyptus leaves in the shower. It's like a boutique artists hotel, surrounded by trees and parks. highly recommend if your wanting to be near campus and have a cozy comfy room to be in the community setting (it's a really wonderful walk there, trees, and city, and campus buzz). Super chill and welcoming vibe from them too.",twin_cities_reviews.csv,2026-04-13T02:03:58.118Z,Hennepin,private room,109
1190480706538312158,nashville,1495809279164810417,2025-08-25,281907154,Abby,Was a gorgeous place with just a few bumps in our stay but sherry was extremely responsive and helpful! Parking is definitely a struggle so I would bring as few cars as possible,nashville_reviews.csv,2026-04-13T02:03:58.118Z,District 2,entire home/apt,360
1194323116964657986,twin_cities,1434265407123011021,2025-06-01,77998949,Chris,"Great Stay, wish we could have stayed longer",twin_cities_reviews.csv,2026-04-13T02:03:58.118Z,Mille Lacs,entire home/apt,317
1194340243718568995,twin_cities,1401648025997212564,2025-04-17,666445778,Kendra,This was an amazing stay great host and very responsive when something came up,twin_cities_reviews.csv,2026-04-13T02:03:58.118Z,Ramsey,private room,37
1199302285183032820,seattle,1515452194789934506,2025-09-21,1622121,Matthew,This was exactly as we wanted and accurate to the description. The owners communicated quickly and the location was where we wanted. Thanks.,seattle_reviews.csv,2026-04-13T02:03:58.118Z,Columbia City,entire home/apt,82
1199515572148369613,nashville,1510996619600013697,2025-09-15,228422587,Jana,"The Burnham building seems to be a sort of short-term rental/hotel with some long-term renters. The entire building is very secure with each room feeling like an apartment. The building, pool, and gym all have very strict quiet hours but you will hear people in the hallways all hours of the night. <br/>During my stay with 5 people total, I found this rental quite dusty, with plane tickets/trash from previous renters present & inadequate in-unit accommodations (bedding, cleaning supplies, and towels). <br/>Additionally, I messaged the hosts about this and was told that they do a ‘cleaning verification’ between each renters & that my group probably brought in the dust, trash, and plane tickets (which did not belong to us nor matched our names & were dated from August when we stayed in September). <br/>This is a great rental for sleeping & going out for most of the day, or for 2-3 people, but my group of 5 had a hard time enjoying our stay.",nashville_reviews.csv,2026-04-13T02:03:58.118Z,District 19,entire home/apt,123
1202358268234958357,nashville,1515378874411047988,2025-09-21,130437965,Heather,We had a wonderful couples weekend! The house was perfect and Eric was a great host. We loved staying here and we would love to come back and stay here again soon!,nashville_reviews.csv,2026-04-13T02:03:58.118Z,District 17,entire home/apt,306
1204195407711054267,twin_cities,1500871099554657251,2025-09-01,273169256,Raven,Plentiful street parking. Simple directions to get in. Most items in the apartment look almost brand new. All the basics you need. Great for our weekend away!,twin_cities_reviews.csv,2026-04-13T02:03:58.118Z,Ramsey,entire home/apt,82
1206516925969649560,austin,1505251385310497644,2025-09-07,218269649,Taylor,Great space and easy access to great restaurants and bars in the neighborhood. Would recommend.,austin_reviews.csv,2026-04-13T02:03:58.118Z,78702,entire home/apt,94
1208955630136310370,twin_cities,1516159294535086444,2025-09-22,131858184,Garrett,Absolutely loved this place! If not the best airbnb we have stayed definitely top 2!<br/>Everything was as listed and super easy to figure out with instructions. Rebecca was also great with local recommendations. Would highly recommend.,twin_cities_reviews.csv,2026-04-13T02:03:58.118Z,Washington,entire home/apt,332
1210233408151754320,austin,1297960568470639978,2024-11-25,7055554,Pamela,This is a sufficient place to sleep in a good location. The composting toilet uses the port-o-john liquid that has its characteristic odor. The shower temperature is tricky to control and may leave you with the choice of burning hot or freezing cold after a couple of minutes. The kitchen did not include a trash bin or salt/pepper. There were cobwebs and spiders in the storage compartment by the bed  in one of the lofts.  I would stay again if these issues were resolved.,austin_reviews.csv,2026-04-13T02:03:58.118Z,78704,entire home/apt,78
1211560870733786290,chicago,1511766955102655894,2025-09-16,350221645,Peter,Very cozy and quaint place. Quiet neighbors and easy to get around. Train is one block away which was so convenient. Overall great stay.,chicago_reviews.csv,2026-04-13T02:03:58.118Z,Avondale,entire home/apt,97
1211846038770171832,austin,1217458251362534249,2024-08-06,200264026,Megan,"This place was perfect! I was looking for an apartment where I could work from home in a quiet setting, but still be close enough to everything that Austin has to offer. I LOVED being able to walk to Jo’s coffee across the street, and the famous Radio Coffee was only a mile away. Every other hotspot in Austin was only a quick 10 minute drive with easy Uber access. Kitchen was fully stocked so I could cook my lunches while working at home, and to top it all off I loooved my evening sessions in the little sauna. Could not recommend this place more!",austin_reviews.csv,2026-04-13T02:03:58.118Z,78745,entire home/apt,90
1213839350452978698,seattle,1500958735186283770,2025-09-01,91719462,Emily,"Just a note it’s a corporate Airbnb so doesn’t feel too at home, and they have strict check in at 4 typically and earlier checkout at 10am. The grill worked fine, fire alarms went off even though there wasn’t any smoke going off in the Airbnb, comfortable bedding, in unit washer and dryer. No AC, was a bit hot the first day but otherwise comfortable. Walkable area to some local coffee shops and restaurants. Parking garage available for the one car. Decently quiet although there were cars that you could tell were racing down the beach road at night if you left the windows open.",seattle_reviews.csv,2026-04-13T02:03:58.118Z,Alki,entire home/apt,174
1216690775512781227,twin_cities,1509543450867031566,2025-09-13,697347220,Jazmin,we had a wonderful stay here!,twin_cities_reviews.csv,2026-04-13T02:03:58.118Z,Pierce,entire home/apt,152
1219271646234591230,nashville,1495848037663697634,2025-08-25,519485043,Jill,"Looked just like the pictures, very cute studio, good walking distance to places to eat and things to do also the included parking was very convenient. 10/10 recommend.",nashville_reviews.csv,2026-04-13T02:03:58.118Z,District 19,entire home/apt,118
1219558524003202334,austin,1471167428645690940,2025-07-22,20625551,Kevin,This was a great location and condo. Everything was conveyed up-front. Only comment is there were no towels available for the pool.,austin_reviews.csv,2026-04-13T02:03:58.118Z,78701,entire home/apt,195
1219597171247393581,twin_cities,1515358031124198922,2025-09-21,123669857,Daniel,"Wonderful place to stay! David was a great host, very responsive and accommodating!",twin_cities_reviews.csv,2026-04-13T02:03:58.118Z,Hennepin,entire home/apt,216
1220161034781218400,nashville,1511803507028937350,2025-09-16,136115025,Suzette,"Elizabeth's place is in a great location. Easy access to drive or to walk around and explore East Nashville or Broadway/Downtown. The back porch is a great place to relax! We traveled with our dog - he loved the porch and enclosed backyard! The house is thoughtfully set up, well appointed, and is dog-friendly with provided bowls and lidded trash cans.",nashville_reviews.csv,2026-04-13T02:03:58.118Z,District 6,entire home/apt,350
1224945780627591665,twin_cities,1500945259984561560,2025-09-01,453207560,Sandy Marie,Good location for the wedding reception. host lives next door and was helpful. We did have a issues with the dryer but  Kyle came through.,twin_cities_reviews.csv,2026-04-13T02:03:58.118Z,Dakota,entire home/apt,144
1225696519822610803,chicago,1500841546944717734,2025-09-01,536638729,Camillia,"Words cannot express how beautiful this home is! We arrived to a spotless condo fully equipped with everything we needed. Carlton was an absolutely wonderful host! When I had trouble getting in (completely my fault), he patiently talked me through the process over the phone and saved the day.<br/>The location was perfect, just about 7 miles from all the downtown hot spots, with plenty of nearby restaurants and bars featuring live music. Parking in Chicago can be tough, but we had ample free street parking right by the unit. The neighborhood felt safe, was well lit, and we hardly heard any outside noise while inside.<br/>The only small note is that there are two flights of stairs to reach the unit, but everything else was truly perfect. I would absolutely stay here again and highly recommend it!",chicago_reviews.csv,2026-04-13T02:03:58.118Z,Grand Boulevard,entire home/apt,182
1227600566557955531,chicago,1392916430215332509,2025-04-05,407996206,Maureen,Incredible place. A real gem. Great host.  Highly recommend,chicago_reviews.csv,2026-04-13T02:03:58.118Z,Logan Square,entire home/apt,114
1232531425812136979,nashville,1514678180411396057,2025-09-20,533450855,Christina,2nd time staying here. Very convenient for  flights in & out.,nashville_reviews.csv,2026-04-13T02:03:58.118Z,District 15,private room,100
1233307324788620410,chicago,1413955932327555072,2025-05-04,295846601,Silvia,"Ruth has a great system; the place is ideally located, building is great. Excellent overall.",chicago_reviews.csv,2026-04-13T02:03:58.118Z,Near North Side,private room,72
1234852763076081606,nashville,1515399768601840084,2025-09-21,158897066,Kaelyn,"We loved our stay at this Airbnb! Brandon was an awesome host. Very detailed instructions for getting in & out of the building. Loved the location. The apartment has a kitchen outfitted with snacks, plates, silverware, etc. & had a well stocked bathroom with plenty of towels & extra toiletries. Very walkable & it was pleasantly quiet considering the building is right off the highway. Would stay here again! <br/>The only thing I would mention is this apartment is right off the courtyard. And it isn’t loud at all. But it is bright out there, & there were no curtains. So it made it a little tough to sleep with the amount of light coming in from the courtyard.",nashville_reviews.csv,2026-04-13T02:03:58.118Z,District 19,entire home/apt,148
1234990114846742912,twin_cities,1511023199883413436,2025-09-15,717101508,Liban Abdulkadir,My stay on Fahad place was very smooth. Clean house quick service overall I’ll give him five star. I’ll recommend you.,twin_cities_reviews.csv,2026-04-13T02:03:58.118Z,Hennepin,entire home/apt,245
1236402795557787863,seattle,1514743771521365764,2025-09-20,47073795,Laura,"Gorgeous backyard unit, great design aesthetic, very clean and functional. Peaceful stay with views of trees and sky and so many windows! Loved the round window and deck, would definitely stay here again!",seattle_reviews.csv,2026-04-13T02:03:58.118Z,Columbia City,entire home/apt,168
1237268646973867171,seattle,1511097781405462094,2025-09-15,176280904,Hollie,Fantastic and charming! Hosts were super friendly in correspondence and I felt right at home. The bed was like sleeping on a cloud! Thank you for a relaxing and comfortable weekend!,seattle_reviews.csv,2026-04-13T02:03:58.118Z,Wallingford,entire home/apt,177
1237585457379773722,nashville,1515347376056885129,2025-09-21,1820162,Karen,"This Airbnb is much nicer than the photos would have you think, and the photos are pretty great! It's bigger than it looks. it's extremely thoughtfully furnished, very, very clean, well stocked and generally feel cozy and comfortable. Linda's extremely responsive, helpful and seems like a very nice person. The location's great if you have a rental car. Easy to get to downtown and places like 12 South. I'd definitely recommend this place!",nashville_reviews.csv,2026-04-13T02:03:58.118Z,District 5,entire home/apt,223
1237658493444716616,austin,1499425962740187385,2025-08-30,252596628,Jaime,Drew’s place was great! The house is beautiful. Our kids loved collecting eggs each morning from the chickens. The beds and pillows are super comfortable and there are plenty of towels. We would definitely stay here again next time we visit Austin!,austin_reviews.csv,2026-04-13T02:03:58.118Z,78702,entire home/apt,356
1242010654074436372,austin,1506704257055580912,2025-09-09,219440790,Ed,"This is truly a 5* place. Everyone in our group loved the house, location, and especially the sleeping accommodations. Would definitely look to book this residence again in the future.",austin_reviews.csv,2026-04-13T02:03:58.118Z,78704,entire home/apt,251
1245111380885277377,chicago,1495823063962163636,2025-08-25,25054482,Yeliang,送女儿到芝加哥上学，就在学校附近租了公寓。处于闹市区，两间客房都很宽敞。非常美妙的住宿体验。,chicago_reviews.csv,2026-04-13T02:03:58.118Z,Loop,entire home/apt,224
1247038461966123298,twin_cities,1501650755654448725,2025-09-02,46187941,Lisa,"Great stay, great host, responsive to anything I needed definitely recommend 10 stars!!!!",twin_cities_reviews.csv,2026-04-13T02:03:58.118Z,Hennepin,entire home/apt,102
1247150629847030191,austin,1413931456899739494,2025-05-04,686238601,Huu Danh,Absolutely terrific!,austin_reviews.csv,2026-04-13T02:03:58.118Z,78757,entire home/apt,138
1247776787222705941,nashville,1513897852548227358,2025-09-19,511582941,Cameron,Place was clean and had everything we needed! Host was very communicative and was very nice!,nashville_reviews.csv,2026-04-13T02:03:58.118Z,District 2,entire home/apt,137
1248374046767674932,chicago,1466096767099514977,2025-07-15,22346701,Annalisa,"Freehand was in a great location close to restaurants like a pizza place, shake shack, bagel shop, Starbucks, bakery and many more. CVS next door also. The hotel is easily walkable to the river for river cruises or the riverwalk. 25 minute walk to navy pier. Just a couple minute walk to Michigan avenue shopping. The rooms were cute. Private 4 bunk bed room with a private bathroom. The negative was the rooms were small and didn't have washcloths, soap/body wash, or a fridge, the air conditioning did not work well so it was very hot in the summer, and the pillows were extremely lumpy. Overall it was a perfect location for staying in Chicago for a couple days.",chicago_reviews.csv,2026-04-13T02:03:58.118Z,Near North Side,private room,201
1248572810327846055,chicago,1308081375134693372,2024-12-09,659562997,Henry,"Si vous avez déjà fait l'expérience d'un lieu similaire, cela dépendra de vos standarts. Reste à noter que votre séjour dépendra de vos voisins de chambre. J'ai eu la malchance d'être dans la même chambre qu'une personne qui travaillait jusqu'à 2h du matin et était un alcoolique. Une odeur plus que perceptible tout le long du voyage, des reveils brutaux dû à son état. Prendre en compte aussi que machine à laver et sèche linge sont payants. Sinon très bonne localisation, la plupart des lieux sont accessibles à pied. Le ménage n'est que partiellement fait qu’après le départ d'un des voyageurs.",chicago_reviews.csv,2026-04-13T02:03:58.118Z,Near North Side,shared room,51
1248593809996351153,twin_cities,1503816268003866502,2025-09-05,170389574,Aaron,"The apartment is new.  The location is in a quiet suburb.  Lake Harriet is nearby.  Bike lanes are a plus.  Easy access to downtown by bike, car or bus. And great coffee and espresso is close at Shortwave on 50th.  We enjoyed our stay.",twin_cities_reviews.csv,2026-04-13T02:03:58.118Z,Hennepin,entire home/apt,149
1251530299674674006,twin_cities,1515428061615227558,2025-09-21,66925535,Sarah,"Great location, lovely apartment.",twin_cities_reviews.csv,2026-04-13T02:03:58.118Z,Hennepin,entire home/apt,326
1252911199122410582,nashville,1500848002682051398,2025-09-01,469313967,Alexis,Host Extraordinaires were exceptional to work with! They were very kind and responsive. The place was clean and spacious. Way better than we had expected.🤩We would definitely recommend them and this place!!!,nashville_reviews.csv,2026-04-13T02:03:58.118Z,District 16,entire home/apt,267
1253252110906517891,twin_cities,1494327452992212743,2025-08-23,6706333,Krishna,"I stayed at Fahad place for a month. I enjoyed my stay.<br/>The area is quiet and peaceful. It was great for my time there as I was working as well.<br/>The room was large, with its own bathroom and walk-in closet.<br/> Fahad and Frank are very responsive. I had an issue with the shower water pooling, and it was fixed the same day I mentioned it.<br/>One area for improvement would be regular cleaning or touch-ups for shared spaces. Guests can have different expectations of cleanliness, especially with a mix of long-term and short-term stays, so some light coordination or periodic tidying would enhance the overall experience.<br/>I had brought it up to the host and I believe it is a work in progress.",twin_cities_reviews.csv,2026-04-13T02:03:58.118Z,Hennepin,private room,78
1253595813051713488,nashville,1475500419476161528,2025-07-28,365992607,Jessica,Rodrigo and Emilia are excellent hosts! The house was perfect for what we needed and exactly as advertised,nashville_reviews.csv,2026-04-13T02:03:58.118Z,District 4,entire home/apt,200
1254492526420986578,seattle,1514694862979998517,2025-09-20,37107841,Brady,Great location and really nice house!,seattle_reviews.csv,2026-04-13T02:03:58.118Z,Broadway,entire home/apt,209
1257346256376683274,austin,1451612658206478263,2025-06-25,683301841,Piotr,...,austin_reviews.csv,2026-04-13T02:03:58.118Z,78704,entire home/apt,120
1257941409344025697,nashville,1515439543765227964,2025-09-21,27903822,Rose,"If you're looking to stay in East Nashville, this apartment is a perfect pick! Clean, new and quiet. Great for a family or group of friends.",nashville_reviews.csv,2026-04-13T02:03:58.118Z,District 5,entire home/apt,120
1260436774384697745,chicago,1500842300040564635,2025-09-01,358984529,Jenna,"Beautiful apartment! The kitchen and bathroom was well stocked and the living room was very cozy. The beds were super comfy and inviting. There are two entrances and the back door entrance with the garage made getting in and out with our bags very easy and alleviated the typical Chicago parking issue. Hosts were very responsive! A couple things to note, however, we heard several sets of gunshots both nights and the upstairs tenants are quite loud really late at night and early in the morning. I brought my own fan to help me sleep so I was able to tune it out but if you’re a light sleeper it can definitely keep you up. I’m used to gunshots back home but there were quite a lot throughout both nights and lots of sirens - definitely not an area I’d walk through at night. We stayed in a different airbnb on the north side for about a week after checking out where the neighborhood was much quieter and felt safer. But in a pinch for the weekend, it was doable.",chicago_reviews.csv,2026-04-13T02:03:58.118Z,Avalon Park,entire home/apt,141
1265330668245083335,austin,1422672098889443293,2025-05-16,337526573,Qingchang,"Great host and great house! Thank you, Vacay!",austin_reviews.csv,2026-04-13T02:03:58.118Z,78725,entire home/apt,153
1266061914630362916,chicago,1509554060679941716,2025-09-13,696691439,Juho,It was a reasonable stay at an affordable price. The host was very kind and responded quickly to any issues. This is a great place to stay for anyone visiting UChicago.,chicago_reviews.csv,2026-04-13T02:03:58.118Z,Woodlawn,private room,36
1266659187201246131,seattle,1500277171613763936,2025-08-31,4918537,Siobhan,"the townhouse is lovely.  great views from the deck, lots of light. Plenty of street parking and close to public transportation. enormous master bath. very efficient and new laundry and kitchen appliances. hosts were very responsive with any issues that came up.",seattle_reviews.csv,2026-04-13T02:03:58.118Z,Atlantic,entire home/apt,292
1266803324436983919,austin,1500855474657138765,2025-09-01,67017942,Chimtua,"Valerie’s is a beautiful, comfortable, and thoughtfully designed home. We wish we had more time to enjoy it and pledged to come back for a longer stay if the listing is available. Valerie’s instructions/messaging were clear, comprehensive, and proactive such that we really did not need to ask for anything. The home is top/premium quality, think true 5-star accommodation… beautifully designed along with furnitures and very comfortable mattresses to match. I will certainly look for more reasons to visit Austin just so we can book this place again.",austin_reviews.csv,2026-04-13T02:03:58.118Z,78734,entire home/apt,255
1268298206235027970,seattle,1513328490551527304,2025-09-18,376557915,Francisco,"Our stay was amazing. It felr like a home not a property for rent. All appliances are modern, and the property is very clean and welcoming. All types of appliances and cookware are available if you choose to not eat out.  Enjoy the view from the roof. <br/>Coffee, and light snack were provided. <br/>The location was perfect for our needs, close to U Washington and Downtown attractions.<br/>Street parking is available, our vehicle was oversized and we were able to park at all times without additional cost. <br/>We look forward to future opportunities to stay when we visit our U Dub student.",seattle_reviews.csv,2026-04-13T02:03:58.118Z,Roosevelt,entire home/apt,228
1270272959428996631,austin,1499401956628764207,2025-08-30,540600355,Christopher,"Lovely area, lovely apartment, would come back",austin_reviews.csv,2026-04-13T02:03:58.118Z,78702,entire home/apt,136
1272767641979107945,twin_cities,1495774023078717194,2025-08-25,446587598,Rob,"We decided to stay here instead of the city to give our out of state friends a little taste of Minnesota and we could not have been happier with our decision. First of all, Sydney was super kind and helpful throughout our stay. If we had questions she was more than happy to help. The house is beautiful with a perfect view of the lake and the neighborhood is quiet and cozy. Our experience was truly 10/10 and we wouldn’t hesitate to stay there again.",twin_cities_reviews.csv,2026-04-13T02:03:58.118Z,Washington,entire home/apt,315
1275430320796756212,nashville,1429849799991764509,2025-05-26,103254885,Laurie,"Beautiful, clean home …. Eustacia was an excellent host that was very communicative … rooftop patio had a nice view and we greatly appreciated the well stocked hot & cold beverages in the refrigerator and upstairs bar area.",nashville_reviews.csv,2026-04-13T02:03:58.118Z,District 2,entire home/apt,150
1278215447511408499,austin,1495860579706021190,2025-08-25,373705224,Jewleitt,Flor was very helpful and sweet! I’ll come back for sure!,austin_reviews.csv,2026-04-13T02:03:58.118Z,78758,entire home/apt,140
1280541086670721643,austin,1495055572866248949,2025-08-24,691337618,Crystal,"Inayah and Bryson's home was lovely. It was clean and exactly like their pictures. They were a wonderful host. They checked in with us , let me know if I needed any recommendation for things to do, and very responsive.  Their home is around 11 minutes from  UT Austin. We were able to get to the school on time. I would recommend their home, especially if you are looking for a place near the University.",austin_reviews.csv,2026-04-13T02:03:58.118Z,78752,entire home/apt,92
1283496938829963020,nashville,1444301795884672745,2025-06-15,190448623,Lauren,Great location in downtown Nashville and comparable price to other hotels of the same caliber. Staff was very friendly & nice.,nashville_reviews.csv,2026-04-13T02:03:58.118Z,District 19,private room,320
1286545046884173227,twin_cities,1511033432867340908,2025-09-15,131847288,Regina,"The Orchard was a restful, welcome oasis for our action-packed trip to the Twin Cities. Its location on a quiet block in Northeast Minneapolis can’t be beat. We were grateful for the easy street parking and for the easy proximity to the No. 10 bus for trips to and from Downtown. It’s a comfortable spot in a walkable and peaceful area. We’d gladly stay again. Thanks for everything!",twin_cities_reviews.csv,2026-04-13T02:03:58.118Z,Hennepin,entire home/apt,125
1289172871923057891,twin_cities,1412419820548461979,2025-05-02,195450335,Gavin,This is a quite old house in walking distance to a nice park. The swinging rocker in the backyard was my spot for morning coffee.,twin_cities_reviews.csv,2026-04-13T02:03:58.118Z,Hennepin,entire home/apt,193
1290020484148379020,twin_cities,1505943307735710520,2025-09-08,392812697,Carla,This house is awesome! Super cute and furnished/decorated so nicely! We were in town for a wedding and it was within 15 minutes of all our events. Also was great that there was a large parking space off street. The space fit nine of us absolutely perfectly! We all loved it and will definitely book it again next time we’re in town.,twin_cities_reviews.csv,2026-04-13T02:03:58.118Z,Hennepin,entire home/apt,286
1291296664921974255,austin,1505938427042888198,2025-09-08,560708810,Stetson,Great place to stay host was amazing and super responsive,austin_reviews.csv,2026-04-13T02:03:58.118Z,78752,entire home/apt,140
1292289151201779134,twin_cities,1495811215065514230,2025-08-25,351600887,Ida,"Perfect house for of family of 4 moving our kiddo to the cities. Very clean, lost of amemities, loved the coffee/tea bar and full kitchen! Very responsive host.",twin_cities_reviews.csv,2026-04-13T02:03:58.118Z,Hennepin,entire home/apt,112
1293155342356153571,nashville,1453814225664608608,2025-06-28,691726063,Dylan,It was a nice home to stay in,nashville_reviews.csv,2026-04-13T02:03:58.118Z,District 29,entire home/apt,380
1293553408964174246,nashville,1500206192639842468,2025-08-31,340113516,Madison,Great stay!,nashville_reviews.csv,2026-04-13T02:03:58.118Z,District 19,entire home/apt,94
1294969521362782302,austin,1505946799524080909,2025-09-08,21852899,Michelle,"Went here for a girls trip. The place was well labeled and everything was easy to find. The neighborhood was very quiet. Heidi was helpful, would recommend to message her directly during your stay instead of the Airbnb messenger. <br/>Overall, the place served its purpose. We had an issue with the pool needing to be shocked which caused us to not be able to use the pool but the host resolved it with a partial refund. We still would have rather been able to enjoy the pool. Checkout was easy and simple.",austin_reviews.csv,2026-04-13T02:03:58.118Z,78759,entire home/apt,241
1297838082549753197,twin_cities,1321853971228815003,2024-12-28,389684350,Michael,"Close to town, private stay, bring your own stuff as not a lot was provided. Home was cozy and located in a nice neighborhood. Overall it was a great stay.",twin_cities_reviews.csv,2026-04-13T02:03:58.118Z,Hennepin,entire home/apt,167
1304606690862941297,chicago,1501558062209600319,2025-09-02,122586552,Frank,"Excelente lugar! Mi esposa y yo disfrutamos mucho de la estancia, la ubicacion es magnifica con bastante que hacer en el area. Una buena ubicacion para moverse con transporte publico a cualquier parte de la cuidad.",chicago_reviews.csv,2026-04-13T02:03:58.118Z,Near North Side,entire home/apt,182
1304633555888131533,seattle,1490852984431855715,2025-08-18,390853648,Avery,"This booking is perfect for one person - everything was as described minus the balcony, I chose this booking because I thought it was included but still a really nice view! My only issue was sharing the bathrooms and some people not respecting the 15 minute rule/leaving the bathroom or kitchen a mess for several days in a row.",seattle_reviews.csv,2026-04-13T02:03:58.118Z,West Queen Anne,private room,43
1305255116776974970,seattle,1514667000885364800,2025-09-20,1155451,Lee,"Thanks for a great stay, Billy! We enjoyed the house and your hospitality. A great neighborhood, the house is clean and uncluttered and it is easy to get to nearby shops and restaurants. We love to cook our own meals, so we appreciated your well equipped kitchen with sharp quality knives. And thanks for your help getting the internet up to super speed with your new fiber connection.",seattle_reviews.csv,2026-04-13T02:03:58.118Z,North Beach/Blue Ridge,private room,92
1305833231012157341,twin_cities,1510323673482175581,2025-09-14,262089814,Matt,Very nice unit in a great location.,twin_cities_reviews.csv,2026-04-13T02:03:58.118Z,Hennepin,entire home/apt,110
1305859865915531793,austin,1505263885731374828,2025-09-07,16610501,David,This is our second time to stay at this location and it won’t be our last. Great WALKING access to South Congress and comfy beds. Thanks for another great stay.,austin_reviews.csv,2026-04-13T02:03:58.118Z,78704,entire home/apt,281
1308301795181486711,chicago,1474083485462767168,2025-07-26,108420426,Christina,"My stay at Ella and Peter’s place was great! The check in was a bit bumpy with the code to the door but Ella was very quick to respond and help. Other than that, the apartment was exactly what I needed. Clean, the bed was comfy and the added bonus was the washer and dryer. I would absolutely stay here again!",chicago_reviews.csv,2026-04-13T02:03:58.118Z,Irving Park,entire home/apt,126
1308812266434747413,chicago,1505264677802723782,2025-09-07,707343722,Carol,Sandra communicated with us every step of the way. She brought us extra coffee and chairs immediately when asked. The beds were comfortable and the kitchen was well stocked. Us as a group loved the bidet once we figured out how to use it! There were 7 adults and the place felt spacious. It is in the heart of the city and is easily walkable or to use public transportation. We went to a Cubs game and the bus was less than a block away. I will stay again when I visit my hometown!,chicago_reviews.csv,2026-04-13T02:03:58.118Z,Irving Park,entire home/apt,186
1313075251274059280,austin,1508912864034719392,2025-09-12,396296578,Aseem,"Great place to stay with friends or family. <br/>Big house, super clean, modern looking.",austin_reviews.csv,2026-04-13T02:03:58.118Z,78721,entire home/apt,212
1313412271576139184,austin,1500186581558184873,2025-08-31,700585888,Jenny,"Our stay was wonderful! The house was spotless, comfortable, and had everything we needed. The host was incredibly responsive and proactive, making check-in and the whole experience smooth and stress-free. It’s a perfect spot for families or larger groups—would definitely stay here again when in Austin.",austin_reviews.csv,2026-04-13T02:03:58.118Z,78735,entire home/apt,164
1318532701395383391,nashville,1411733760364069943,2025-05-01,52279412,Kenra,I had a great stay at Bella’s place!  I was there 6 weeks and it had everything I needed for my short term stay. I felt right at home. It was clean and in a very safe location. Deano checked in often to make sure I didn’t need anything. I will definitely stay again when back in Nash!,nashville_reviews.csv,2026-04-13T02:03:58.118Z,District 14,entire home/apt,56
1318897929946077472,nashville,1515327903425800173,2025-09-21,238942772,Tanya,"Wow!   There is only fabulousness to say!  Outstanding guest experience.  Excellent communication.  Early check in.  Easy to get to Broadway, The Gulch.  The house is pristine and beautifully decorated. Beds and bed linen was super comfortable.  Rooftop and the garage are awesome!  On top of all of that, the little, thoughtful touches were like nothing I’ve experienced at another Airbnb.  Wine and a variety of snacks upon arrival - and a delivery of fresh donuts!   Stay here - you won’t regret it!",nashville_reviews.csv,2026-04-13T02:03:58.118Z,District 2,entire home/apt,425
1319976735866847631,chicago,1515369476314532160,2025-09-21,17744126,Bradley,Great stay!  Location and home was just as described and easy on and off the highway with access to anywhere in the city.  Would for sure stay here again!  Leonides was also very friendly and easy to communicate with.   Thanks for the stay!!,chicago_reviews.csv,2026-04-13T02:03:58.118Z,Irving Park,entire home/apt,164
1320889805564365190,seattle,1392249958703844775,2025-04-04,562546441,Ivory,"This is the first negative public review I’ve ever left in my life. This host, Donna Kisskeys, should be banned by Airbnb. It is unethical to knowingly offer an uninhabitable unit for rent.<br/>The plumbing did not work adequately during our stay. Cold showers, broken toilet, kitchen sink clogged, unusable dishwasher and washing machine, crumbling and unfixable water heater. Towels and dirty carpet that looked forty years old, electrical wiring that was in large part X-cords tacked to walls. <br/>Donna even admitted she was aware the unit was uninhabitable, and promised not to rent it to anyone else until it was made safe and functional. Donna’s very kind handyman told us all their units are like this. <br/>The next guests had the same plumbing issues and forced Donna to call in a professional plumbing contractor. The plumber said it was “shameful” of Donna to try to rent it. <br/>It’s embarrassing to be involved in a silly dispute with someone like Donna, but I hope to protect future guests.",seattle_reviews.csv,2026-04-13T02:03:58.118Z,North Queen Anne,entire home/apt,226
1324869008149614987,twin_cities,1494361737747461913,2025-08-23,142897848,Alejandro,Definitely 5 stars <br/>Clean big and nice !!<br/>10/10,twin_cities_reviews.csv,2026-04-13T02:03:58.118Z,Sherburne,entire home/apt,165
1326974292296804620,nashville,1505952147236033653,2025-09-08,49949563,Jennifer,"Brent was a great host, very responsive and available if we needed him.",nashville_reviews.csv,2026-04-13T02:03:58.118Z,District 19,entire home/apt,243
1328482316502513212,chicago,1501579221159656750,2025-09-02,166703165,Wayne F,"Potential, but my stay was disappointing. The entrance gives a boutique hotel feel, and the unit is stylishly decorated - compliments of Ikea (with a standout orange chair providing a nice pop of color). It's also located conveniently. Unfortunately, the positives end there.<br/>The secondary check-in process was unnecessarily complicated and provided late by the host - 40 minutes before the 4:00PM evening check-in. It required additional identification and a $500 deposit that felt excessive. Once inside, it was clear the unit had not been properly prepared for new guests. There were not enough towels for four people—not even one full set per guest. A light over the counter, mentioned in a previous review, was still out. The area rug had been left outside on the balcony, where we also found a cigarette butt despite the listing being for a non-smoking unit. Most concerning, there was a dirty black hand towel left in the ensuite bathroom, which raised questions about cleanliness overall.",chicago_reviews.csv,2026-04-13T02:03:58.118Z,Near North Side,entire home/apt,219
1328973525535659334,twin_cities,1503059721080814792,2025-09-04,283407982,Rose,"We enjoyed our stay at Eric's place.  The house was comfortable and I especially enjoyed the natural light coming through the windows and the  beautiful woodwork in the living and dining rooms.     Linden Hills is  our favorite neighborhood in Minneapolis.  It's very walkable to Lake Harriet and Bda Maka Ska, the village shops and restaurants.",twin_cities_reviews.csv,2026-04-13T02:03:58.118Z,Hennepin,entire home/apt,151
1329029378470326839,nashville,1505935908733733733,2025-09-08,446173222,Katelynn,Absolutely perfect! It was so peaceful to still be in the city but be able to sit on the beck and just listen to nature at the same time. The house was absolutely beautiful and perfect. Stairs gave me a great workout. House was beautiful and the fact that they included amenities for kids was amazing,nashville_reviews.csv,2026-04-13T02:03:58.118Z,District 24,entire home/apt,406
1330477162608306359,nashville,1516118062662498371,2025-09-22,210568970,Mathieu,Parfait !,nashville_reviews.csv,2026-04-13T02:03:58.118Z,District 19,entire home/apt,309
1331544240553650845,austin,1494404477615749212,2025-08-23,168201918,Jennifer,Place was great. AC works great.,austin_reviews.csv,2026-04-13T02:03:58.118Z,78702,entire home/apt,260
1333125018634980770,seattle,1508885615001400992,2025-09-12,717815116,Earl,I flopped there for a week and I did not regret it in the slightest.,seattle_reviews.csv,2026-04-13T02:03:58.118Z,Haller Lake,shared room,20
1333526311333789519,nashville,1513980362194118028,2025-09-19,112265186,Nicole,We have stayed twice now! Great spot.,nashville_reviews.csv,2026-04-13T02:03:58.118Z,District 5,entire home/apt,212
1339248186143016019,nashville,1479890582655453473,2025-08-03,496652819,Kristy,"This was a great place to stay while me and my family explored Nashville. One unexpected pro was that it is located next to a Walgreens, this proved to be very helpful. The unit had 2 bedside fans, but only 1 worked. The air conditioner worked well and the back patio was a great place for morning coffee. While the unit came equipped with a Keurig and a few coffee pods, there was no other breakfast supplies provided which is why we were grateful for the Walgreens. Other than finding a few cockroaches (bad surprise) and a few local bunny rabbits on the grass (good surprise) this until was exactly as listed. We frequently took a Lyft to Broadway for $4-5 per trip.",nashville_reviews.csv,2026-04-13T02:03:58.118Z,District 21,entire home/apt,145
1339547740395323597,seattle,1514738724581000017,2025-09-20,139563636,Neeraj,We had an awesome stay at this place.,seattle_reviews.csv,2026-04-13T02:03:58.118Z,Belltown,entire home/apt,156
1340544865647686352,austin,1476974700705416399,2025-07-30,476970647,Michael,Great host.  Matched the description.  Very quiet and comfortable.,austin_reviews.csv,2026-04-13T02:03:58.118Z,78752,entire home/apt,53
1340934215903377888,nashville,1516096351771970876,2025-09-22,547460752,Katie,We had a great stay. The place was clean and beautifully decorated and the neighborhood is quiet and a little farther from the city. It was a perfect balance from the fast paced events in the city.   Our hosts were friendly and helpful. Thank you!,nashville_reviews.csv,2026-04-13T02:03:58.118Z,District 15,entire home/apt,82
1343072837833620062,austin,1511780606316276120,2025-09-16,94509738,Ryan,Garrett’s place was exactly as advertised and was homey and the best for what my wife and I were looking for. The pool temp was perfect and Garrett was responsive every time I messaged him. I asked for a late check out and was more than accommodating. A quick romantic pad in Austin? This is the pad for you !<br/>Thanks Garrett!,austin_reviews.csv,2026-04-13T02:03:58.118Z,78702,entire home/apt,183
1344158587170602269,twin_cities,1515406644106312341,2025-09-21,511620437,Tyler,Great place to stay! Thank you,twin_cities_reviews.csv,2026-04-13T02:03:58.118Z,Pierce,entire home/apt,68
1350202757885977978,austin,1377010535041323586,2025-03-14,123629924,Franco,"It was amazing staying at joannies, her house is a lovely spot and she was a great host! Highly recommend",austin_reviews.csv,2026-04-13T02:03:58.118Z,78752,entire home/apt,179
1351749710907607221,chicago,1506679674356000133,2025-09-09,315412997,Summayah,Very spacious and clean place. The host was quick to respond whenever I had an issue. Very nice,chicago_reviews.csv,2026-04-13T02:03:58.118Z,South Shore,entire home/apt,129
1353633331859849521,nashville,1417493133968770332,2025-05-09,58501287,Ricardo,"Bare bones if you are there for a night it’s ok. I was in town for over 3 weeks and the property was missing basic amenities for a stay of this nature given it was a whole home. There was no lighting in the living room, no coffee table, no cleaning supplies, in adequate cooking supplies. There was no AC on the upper level and the walls were extremely thin. Could hear the neighbors making an excessive amount of noise all hours of the day.",nashville_reviews.csv,2026-04-13T02:03:58.118Z,District 27,entire home/apt,77
1354449765000955171,nashville,1514680534897740021,2025-09-20,448077564,John,"Clean, well decorated and in a nice neighborhood. Well worth the value.",nashville_reviews.csv,2026-04-13T02:03:58.118Z,District 7,entire home/apt,114
1359402003955010702,nashville,1469719427903543061,2025-07-20,674212949,Jacob,The place was great for what we needed. It was easy to find and enter. The location I would not recommend for walking to Germantown or Broadway especially in the Nashville heat. I would take an Uber. Any uber we called was between $10-$20 depending on the size called.,nashville_reviews.csv,2026-04-13T02:03:58.118Z,District 21,entire home/apt,332
1360283485081887262,nashville,1508843723534489535,2025-09-12,59095598,Nicholas,"good convenient location, close to Broadway and a short ride to the airport and SUPER Clean, and the off the street parking is really nice.<br/>I'd book again!",nashville_reviews.csv,2026-04-13T02:03:58.118Z,District 19,entire home/apt,128
1363941100937793974,nashville,1449379290553500296,2025-06-22,56407069,Milan,Loved our stay and have already planned our next visit!,nashville_reviews.csv,2026-04-13T02:03:58.118Z,District 17,entire home/apt,248
1363993249710016814,austin,1509623776027962654,2025-09-13,439779078,Madeline,"It was a beautiful and thoughtful artistic space, and close to downtown to explore. Thanks for the experience!",austin_reviews.csv,2026-04-13T02:03:58.118Z,78702,private room,45
1364551576447915079,austin,1500141211025879743,2025-08-31,668482103,Alexandria,This was an incredible stay! Came with my boyfriend for our anniversary and it was the perfect peaceful spot to relax after walking around town. There was a lovely coffee shop 5 minutes walking that was great in the mornings. Would absolutely stay again!,austin_reviews.csv,2026-04-13T02:03:58.118Z,78702,entire home/apt,114
1368458440880954913,austin,1454556276963381259,2025-06-29,55701581,Sarah,Host was responsive with all questions we had.,austin_reviews.csv,2026-04-13T02:03:58.118Z,78741,entire home/apt,133
1368849009700886691,nashville,1508134129325216664,2025-09-11,134131402,Harvey,The apartment was very spacious and clean and Amy was a very responsive host.,nashville_reviews.csv,2026-04-13T02:03:58.118Z,District 19,entire home/apt,221
1368972578763289457,twin_cities,1500204016863873030,2025-08-31,661551307,Warsame,Amazing place,twin_cities_reviews.csv,2026-04-13T02:03:58.118Z,Hennepin,entire home/apt,168
1369209014408193643,chicago,1505214272524048328,2025-09-07,157538,Munish,"Most importantly, host was responsive and clear. <br/>The place is solid - you're getting exactly what you're seeing. It was clean and spacious, more than enough for what I needed - and in some ways, superior to a hotel. It's in an apartment building that is old but the room was great. <br/>Two drawbacks: <br/>1) metro tracks on either side so noise and privacy are a factor <br/>2) the neighborhood can be dicey, especially at night, depending on your travel risk tolerance. <br/>Overall, my stay was really great and I would definitely go again, primarily for the value and proactive host.",chicago_reviews.csv,2026-04-13T02:03:58.118Z,Loop,entire home/apt,106
1369224725451160173,chicago,1505218319018688189,2025-09-07,177255875,Carlos,"Had a great stay here! The place was super easy to find with the instructions the host provided, so check-in was smooth and hassle free. The location is awesome – you can walk to tons of restaurants, cafés, and shops, and there’s always something going on nearby. It made exploring really convenient since everything felt close by, whether it was sightseeing during the day or grabbing dinner and drinks at night. The apartment was just like the photos, clean and comfy, with everything I needed for a few days. It felt like a nice home base where I could chill after being out and about. I’d happily book again next time I’m in town.",chicago_reviews.csv,2026-04-13T02:03:58.118Z,Loop,entire home/apt,106
1369733738577166114,chicago,1511076670520427703,2025-09-15,475164139,Robert,"We stayed for 5 nights in this lovely apartment and it was perfect!  Great location in a wonderful neighborhood, Wicker Park. Safe and fun!",chicago_reviews.csv,2026-04-13T02:03:58.118Z,West Town,entire home/apt,214
1371813492573128550,nashville,1480585716698951233,2025-08-04,295260408,Ziya,"By far my worse air bnb I had yet . First off it doesn’t say anything about it being the basement of her place you are staying in  , in the description on air bnb. It isn’t worth what I paid for . Second the bed is a full size , me & my partner are 240+ each, I had to ask her for an air mattress because I fall off this bed twice . The worse pet peeves part about this air bnb is that you can hear their every move through out the house , very heavy footed as well as their conversation . I thought I was getting whole place to myself not someone basement room . I didn’t even feel comfortable to have s** since I can hear everything going on upstairs. The house is on a steep hill . This is like booking a room on air bnb. I wanted to love it but definitely not . What ruined my mood entirely is why would you get twin / full size bed could at least got a Queen size .  Pros are great air condition & you can wash your clothes .<br/>I wouldn’t come back here",nashville_reviews.csv,2026-04-13T02:03:58.118Z,District 1,private room,75
1371908989755690626,nashville,1505261716603458829,2025-09-07,476286021,Gretchen,"501 Nashville was a great place to stay!  The location was perfect-just far enough from the hustle and bustle, but not too far.  The apartment was clean and management was great to deal with!",nashville_reviews.csv,2026-04-13T02:03:58.118Z,District 19,entire home/apt,221
1375361431416163691,twin_cities,1500201762706445658,2025-08-31,534859651,Mark,"awesome Hotel downtown, quirky Decor / theme.",twin_cities_reviews.csv,2026-04-13T02:03:58.118Z,Hennepin,private room,219
1379003684919887184,austin,1508189006574632359,2025-09-11,518809184,Amanda,i really liked the set up,austin_reviews.csv,2026-04-13T02:03:58.118Z,78703,entire home/apt,63
1379353084022038126,seattle,1505990308426149475,2025-09-08,574957513,Carmen,"This was our second stay at one of Angela’s properties and it was great! The highlight was the Incredible view of the water, which was stunning. The apartment was comfy and had everything we needed. Nothing but great things to say about the host and apartment. Recommend.",seattle_reviews.csv,2026-04-13T02:03:58.118Z,East Queen Anne,entire home/apt,100
1379822238099392456,nashville,1484988741849358296,2025-08-10,666687965,Eric,Thanks,nashville_reviews.csv,2026-04-13T02:03:58.118Z,District 17,entire home/apt,348
1381416956317184112,seattle,1500168950423429491,2025-08-31,341415355,Chris,great place,seattle_reviews.csv,2026-04-13T02:03:58.118Z,North Delridge,entire home/apt,248
1381658476850665993,chicago,1511738017855138749,2025-09-16,192270630,Taylor,"What a wonderful stay! Roman was a responsive and friendly host and the space was perfect for what we needed! The location couldn’t have been more perfect. It was a nice, quiet neighborhood that was a very short drive to exciting activities and restaurants- a perfect balance. <br/>The space was clean and open but still felt comfortable and homey. It was a wonderful place to come back to after a long day of walking around Chicago.",chicago_reviews.csv,2026-04-13T02:03:58.118Z,Humboldt Park,entire home/apt,133
1385099827880649738,nashville,1469686224304999739,2025-07-20,213082230,Erika,Very responsive host. Exactly as described,nashville_reviews.csv,2026-04-13T02:03:58.118Z,District 19,entire home/apt,187
1385122969182216985,seattle,1515421266792233002,2025-09-21,561113329,Jessica,"I had a great stay! The place was clean, comfortable, and exactly as described—but the real highlight was the incredible view. Whether it was morning coffee or evening wind-down time, I found myself constantly drawn to it. Truly a memorable experience. Highly recommend!! Jennie was amazing!!",seattle_reviews.csv,2026-04-13T02:03:58.118Z,Madrona,entire home/apt,159
1389486742405462908,austin,1474127008633627693,2025-07-26,145265804,Adan,"Ralph’s place is very nice, well furnished and kitchen essentials <br/>Highly recommended!",austin_reviews.csv,2026-04-13T02:03:58.118Z,78758,entire home/apt,89
1391361174237569422,nashville,1501577171504023984,2025-09-02,31594904,Jessica,"Greg’s place was lovely! Very clean, very comfortable beds!! Nice space!",nashville_reviews.csv,2026-04-13T02:03:58.118Z,District 19,entire home/apt,176
1391527201443898210,austin,1469775246299155694,2025-07-20,577414845,Kiran,"The place was a little dusty and there was a slight smell, but overall it was good for the price. The location and amenities were as described, and it worked well for a short stay.",austin_reviews.csv,2026-04-13T02:03:58.118Z,78745,entire home/apt,125
1392186309934702757,nashville,1505979032713741335,2025-09-08,270020091,Frank,"Great place to stay. Lots of bars, restaurants and cafes near by and easy walk to Broadway.",nashville_reviews.csv,2026-04-13T02:03:58.118Z,District 19,entire home/apt,115
1392425117170042168,chicago,1505986751271188924,2025-09-08,392953454,Lorinda,"Very nice place, just like pictures. Quiet neighborhood with lots to do within walking distance. Main kitchen appliances but missing some cooking/meal prep items. Lots of room to cook though. Came with K-pods for Keurig which was nice. Bathroom was clean - just missing washcloths if you don't pack your own loofah. Bedrooms were comfy. Lots of AC units but didn't need to use since temps were just right. Easy free parking right in front of unit or next to unit. We enjoyed our stay.",chicago_reviews.csv,2026-04-13T02:03:58.118Z,Lincoln Square,entire home/apt,143
1399418378652606712,nashville,1510321274695980601,2025-09-14,400223062,Samantha,Great place to stay. Plenty of room! Only about a 10 minute uber or less to broadway. Great instructions were given to find the place. Will stay here again!,nashville_reviews.csv,2026-04-13T02:03:58.118Z,District 17,entire home/apt,191
1400060429358789749,seattle,1505973582374867142,2025-09-08,162018208,Ish,Really clean and accessible. Great rooftop vibe.,seattle_reviews.csv,2026-04-13T02:03:58.118Z,North Queen Anne,entire home/apt,164
1400906065390075150,seattle,1469773791256795126,2025-07-20,7662061,Niran,"We (two adults and one child) stayed at Lakehouse for over a month while remodeling our house. The property is on a picturesque stretch of Lake Union, surrounded by marinas and boat houses in a safe, walkable neighborhood with water access via piers and beaches. A fantastic coffee shop called FRAM was a few steps away.<br/>Sunlit and beautifully decorated with curated furnishings, the house features a Samsung ""Wall TV,"" Bang & Olufsen speakers, and nearly new appliances. The hosts provided thoughtful, eco-friendly amenities, including a fully stocked Nespresso machine. The house has air conditioning units with intuitive controls.<br/>The rooftop deck offers stunning views of Lake Union, Gasworks Park, and Wallingford, where we enjoyed the 4th of July fireworks. Hosts Jocelyn and Jeffery were exceptional—responsive to questions, proactive in offering supplies, and even thoughtful enough to consider toys for our child. Our stay was highly enjoyable, and we wholeheartedly recommend this propert",seattle_reviews.csv,2026-04-13T02:03:58.118Z,Eastlake,entire home/apt,270
1401008423993732519,seattle,1511842635194914256,2025-09-16,59489633,Lori,Easy parking. Lovely place inside and out. He allowed me privacy but responded quickly to my questions. Super comfortable bed and towels! Very tastefully decorated. Lovely private patio,seattle_reviews.csv,2026-04-13T02:03:58.118Z,South Delridge,entire home/apt,77
1401131295439958313,chicago,1509587984102929477,2025-09-13,506863834,Ronald Erius,Nice place to stay.,chicago_reviews.csv,2026-04-13T02:03:58.118Z,Portage Park,entire home/apt,123
1401358674732436634,chicago,1504546978399545252,2025-09-06,717020408,Melanie,We had a little trouble locating the lock box for the key and the front door lock was broken. I called and was given directions to the back entrance so it worked out fine.  Apartment was very clean and worked great for the short time that we were in Chicago.,chicago_reviews.csv,2026-04-13T02:03:58.118Z,Rogers Park,entire home/apt,93
1401361976387458579,chicago,1502325898246391533,2025-09-03,570841377,Angel,We loved it! Thank you vin,chicago_reviews.csv,2026-04-13T02:03:58.118Z,Hyde Park,entire home/apt,91
1401607465309448250,chicago,1511757036637168178,2025-09-16,165919572,Zachary,Good,chicago_reviews.csv,2026-04-13T02:03:58.118Z,Hyde Park,entire home/apt,138
1402293335810630371,chicago,1481997195787582143,2025-08-06,694562721,Temirlan,Good for living and short term rent,chicago_reviews.csv,2026-04-13T02:03:58.118Z,West Garfield Park,private room,25
1402304675423265092,chicago,1479927976765059284,2025-08-03,41960423,Chris,A little pricey for the unit but it was Lollapalooza weekend so it makes sense,chicago_reviews.csv,2026-04-13T02:03:58.118Z,Lake View,entire home/apt,108
1403144065183162274,chicago,1513233380800170389,2025-09-18,238319967,Misael,"Excelente opción de alojamiento en Chicago con  una ubicación y barrio con muy buen ambiente en general y cercano a vida nocturna. Las instalaciones nada que decir impecables, lo único que simplificaría sería el acceso detallado a las instrucciones del check in, ya que el acceso puede pasar desapercibido, el resto, 10/10",chicago_reviews.csv,2026-04-13T02:03:58.118Z,Lake View,entire home/apt,121
1403405556192676515,chicago,1505273572463327115,2025-09-07,427099589,Matt,Geo's place was great for our stay.<br/>The location was very convenient and had plenty to do in the area. <br/>Just a half a block to the beach. We would recommend to stay here.,chicago_reviews.csv,2026-04-13T02:03:58.118Z,Rogers Park,entire home/apt,86
1413993174602306608,chicago,1503807114271648630,2025-09-05,383512166,Autiyana,"The photos weren't as accurate, although it was an ok stay there were some inconveniences. The central AC didn't work and there are AC units in the windows that let in bugs. There's dust and water damage. There wasn't much street parking but the space in the back was nice to have, although there were people parked in front of or in the spot sometimes. Someone banged on our back door for 5 minutes aggressively, we went downstairs to check who it was and they said maintenance as they were peeing behind the apartment, we addressed the host and she said she'd look into it but never got back to us, this felt like a serious security issue. The tables weren't stable and couches were stained. Overall the place has some good qualities and it is very walkable, it just needs improvements and to be taken care of better.",chicago_reviews.csv,2026-04-13T02:03:58.118Z,West Town,entire home/apt,73
1415897966965396806,austin,1485711435520204696,2025-08-11,44666214,Christian,"I had a lovely stay in this Airbnb in Austin by Ashley. It was easy to find, very clear instructions. Ashley greeted me with a refreshment and showed me where the room was located. The place is really nice. I would definitely stay there again and again.",austin_reviews.csv,2026-04-13T02:03:58.118Z,78704,private room,87
1416248650096435090,chicago,1500834410226030847,2025-09-01,302379958,Don,"Great stay, thank you!",chicago_reviews.csv,2026-04-13T02:03:58.118Z,Lake View,entire home/apt,359
1416433028411087979,seattle,1512577223790381223,2025-09-17,7028541,Quynh,"Ono’s cottage was super clean, well organized, has all essential supplies (even handy laundry detergent tablets). Bed was very comfortable and bathroom was spotless. <br/>Location is supper convenient and felt safe. <br/>Host had all the local recommendations for restaurants and cafe. Super helpful and responsive. Would definitely stay again.",seattle_reviews.csv,2026-04-13T02:03:58.118Z,West Woodland,entire home/apt,131
1419677619781848323,seattle,1508245622572518851,2025-09-11,116691006,James Toni,Had a great stay! Beautiful place very spacious and very comfortable. Great host - will stay again!,seattle_reviews.csv,2026-04-13T02:03:58.118Z,North Queen Anne,entire home/apt,215
1419941479392186548,seattle,1514031987069455983,2025-09-19,6862145,Dan,"Beautiful, clean house in a great neighborhood with tons of bars, cafés, restaurants, and other stuff to do.",seattle_reviews.csv,2026-04-13T02:03:58.118Z,Fremont,entire home/apt,179
1421131042701522300,seattle,1515396672208669066,2025-09-21,340055417,Jasmine,"A truly special stay!  <br/>The space may be small, but every corner is thoughtfully designed for comfort. We especially loved the double windows and skylights. At night, it felt like we were sleeping under the stars. The blackout curtains were a perfect touch, letting us sleep in without a hitch. The outdoor area was peaceful and relaxing, ideal for unwinding. As the second guests to stay in the unit, we experienced a few minor hiccups, but Andrew was incredibly prompt and communicative throughout. We would absolutely love to stay here again!",seattle_reviews.csv,2026-04-13T02:03:58.118Z,North Delridge,entire home/apt,115
1421370289168923550,twin_cities,1512436515860927139,2025-09-17,105881259,John,great host,twin_cities_reviews.csv,2026-04-13T02:03:58.118Z,Hennepin,entire home/apt,82
1422584124280396148,nashville,1507418726796702288,2025-09-10,246072659,Uri,My stay was amazing! The home was beautiful and close to downtown. The host was very helpful. I would definitely stay here on my next visit to Nashville,nashville_reviews.csv,2026-04-13T02:03:58.118Z,District 2,entire home/apt,119
1423262814997006353,seattle,1515477843208493355,2025-09-21,424308052,Joseph,Awesome spot to relax when not adventuring downtown. The Host is very helpful.,seattle_reviews.csv,2026-04-13T02:03:58.118Z,West Queen Anne,entire home/apt,102
1424949580175946018,twin_cities,1497207963701466212,2025-08-27,709679207,Lou,The place was clean and next to a beautiful view,twin_cities_reviews.csv,2026-04-13T02:03:58.118Z,Ramsey,entire home/apt,159
1426396476156681886,chicago,1508141120685614515,2025-09-11,120995320,Jace,Awesome host! Very responsive. Thank you!,chicago_reviews.csv,2026-04-13T02:03:58.118Z,Lake View,entire home/apt,285
1429683444432323073,chicago,1503789431478656308,2025-09-05,573325479,Juan,la verdad estoy muy encantado de hospedarme en ese lugar tan bonito y muy limpio  un lugar seguro y esta al alcance de todas las diversiones del lugar estoy encantadicimo y siempre están pendiente  de cualquier pregunta,chicago_reviews.csv,2026-04-13T02:03:58.118Z,Near South Side,entire home/apt,182
1429792947015178317,chicago,1508822492287107745,2025-09-12,546710387,David,Great place to stay with a great host,chicago_reviews.csv,2026-04-13T02:03:58.118Z,Near South Side,entire home/apt,222
1433510363260068070,chicago,1512455354832972893,2025-09-17,714170127,Courtney,"The place is beautiful, great location walking distance to downtown, and beautiful view from the balcony. They had all the amenities we forgot to pack and it was a fully stocked kitchen so we were able to cook there. Washer dryer unit was a bonus too. Overall a dream of a stay, couldn't have asked for a better place or better host. 10/10.",chicago_reviews.csv,2026-04-13T02:03:58.118Z,Grand Boulevard,entire home/apt,154
1435064305846460904,twin_cities,1510313977763903846,2025-09-14,269885048,Nancy,"There for the local fall festival. Brand new, contemporary and smartly decorated basement apartment! Quiet neighborhood, private, lovely home. Everything was perfection. I would suggest putting in outside lighting behind the house on sidewalk, dark at night. Thanks for a very nice stay!",twin_cities_reviews.csv,2026-04-13T02:03:58.118Z,Wright,entire home/apt,81
1436390764910307884,chicago,1513225138614387991,2025-09-18,702140961,Isabella,I really liked the stay. It was nice to know that I went back to a comfortable Airbnb after a fun eventful Chicago day. It was clean and the instructions were clear 10 out of 10.,chicago_reviews.csv,2026-04-13T02:03:58.118Z,Lower West Side,private room,36
1436916503142644233,austin,1490734218707299752,2025-08-18,398331778,Patrick,This is a great place with access to amenities I don’t often get to have when staying at other places. Jassy is very nice and she gave me thorough instructions on how to check in and I found my accommodation to be worth it. The room and bathroom were very clean and located right next to each other. I can definitely say that I would recommend Jassy’s place for other fellow travelers!,austin_reviews.csv,2026-04-13T02:03:58.118Z,78744,private room,69
1437899199339563868,seattle,1495889712841179170,2025-08-25,136840135,Harout,Fantastic modern townhome in my favorite part of Seattle. Easy drive to downtown and central Queen Anne. Highly recommended!,seattle_reviews.csv,2026-04-13T02:03:58.118Z,East Queen Anne,entire home/apt,250
1439238205189338833,nashville,1505233513335415271,2025-09-07,396762393,Taylar,"Very under stocked / bare house. <br/>No seasonings for cooking <br/>Minimal cleaning supplies <br/>Total of 3 towels<br/>No washing detergent <br/>No entertainment in the house (games, movies etc.) <br/>Pretty inconsiderate <br/>Wanted me to pay $175 for a VERY small spot on carpet.",nashville_reviews.csv,2026-04-13T02:03:58.118Z,District 21,entire home/apt,270
1440618230326061243,nashville,1513177351864881282,2025-09-18,351043294,Julie,Great apartment for our Nashville stay!   Loved the decor - Dolly Parton theme. Comfy king bed. Quiet neighborhood with easy access to downtown.  Free on-site parking (best for smaller cars) in a quiet neighborhood.,nashville_reviews.csv,2026-04-13T02:03:58.118Z,District 19,entire home/apt,105
1441383654081278817,twin_cities,1514606871390981014,2025-09-20,706328757,Ethan,Wonderful place to stay! James was very communicative and had a clean home. The record collection was incredible too.,twin_cities_reviews.csv,2026-04-13T02:03:58.118Z,Hennepin,entire home/apt,140
1443721073492492284,twin_cities,1515416443025021989,2025-09-21,184900613,Jeff,A very charming location. I wish we had more time in town so that we could’ve tried all of the local recommendations for activities and dining that the host left. 😊,twin_cities_reviews.csv,2026-04-13T02:03:58.118Z,Ramsey,entire home/apt,91
1444180532335236954,twin_cities,1500150233388263445,2025-08-31,63962865,Shannon,My husband and I stayed here with my parents for a week while visiting friends & family in Minneapolis and we would 100% come back again! The place is fully stocked with anything you need and it’s legitimately the cleanest airbnb/hotel I’ve ever stayed in. Nick was super responsive and helpful with any questions & made sure we had a great stay. Would definitely recommend!,twin_cities_reviews.csv,2026-04-13T02:03:58.118Z,Hennepin,entire home/apt,103
1445894095542401053,nashville,1498752086828846190,2025-08-29,22890256,Laura Grace,Really enjoyed the location. Quiet but able to walk to great restaurants and bars. The home is beautiful and spacious!,nashville_reviews.csv,2026-04-13T02:03:58.118Z,District 19,entire home/apt,287
1450201973281913798,nashville,1515441764344986615,2025-09-21,179074064,Oscar,"A very well located place, especially because I was able to go running to Shelby Bottoms (7 min) and it is close to everything",nashville_reviews.csv,2026-04-13T02:03:58.118Z,District 6,entire home/apt,169
1451632553884396128,chicago,1500896660551515108,2025-09-01,412824351,Shae,Great place to stay such a great location just a short walk from anywhere in the city,chicago_reviews.csv,2026-04-13T02:03:58.118Z,Near North Side,entire home/apt,159
1456630106584525852,chicago,1509613042431921038,2025-09-13,74444232,Miranda,"This space was exactly what we needed! It felt safe and welcoming. The neighborhood was quiet and filled with gorgeous trees, the walk to transportation was lovely. The back garden was super cute and Gayle was very responsive and even let us check in early! Highly recommend!",chicago_reviews.csv,2026-04-13T02:03:58.118Z,Irving Park,entire home/apt,134
1456755840054515564,austin,1495835858655631897,2025-08-25,131788446,DAun,amazing time,austin_reviews.csv,2026-04-13T02:03:58.118Z,78701,entire home/apt,148
1456915795477457401,seattle,1516869042793574186,2025-09-23,674633283,Ava,"I had such a wonderful stay here! Great, responsive host who answered my questions and communicated clearly. Great price since you get the entire house, and it is beautifully decorated and clean. My entire party loved staying here, and next time we are in the are,a we will stay here again!",seattle_reviews.csv,2026-04-13T02:03:58.118Z,Mid-Beacon Hill,entire home/apt,207
1457376498605015052,nashville,1490044230463125210,2025-08-17,172054652,Jonathan,Really cool stay and loved that you were always granted access to the primary house! There was a communication issue and they resolved it and went above and beyond. Would be back!,nashville_reviews.csv,2026-04-13T02:03:58.118Z,District 15,private room,191
1457547211787797549,chicago,1498703781878140976,2025-08-29,287245266,Dominique,Fast easy check in,chicago_reviews.csv,2026-04-13T02:03:58.118Z,Logan Square,private room,35
1462335794733737486,nashville,1471898986170027263,2025-07-23,507894800,John,Jeff was extremely responsive and helpful. The place was as advertised. Super close to everything we wanted to do downtown. Would recommend!,nashville_reviews.csv,2026-04-13T02:03:58.118Z,District 5,entire home/apt,238
1466262923206266439,nashville,1516127815141122157,2025-09-22,263731900,Frank,Raenessa's place was ideally located close to everything while being just far enough from the noise. Most attractions are no more than a 10-20 walk. The condo itself was clean and roomy. The beds were comfy and the bathroom was spotless. I would not hesitate to stay at Raenessa's place again and will on my next trip to Nashville.,nashville_reviews.csv,2026-04-13T02:03:58.118Z,District 19,entire home/apt,114
1467399676164553242,seattle,1492246622162743124,2025-08-20,333296306,Chris,Brad was a very response host and always helpful when I had questions. Check-in and check-out were both very easy and the stay was pleasant. We rented the basement of the house and had access to the yard which had a grill and hot tub which we loved very much. Would stay again!,seattle_reviews.csv,2026-04-13T02:03:58.118Z,Wallingford,entire home/apt,112
1470430181366528854,austin,1500835625213554375,2025-09-01,201586352,Andrew,"I had a great experience staying at this Airbnb. As a former hotel manager, I’m typically more partial to hotels, but this was essentially a hotel that is a condo. 24 hour Front Desk service, a bar and restaurant (although I would use the term restaurant very loosely) a snack shop as well. All the conveniences that you typically get at a hotel. The room was nice, very well laid out. Great for one or two people. Price was steep, but I’m sure that’s more so because it was Labor Day weekend. Overall great experience!",austin_reviews.csv,2026-04-13T02:03:58.118Z,78701,entire home/apt,122
1471132695568087818,austin,1494395618183646672,2025-08-23,345689421,José Luis,A great experience 🤌🏼,austin_reviews.csv,2026-04-13T02:03:58.118Z,78744,private room,53
1472699362062313688,austin,1500911694899436318,2025-09-01,199109755,Chris,"the locks malfunctioned. Ugly location. At least was a place to stay, I guess 🤷‍♂️",austin_reviews.csv,2026-04-13T02:03:58.118Z,78753,entire home/apt,57
1474248234749359518,seattle,1513956735943236073,2025-09-19,426408859,Joshua,Great value and very comfortable,seattle_reviews.csv,2026-04-13T02:03:58.118Z,Brighton,private room,74
1475340162544315151,twin_cities,1505192491011938132,2025-09-07,172074087,Lailla,"Dave’s place worked well for my husband and I. Very clean. <br/>I especially enjoyed learning the history of the local area from the information he provided. This is a small 100 year old restored 1 bed, 1 bath home, likely a former summer home away from the city.  Dave has provided information and displays stereographs from the era as well as collectibles. <br/>Although, it will technically sleep 4 adults, I wouldn’t recommend it. A couple, or perhaps a couple with a baby, or maybe well behaved young teens who would sleep on the living room futon would be appropriate. I don’t think it would be suitable for toddlers or young children because it does contain some fragile memorabilia and it would be pretty tight for 4 adults, with 2 on the living room futon. <br/>It is only about a block to the light rail station. Super quick to the airport and Central Minneapolis, even St Paul. <br/>Pay attention to the listing - no dishwasher if that’s important. <br/>Laundry cycle can take a long time.",twin_cities_reviews.csv,2026-04-13T02:03:58.118Z,Hennepin,entire home/apt,99
1475420270457152666,twin_cities,1498017099989675366,2025-08-28,19342472,Amanda,"I stayed for nearly four weeks in this newly renovated home in one of my favorite minneapolis locations. The space was perfect for a longer term stay and I felt right at home. Abhi and Shubhi are excellent, experienced hosts and were very responsive. I believe I was one of the first (if not the first) Airbnb guest in this unit, so there were some kinks to work out, but they were very helpful and kind and very quick to respond.",twin_cities_reviews.csv,2026-04-13T02:03:58.118Z,Hennepin,entire home/apt,66
1480248901033213918,twin_cities,1500832978562283700,2025-09-01,163934820,Tiana,Valerie went above and beyond to be sure we were comfortable. The home was really unique and decorated well. This place is huge and perfect for groups of different sizes. I’d definitely book again!,twin_cities_reviews.csv,2026-04-13T02:03:58.118Z,Hennepin,private room,190
1480829641110875296,twin_cities,1505221394072889969,2025-09-07,435227504,Tyler,"Excellent place to stay when visiting the area. Very private, beautiful location. Very relaxing place to stay and lots to do in both Hudson and Stillwater. A few complications with initial booking but communication was excellent before and during our stay. Uber is a bit tricky during the afternoon if looking to go to Hudson or Stillwater, but at night we didn't have any problems. very quite apart from a train passing very close by just a couple times. I was worried about the temperature because it was 60s during the day and 30s overnight but it was so comfortable the whole time. Will definitely be returning. <br/>Thanks!",twin_cities_reviews.csv,2026-04-13T02:03:58.118Z,Washington,entire home/apt,317
1481437836015458242,austin,1505205089237744255,2025-09-07,552576390,Cameron,Place felt right at home! And Shan communicated very well and kept me updated!,austin_reviews.csv,2026-04-13T02:03:58.118Z,78728,entire home/apt,119
1482618617378444081,seattle,1503102369355912978,2025-09-04,136636293,Amal,"10/10. The best Airbnb I’ve ever stayed in. Home is beautiful and the neighborhood is so lovely and safe. Lots of cute cafes and restaurants, walking trails and parks and close to the beach. Would love to return in the future. Don’t hesitate to book here",seattle_reviews.csv,2026-04-13T02:03:58.118Z,Madison Park,entire home/apt,307
1482766598374682618,seattle,1511860381550927670,2025-09-16,282169977,Yolanda,"We had a great stay at this West Seattle suite. It was clean, comfortable, and felt really welcoming right from the start. The bathroom felt luxurious and looked newly renovated. We loved the rainfall shower. The location was quiet but still close to everything, with a great coffee and breakfast/lunch spot Birdhouse just around the corner, and easy access to downtown and the Mariners game. We loved walking in the neighborhood and we took a few walks down to Lincoln Park which was close by and right on the water. My husband worked remotely during our stay and the Wi-Fi was fast and reliable. The hosts were nice, quick to respond, and really accommodating. The suite had everything we needed, comfy beds to a handy kitchenette and laundry. We’d definitely stay here again!",seattle_reviews.csv,2026-04-13T02:03:58.118Z,Fauntleroy,entire home/apt,105
1488592710926000066,nashville,1515426207084176919,2025-09-21,209756621,Candace,"Genevie was super great and helpful with local recommendations! The place was so great- decorated adorably for a girls trip, comfy beds and great amenities! Such a short walk to all things downtown so that helped with not needing to Uber everywhere and still only 10 minutes from the airport. We will definitely be going back here if we ever come back to Nashville! Thank you!!",nashville_reviews.csv,2026-04-13T02:03:58.118Z,District 19,entire home/apt,121
1494918200733832482,seattle,1504575673023972895,2025-09-06,707835249,ArtTyeso,"I must say I've stayed at three of Julia's properties and this one so far has been the BEST 💯🏠👑 THE HOUSE WAS BEAUTIFUL , the bathrooms and kitchen were spotless thank you very much , I will say at night time it was a bit cold to me but Julia accommodated me and sent me a heater free of charge 😉 thanks Julia, this location is also right next to a bus stop so you're literally a 5-6 minute bus ride away from grocery stores and a bunch of places to eat.",seattle_reviews.csv,2026-04-13T02:03:58.118Z,West Queen Anne,private room,51
1501079629275660330,austin,1503829177082763045,2025-09-05,68953919,Endre,I booked last minute for a family trip and this Airbnb was perfect for us. Great location. Quiet neighborhood with easy access to the highway. My family loved the outdoor activities in the backyard. We will definitely stay here again!,austin_reviews.csv,2026-04-13T02:03:58.118Z,78753,entire home/apt,197
