listing_id,city,neighborhood,room_type,price,median_neighborhood_price,price_gap_pct,occupancy_rate,occupancy_rank_percentile,amenity_score,review_rank_percentile,competitive_score,peak_month,peak_occupancy_rate
1090135138140865658,austin,78735,entire home/apt,70,83,-15.66,0.8222,82.91,87.32,49.89,70.58,6,0.6638
899242050573007932,austin,78702,entire home/apt,106,140,-24.29,0.1778,23.59,47.42,51.2,51.66,8,0.4783
1456755840054515564,austin,78701,entire home/apt,148,197,-24.87,0.9556,96.22,45.92,54.26,66.75,8,0.3655
1502381309599420857,austin,78701,entire home/apt,200,197,1.52,0.4111,53.91,54.08,0,38.85,8,0.3655
46864527,austin,78702,entire home/apt,227,140,62.14,0.4222,50.61,38.14,29.05,26.92,8,0.4783
1457103319671155641,austin,78734,entire home/apt,119,182,-34.62,0.5667,65.73,17.35,0,42.87,8,0.3991
1284752073079585374,austin,78701,entire home/apt,283,197,43.65,0.8222,87.04,34.69,0,27.99,8,0.3655
38802306,austin,78744,private room,33,46,-28.26,0.2333,27.54,45.88,96.04,64.47,8,0.5379
50623833,austin,78702,entire home/apt,120,140,-14.29,0.7333,77.72,61.86,76.19,69.34,8,0.4783
793611557583559548,austin,78702,entire home/apt,69,140,-50.71,0.8222,84.95,20.62,68.86,69.36,8,0.4783
1379003684919887184,austin,78703,entire home/apt,63,145,-56.55,0.4778,56.49,68.48,51.41,71.27,8,0.389
78884,austin,78704,entire home/apt,103,134,-23.13,0.5556,62.47,39.05,89.81,66.65,8,0.4357
1441379754452847486,austin,78701,private room,261,179,45.81,0.6,70.59,41.84,0,25.84,8,0.3655
977770318014945154,austin,78704,entire home/apt,76,134,-43.28,0.5667,63.46,22.86,0,46.39,8,0.4357
22805603,austin,78704,entire home/apt,115,134,-14.18,0.9556,95.72,23.81,83.8,65.3,8,0.4357
761583668741389597,austin,78725,entire home/apt,152,144,5.56,0.2111,25.17,76.83,77.83,57.03,8,0.5903
1284752073079585374,austin,78701,entire home/apt,283,197,43.65,0.7111,79.18,34.69,0,26.41,8,0.3655
858637867168746631,austin,78757,entire home/apt,124,115,7.83,0.0222,3.05,64.52,89.46,51.76,8,0.4019
1291296664921974255,austin,78752,entire home/apt,140,99,41.41,0.6444,68.17,63.1,58.97,46.73,8,0.5248
461404,austin,78756,entire home/apt,112,112,0,0.6111,68.73,68.92,74.39,64.57,8,0.3765
1284017961958369153,austin,78701,private room,110,179,-38.55,0,0,32.65,0,34.73,8,0.3655
1294969521362782302,austin,78759,entire home/apt,241,110,119.09,0.6889,74.38,48.91,64.31,43.18,12,0.4153
830695233106768907,austin,78741,entire home/apt,82,105,-21.9,0.7111,75.64,51.61,78.06,69.12,8,0.4397
1077014282388377788,austin,78703,entire home/apt,348,145,140,0.4111,50.11,48.91,28.97,29.49,8,0.389
1171167020923872137,austin,78704,entire home/apt,93,134,-30.6,0.3222,40.03,43.81,8.93,45.37,8,0.4357
343889,austin,78702,entire home/apt,52,140,-62.86,0.8222,84.95,34.02,44.55,66.63,8,0.4783
671542965331525254,austin,78704,entire home/apt,394,134,194.03,0.3778,45.79,46.67,50.26,33.39,8,0.4357
20801999,austin,78701,entire home/apt,134,197,-31.98,0.1111,17.35,53.06,98.64,65.99,8,0.3655
1266803324436983919,austin,78734,entire home/apt,255,182,40.11,0.0222,3.12,54.08,36.4,26.21,8,0.3991
638904542538427260,austin,78702,entire home/apt,106,140,-24.29,0.6889,74.06,46.39,73.23,67,8,0.4783
17566215,austin,78757,private room,106,50,112,0.5444,60.87,42.65,21.37,28.18,8,0.4019
42195743,austin,78744,entire home/apt,149,127,17.32,0.6444,68.05,32.14,52.71,44.63,8,0.5379
1508036137124206290,austin,78744,entire home/apt,225,127,77.17,0.0667,8.24,55.95,0,15.64,8,0.5379
1131395862436054889,austin,78703,entire home/apt,95,145,-34.48,0.8222,85.82,54.35,39.94,66.08,8,0.389
50358838,austin,78704,entire home/apt,238,134,77.61,0.0556,7.41,40,86.3,33.06,8,0.4357
839825958820293878,austin,78741,private room,42,46,-8.7,0.1556,21.5,53.57,85.82,56.76,8,0.4397
1436916503142644233,austin,78744,private room,69,46,50,0.8556,86.77,63.53,12.33,36.32,8,0.5379
1069591313246074302,austin,78734,entire home/apt,220,182,20.88,0.4889,58.58,59.18,12.94,38.48,8,0.3991
983063795887170320,austin,78704,entire home/apt,127,134,-5.22,0.9111,92.24,61.9,64.77,66.68,8,0.4357
971320758133542972,austin,78745,private room,77,58,32.76,0.4444,50.95,40,29.76,32.8,8,0.4658
46857102,austin,78758,entire home/apt,83,116,-28.45,0.3333,41.5,22.12,87.29,59.19,8,0.409
42390679,austin,78722,entire home/apt,73,131,-44.27,0.5444,59.55,38.96,93.05,73.2,8,0.5462
1498989334515668831,austin,78724,entire home/apt,281,135,108.15,0.7111,74.31,75.79,0,33.81,8,0.4319
1368458440880954913,austin,78741,entire home/apt,133,105,26.67,0.0222,3.13,40.86,49.43,30.2,8,0.4397
557229487619453099,austin,78702,entire home/apt,115,140,-17.86,0.0222,2.8,32.99,21.43,34.52,8,0.4783
716067339330031421,austin,78751,entire home/apt,203,96,111.46,0.7111,76.3,85.92,67.02,53.49,12,0.3428
1505881081202027585,austin,78701,private room,390,179,117.88,0.7778,83.93,38.78,0,26.48,8,0.3655
13185632,austin,78704,entire home/apt,140,134,4.48,0.8778,89.59,56.19,84.03,66.63,8,0.4357
1313093768862268280,austin,78757,entire home/apt,165,115,43.48,0.5333,59.88,52.69,0,27.1,8,0.4019
1305859865915531793,austin,78704,entire home/apt,281,134,109.7,0.4,48,38.1,29.02,26.38,8,0.4357
938674227827593746,austin,78701,entire home/apt,126,197,-36.04,0.6333,73.22,59.18,56.72,69.43,8,0.3655
1364551576447915079,austin,78702,entire home/apt,114,140,-18.57,0.3222,40.43,53.61,33.16,50.35,8,0.4783
1391527201443898210,austin,78745,entire home/apt,125,129,-3.1,0.2111,26.42,48.04,40.24,43.28,8,0.4658
797096274810305865,austin,78701,entire home/apt,141,197,-28.43,0.0778,12.26,34.69,39.4,44.5,8,0.3655
17046910,austin,78751,entire home/apt,201,96,109.38,0.6222,68.91,71.83,40.86,41.95,12,0.3428
1401481341113764941,austin,78701,private room,155,179,-13.41,0.1889,28.42,40.82,0,34.91,8,0.3655
1437046424077955746,austin,78701,entire home/apt,300,197,52.28,0.5,62.41,48.98,0,24.73,8,0.3655
47156486,austin,78721,entire home/apt,68,129,-47.29,0.1,14.67,63.04,93.17,71.17,8,0.4176
1270272959428996631,austin,78702,entire home/apt,136,140,-2.86,0.7222,76.81,46.39,58.09,57.34,8,0.4783
973861068087887577,austin,78723,entire home/apt,266,122,118.03,0.1111,14.23,20.24,49.78,20.35,8,0.4976
1168162090256852555,austin,78734,entire home/apt,107,182,-41.21,0.0778,11.24,22.45,6.6,36.87,8,0.3991
582334231671073870,austin,78757,entire home/apt,143,115,24.35,0.1778,23.53,64.52,93.87,52,8,0.4019
1437046424077955746,austin,78701,entire home/apt,300,197,52.28,0.8556,89.35,48.98,0,30.12,8,0.3655
842664200760564648,austin,78727,entire home/apt,80,111,-27.93,0.1333,17.32,47.27,89.42,61.02,8,0.4455
1050701125488034485,austin,78704,entire home/apt,152,134,13.43,0.2667,33.96,52.38,38.53,40.49,8,0.4357
27506626,austin,78723,entire home/apt,130,122,6.56,0.8111,83.87,77.38,60.1,64.18,8,0.4976
5476443,austin,78703,private room,81,65,24.62,0.8889,90.94,65.63,97.33,66.54,8,0.389
1265330668245083335,austin,78725,entire home/apt,153,144,6.25,0.7667,78.51,50,3.09,42.1,8,0.5903
764381859667559489,austin,78750,entire home/apt,249,109,128.44,0.5222,60.09,66.67,60.44,43.79,8,0.3336
844957090802617383,austin,78703,entire home/apt,193,145,33.1,0.0111,1.41,68.48,0,22.47,8,0.389
23394896,austin,78704,entire home/apt,258,134,92.54,0.6778,73.11,67.62,58.41,46.13,8,0.4357
1343104477373783111,austin,78758,entire home/apt,114,116,-1.72,0.3,37.99,45.19,0,34.41,8,0.409
583823273939691037,austin,78701,entire home/apt,108,197,-45.18,0.3222,44.58,69.39,94.19,78.36,8,0.3655
22451703,austin,78747,private room,28,43,-34.88,0.1889,24.2,57.97,76.65,63.96,8,0.3956
910361024189460104,austin,78702,entire home/apt,92,140,-34.29,0.8556,87.63,45.36,69.81,71.6,8,0.4783
1363993249710016814,austin,78702,private room,45,63,-28.57,0.1889,24.99,32.29,18.93,41.38,8,0.4783
1077690274054941802,austin,78724,private room,59,49,20.41,0.5,55.33,88.14,20.01,46.98,8,0.4319
1088687068286826708,austin,78722,entire home/apt,317,131,141.98,0.3222,36.84,88.31,21.97,34.94,8,0.5462
988980531391366348,austin,78701,entire home/apt,301,197,52.79,0.3,42.1,63.27,0,24.24,8,0.3655
1219558524003202334,austin,78701,entire home/apt,195,197,-1.02,0.0111,1.48,47.96,66.38,44.19,8,0.3655
602141272234849893,austin,78745,entire home/apt,108,129,-16.28,0.2222,27.69,47.06,47.55,49.07,8,0.4658
964810506500269958,austin,78704,entire home/apt,92,134,-31.34,0.4889,56.44,59.05,56.87,64.67,8,0.4357
1471888500670118095,austin,78758,private room,66,41,60.98,0.9889,98.25,22.73,0,25.33,8,0.409
1231579424621902591,austin,78701,entire home/apt,209,197,6.09,0.1556,23.88,9.18,0,20.24,8,0.3655
794001257218479744,austin,78737,entire home/apt,133,158,-15.82,0.7667,81.95,37.18,15.78,49.38,8,0.3223
825940,austin,78704,private room,60,90,-33.33,0.4556,53.33,74.24,65.81,70.68,8,0.4357
1481437836015458242,austin,78728,entire home/apt,119,127,-6.3,0.2444,31.4,45.98,20,39.66,8,0.4321
50508306,austin,78731,entire home/apt,101,140,-27.86,0.9778,97.56,38.96,14.24,56.17,8,0.3741
1313075251274059280,austin,78721,entire home/apt,212,129,64.34,0.0444,6.51,70.65,62.69,34.64,8,0.4176
1429988135584382543,austin,78705,entire home/apt,95,95,0,0.1333,18.17,73.08,0,36.9,8,0.3824
39085203,austin,78744,private room,76,46,65.22,0.3,34.72,54.12,35.51,29.35,8,0.5379
949305294902606277,austin,78741,entire home/apt,99,105,-5.71,0.0889,12.67,33.33,31.65,35.5,8,0.4397
1502211165337238489,austin,78741,entire home/apt,230,105,119.05,0.3444,42.95,55.91,0,22.57,8,0.4397
53545941,austin,78748,entire home/apt,139,139,0,0.8111,84.09,66.67,71.4,66.34,8,0.4265
51035891,austin,78704,entire home/apt,369,134,175.37,0.0556,7.41,57.14,44.01,26.77,8,0.4357
1470430181366528854,austin,78701,entire home/apt,122,197,-38.07,0.2222,32.71,42.86,28.99,50.93,8,0.3655
700110942578114381,austin,78727,entire home/apt,252,111,127.03,0.6556,69.69,60,6.09,30.46,8,0.4455
554518946592049995,austin,78702,entire home/apt,224,140,60,0.0556,7.42,64.95,72.45,35.83,8,0.4783
786194636674358868,austin,78754,entire home/apt,225,158,42.41,0.6,65.31,72.09,87.44,55.22,8,0.4357
1100186402230646863,austin,78746,entire home/apt,185,223,-17.04,0.0556,7.17,55.68,36.86,44.68,8,0.5027
1031604486004704917,austin,78748,entire home/apt,82,139,-41.01,0.6556,71.03,46.91,40.52,63.37,8,0.4265
1331544240553650845,austin,78702,entire home/apt,260,140,85.71,0.2667,34.28,64.95,23.74,29.03,8,0.4783
581311848630035943,austin,78753,entire home/apt,75,97,-22.68,0.8,83.39,50,17.44,55.34,8,0.4162
4425082,austin,78753,entire home/apt,150,97,54.64,0.5667,63.93,32.61,0,20.94,8,0.4162
17907547,austin,78704,entire home/apt,73,134,-45.52,0.9333,93.98,20.95,92.38,75.79,8,0.4357
1029875346059959190,austin,78745,entire home/apt,107,129,-17.05,0.6222,67.17,47.06,56.41,59.42,8,0.4658
797159986818826882,austin,78701,entire home/apt,141,197,-28.43,0.8556,89.35,29.59,39.4,58.65,8,0.3655
1280541086670721643,austin,78752,entire home/apt,92,99,-7.07,0.0111,1.18,21.43,71.67,40.63,8,0.5248
1472699362062313688,austin,78753,entire home/apt,57,97,-41.24,0.3889,47.97,18.48,8.51,43.71,8,0.4162
5476443,austin,78703,private room,81,65,24.62,0.8444,87.55,65.63,97.33,65.87,8,0.389
31825683,austin,78745,entire home/apt,166,129,28.68,0.7556,78.7,39.22,55.49,45.81,8,0.4658
14068188,austin,78723,private room,65,56,16.07,0.2444,30.3,30.99,44.34,35.07,8,0.4976
54054710,austin,78737,entire home/apt,90,158,-43.04,0.6556,73.68,76.92,75.54,80.76,8,0.3223
659340735689050722,austin,78758,entire home/apt,99,116,-14.66,0.5889,65.27,53.85,67.17,62.7,8,0.409
908295575738488572,austin,78744,private room,41,46,-10.87,0.4,44.95,14.12,0,30.78,8,0.5379
604990436506907334,austin,78727,entire home/apt,144,111,29.73,0.1556,19.96,73.64,82.68,49.15,8,0.4455
830212417586995595,austin,78751,entire home/apt,129,96,34.38,0.4333,52.19,77.46,54,47.99,12,0.3428
1389486742405462908,austin,78758,entire home/apt,89,116,-23.28,0.4111,49.15,47.12,27.18,50.39,8,0.409
582334231671073870,austin,78757,entire home/apt,143,115,24.35,0.1333,17.91,64.52,93.87,50.87,8,0.4019
42820658,austin,78723,private room,62,56,10.71,0.9222,92.94,46.48,75.21,60.8,8,0.4976
1247150629847030191,austin,78757,entire home/apt,138,115,20,0.7778,81.05,63.44,16.5,45.19,8,0.4019
29662560,austin,78704,entire home/apt,232,134,73.13,0.6444,70.24,48.57,65.44,42.55,8,0.4357
1415897966965396806,austin,78704,private room,87,90,-3.33,0.7,75,92.42,26.95,60.84,8,0.4357
40561326,austin,78703,entire home/apt,295,145,103.45,0.2,27.51,52.17,63.64,34.45,8,0.389
12889332,austin,78751,private room,36,41,-12.2,0.7,75.39,48.21,33.42,54.14,12,0.3428
640482071159479792,austin,78721,entire home/apt,78,129,-39.53,0.2333,32.39,56.52,93.52,70.85,8,0.4176
1206516925969649560,austin,78702,entire home/apt,94,140,-32.86,0.7333,77.72,43.3,18.93,55.96,8,0.4783
23629432,austin,78744,private room,67,46,45.65,0.8556,86.77,71.76,44.33,47.68,8,0.5379
1278215447511408499,austin,78758,entire home/apt,140,116,20.69,0.1222,17.12,50.96,67.17,41.75,8,0.409
50843302,austin,78741,private room,62,46,34.78,0.2778,35.81,33.33,60.35,35.15,8,0.4397
39110341,austin,78702,entire home/apt,109,140,-22.14,0.1889,24.99,42.27,94.01,60.71,8,0.4783
565860587974125858,austin,78744,private room,80,46,73.91,0.1889,22.62,9.41,12.33,9.96,8,0.5379
29335099,austin,78704,entire home/apt,90,134,-32.84,0.4444,52.29,22.86,29.02,48.28,8,0.4357
1112386758674521223,austin,78757,entire home/apt,216,115,87.83,0.6778,72.54,18.28,34.55,27.71,8,0.4019
1257346256376683274,austin,78704,entire home/apt,120,134,-10.45,0.4333,51.23,44.76,22.31,45.15,8,0.4357
1501940311228411201,austin,78704,entire home/apt,169,134,26.12,0.1,13.4,15.24,0,13.65,8,0.4357
1340544865647686352,austin,78752,entire home/apt,53,99,-46.46,0.5667,61.28,47.62,40.7,63.28,8,0.5248
33664380,austin,78702,entire home/apt,176,140,25.71,0.2111,27.73,63.92,64.44,44.92,8,0.4783
812430634530133743,austin,78701,entire home/apt,156,197,-20.81,0.5444,66.12,28.57,48.12,53.64,8,0.3655
1313412271576139184,austin,78735,entire home/apt,164,83,97.59,0.1556,17.6,94.37,6.18,28.66,6,0.6638
24210520,austin,78701,entire home/apt,135,197,-31.47,0.7556,82.36,29.59,61.61,63.72,8,0.3655
45610693,austin,78702,private room,58,63,-7.94,0.8444,86.74,42.71,90.61,68.06,8,0.4783
1242010654074436372,austin,78704,entire home/apt,251,134,87.31,0.5444,61.48,50.48,51.98,37.91,8,0.4357
1497255769608830238,austin,78744,entire home/apt,228,127,79.53,0,0,75,0,18.75,8,0.5379
8826075,austin,78757,entire home/apt,69,115,-40,0.0667,9.18,45.16,64.57,56.27,8,0.4019
949922,austin,78723,entire home/apt,65,122,-46.72,0.3333,40.08,39.29,99.77,71.8,8,0.4976
5660373,austin,78746,entire home/apt,150,223,-32.74,0.9556,95.63,77.27,30.48,70.88,8,0.5027
18227140,austin,78741,entire home/apt,343,105,226.67,0.1222,17.18,74.19,96.08,46,8,0.4397
939038443930135032,austin,78702,entire home/apt,277,140,97.86,0.9,91.19,45.36,6.74,31.26,8,0.4783
989219952699911052,austin,78729,private room,30,50,-40,0.4667,53.46,18.31,6.93,44,8,0.3708
37533302,austin,78702,private room,155,63,146.03,0.9889,98.25,35.42,21.87,33.97,8,0.4783
552079972521813409,austin,78748,private room,60,49,22.45,0.7556,79.47,67.19,98.05,65.47,8,0.4265
1211846038770171832,austin,78745,entire home/apt,90,129,-30.23,0.7444,77.76,46.08,15.28,54.96,8,0.4658
730196221845706622,austin,78724,entire home/apt,262,135,94.07,0.9111,91.59,69.47,79.79,55.63,8,0.4319
15916842,austin,78702,entire home/apt,198,140,41.43,0.4444,52.74,75.26,51.95,44.92,8,0.4783
1350202757885977978,austin,78752,entire home/apt,179,99,80.81,0.7111,74.05,60.71,17.2,34.29,8,0.5248
29035011,austin,78753,entire home/apt,52,97,-46.39,0.7333,77.96,53.26,64.75,74.01,8,0.4162
3432834,austin,78702,entire home/apt,81,140,-42.14,0.4444,52.74,61.86,89.02,75.91,8,0.4783
765919869232513113,austin,78703,entire home/apt,282,145,94.48,0.2,27.51,67.39,0,22.35,8,0.389
696576290163722477,austin,78705,entire home/apt,82,95,-13.68,0,0,51.28,87.4,53.78,8,0.3824
1084387841564229775,austin,78704,entire home/apt,273,134,103.73,0.4778,55.41,59.05,40.49,35.97,8,0.4357
1507263941655758255,austin,78702,entire home/apt,78,140,-44.29,0.4444,52.74,35.05,0,47.6,8,0.4783
971232060396361110,austin,78723,private room,90,56,60.71,0.6222,67.86,56.34,44.34,38.74,8,0.4976
14220861,austin,78744,private room,47,46,2.17,0.3778,42.72,41.18,54.66,46.85,8,0.5379
1489904741288991493,austin,78748,entire home/apt,179,139,28.78,0.3,37.28,14.81,0,17.53,8,0.4265
36560124,austin,78701,private room,341,179,90.5,0.2667,38.22,44.9,61.61,34.27,8,0.3655
1104342174169050925,austin,78745,entire home/apt,75,129,-41.86,0.8889,89.95,43.14,43.53,67.22,8,0.4658
1178443215831685369,austin,78719,entire home/apt,59,64,-7.81,0.6333,62.86,55.36,14.7,47.43,8,0.7153
1172906802992412462,austin,78727,entire home/apt,112,111,0.9,0.9667,96.33,42.73,6.09,46.2,8,0.4455
800664462385506301,austin,78701,entire home/apt,143,197,-27.41,0.0333,5.13,29.59,61.61,47.05,8,0.3655
1471132695568087818,austin,78744,private room,53,46,15.22,0.2333,27.54,45.88,16.37,31.51,8,0.5379
807163355662802523,austin,78737,entire home/apt,100,158,-36.71,0.6,69.4,60.26,65.44,71.32,8,0.3223
511624634102616537,austin,78744,private room,36,46,-21.74,0.4444,49.32,47.06,91.66,66.06,8,0.5379
1490734210210222259,austin,78704,entire home/apt,63,134,-52.99,0.2111,27.51,11.43,0,38.36,8,0.4357
955833527387385803,austin,78746,entire home/apt,428,223,91.93,0.5667,61.81,79.55,68.25,49.31,8,0.5027
1210233408151754320,austin,78704,entire home/apt,78,134,-41.79,0.8333,86.03,25.71,22.31,56.75,8,0.4357
744942128301966811,austin,78744,entire home/apt,431,127,239.37,0.1889,22.62,90.48,42,37.64,8,0.5379
662304755661101274,austin,78729,entire home/apt,216,142,52.11,0.0111,1.52,81.91,91.82,43.74,8,0.3708
30913064,austin,78728,entire home/apt,96,127,-24.41,0.2667,33.88,78.16,99.29,73.46,8,0.4321
1501079629275660330,austin,78753,entire home/apt,197,97,103.09,0.8111,84.3,72.83,8.51,37.19,8,0.4162
1106590124492797889,austin,78752,entire home/apt,93,99,-6.06,0.6333,67.18,69.05,97.54,71.9,8,0.5248
52269776,austin,78704,entire home/apt,371,134,176.87,0.4111,49.09,57.14,51.98,37.1,8,0.4357
947412,austin,78745,entire home/apt,131,129,1.55,0.3111,37.54,50.98,77.57,54.18,8,0.4658
1049601032351180111,austin,78702,entire home/apt,167,140,19.29,0.5111,58.93,62.89,41.53,47.11,8,0.4783
6935687,austin,78704,private room,102,90,13.33,0.4667,54.37,46.97,33.03,41.87,8,0.4357
1187731812835614611,austin,78702,entire home/apt,265,140,89.29,0.3889,47.33,60.82,46.55,36.31,8,0.4783
1237658493444716616,austin,78702,entire home/apt,356,140,154.29,0.2,26.37,71.13,31.11,30.83,8,0.4783
991442188597312186,austin,78702,entire home/apt,87,140,-37.86,0.3333,41.62,58.76,66.31,65.95,8,0.4783
53815973,austin,78739,entire home/apt,120,129,-6.98,0.2667,31.8,58.51,76.97,57.32,8,0.5488
1131450096636296178,austin,78744,entire home/apt,148,127,16.54,0.4667,51.49,67.86,44.33,48.38,8,0.5379
1185013902998429563,austin,78753,private room,42,44,-4.55,0.6222,68.7,52.17,25.74,49.58,8,0.4162
777481397612323371,austin,78744,entire home/apt,80,127,-37.01,0.9,90.57,47.62,0,56.12,8,0.5379
727095772106660475,austin,78745,entire home/apt,25,129,-80.62,0.1222,15.84,10.78,21.69,41.29,8,0.4658
22751134,austin,78745,private room,45,58,-22.41,0.6889,72.98,20,63.38,57.17,8,0.4658
844894728189359109,austin,78704,entire home/apt,205,134,52.99,0.7444,78.74,60.95,75.86,49.95,8,0.4357
1102253973357763888,austin,78756,entire home/apt,88,112,-21.43,0.3444,44.22,91.89,67.59,70.14,8,0.3765
5303366,austin,78722,entire home/apt,67,131,-48.85,0.7222,75.7,35.06,75.8,72.51,8,0.5462
1343072837833620062,austin,78702,entire home/apt,183,140,30.71,0.5444,61.87,19.59,24.91,29.28,8,0.4783
51541560,austin,78729,entire home/apt,176,142,23.94,0.9778,97.36,62.77,75.63,61.89,8,0.3708
53326418,austin,78704,entire home/apt,162,134,20.9,0.0667,8.92,70.48,58.41,42.74,8,0.4357
9590401,chicago,Hermosa,entire home/apt,77,157,-50.96,0.9889,98.15,39.77,84.05,80.59,8,0.4595
1403405556192676515,chicago,Rogers Park,entire home/apt,86,115,-25.22,0.5667,62.13,50,29.71,54.92,8,0.4761
1325245659802683473,chicago,Loop,entire home/apt,199,206,-3.4,0.6556,70.06,38.64,0,39.69,12,0.3986
956005013785068867,chicago,South Shore,entire home/apt,329,135,143.7,0.0222,3.52,63.64,54.65,30.27,8,0.3758
595948293511661289,chicago,Armour Square,entire home/apt,226,217,4.15,0,0,63.89,72.46,47.84,8,0.465
48703423,chicago,Lower West Side,entire home/apt,135,129,4.65,0.1667,20.89,50.56,67.78,47.37,8,0.5403
21922221,chicago,Avondale,private room,35,58,-39.66,0.1444,18.81,46.58,17.29,46.63,8,0.4818
1308812266434747413,chicago,Irving Park,entire home/apt,186,130,43.08,0.5111,59.07,81.94,35.49,43.25,8,0.4571
1413993174602306608,chicago,West Town,entire home/apt,73,168,-56.55,0.6667,73.31,52.33,23.98,63.74,8,0.4327
935459998451079421,chicago,Lincoln Park,entire home/apt,177,199,-11.06,0.2333,30.85,49.37,33.95,45.32,8,0.4074
734866721750281735,chicago,Portage Park,entire home/apt,89,105,-15.24,0.1111,14.15,37.86,75.37,50.71,8,0.5385
19802859,chicago,West Town,private room,91,71,28.17,0.7,76.03,27.03,44.53,39.64,8,0.4327
21272387,chicago,Logan Square,entire home/apt,133,143,-6.99,0.0333,3.98,59.52,93.68,56.2,8,0.531
1442324843684515327,chicago,Norwood Park,entire home/apt,240,134,79.1,0.4,46.41,72.86,0,27.5,8,0.4391
53930197,chicago,Near West Side,entire home/apt,197,211,-6.64,0.7556,80.01,39.29,0,42.81,12,0.3889
34932141,chicago,Lake View,entire home/apt,215,181,18.78,0.1889,23.5,66.67,84.12,51.76,8,0.5277
1066601634179342708,chicago,Near North Side,entire home/apt,189,219,-13.7,0.3667,44.75,36.26,0,37.12,12,0.4097
10100747,chicago,East Garfield Park,private room,48,49,-2.04,0.3778,45.17,91.38,92.12,70.52,8,0.3809
1401131295439958313,chicago,Portage Park,entire home/apt,123,105,17.14,0.2667,32.1,23.3,41.77,32.54,8,0.5385
1401358674732436634,chicago,Rogers Park,entire home/apt,93,115,-19.13,0.1222,16.29,43.42,23.78,40.8,8,0.4761
36835843,chicago,Woodlawn,private room,42,49,-14.29,0.1444,21.09,57.14,64.91,54.02,12,0.3911
33363106,chicago,Lake View,entire home/apt,384,181,112.15,0.2667,32.59,95.06,89.54,52.67,8,0.5277
1245111380885277377,chicago,Loop,entire home/apt,224,206,8.74,0.9111,92.15,59.09,72.79,63.78,12,0.3986
1248374046767674932,chicago,Near North Side,private room,201,188,6.91,0.5556,63.45,23.21,73.32,49.75,12,0.4097
963701505055635229,chicago,Lincoln Park,entire home/apt,200,199,0.5,0.2778,36.31,36.71,10.42,33.89,8,0.4074
43125458,chicago,Lincoln Park,entire home/apt,235,199,18.09,0.6667,74.38,59.49,13.47,42.69,8,0.4074
866916481195578374,chicago,Woodlawn,entire home/apt,121,130,-6.92,0.1889,26.96,64.79,66.17,55.21,12,0.3911
7360731,chicago,West Ridge,private room,129,74,74.32,0.5444,59.19,86.15,49.32,45.71,8,0.4752
1328482316502513212,chicago,Near North Side,entire home/apt,219,219,0,0.0222,3.2,58.24,74.41,48.8,12,0.4097
1211560870733786290,chicago,Avondale,entire home/apt,97,126,-23.02,1,99.1,60,61.39,72.07,8,0.4818
1355050809987925121,chicago,Near West Side,entire home/apt,196,211,-7.11,0.0444,6.39,39.29,0,28.23,12,0.3889
1426396476156681886,chicago,Lake View,entire home/apt,285,181,57.46,0.0111,1.17,53.09,20.39,18.6,8,0.5277
833411324472756978,chicago,Belmont Cragin,entire home/apt,128,128,0,0.7444,81.75,86.57,21.24,58.3,8,0.3273
1495128501669278298,chicago,Near North Side,private room,222,188,18.09,0.1556,20.31,66.07,0,30.15,12,0.4097
1061059907241759502,chicago,Near West Side,entire home/apt,99,211,-53.08,0.2222,29.3,57.14,52.08,63.16,12,0.3889
1303214390591183042,chicago,Albany Park,entire home/apt,300,120,150,0.4667,55.28,21.33,0,16.39,8,0.4297
1303691498384934867,chicago,Woodlawn,private room,30,49,-38.78,0.3778,48.77,47.62,0,48.29,12,0.3911
634655043034465784,chicago,Lincoln Park,entire home/apt,323,199,62.31,0.7556,81.39,70.89,41.14,44.28,8,0.4074
1451632553884396128,chicago,Near North Side,entire home/apt,159,219,-27.4,0.1889,24.33,20.88,57.43,47.66,12,0.4097
6945901,chicago,Logan Square,entire home/apt,98,143,-31.47,0.6667,70.74,44.05,60.31,64.68,8,0.531
5195252,chicago,West Town,private room,48,71,-32.39,0.0222,2.94,51.35,84.74,59.33,8,0.4327
35284235,chicago,Lake View,entire home/apt,205,181,13.26,0.2111,26.14,98.77,70.45,58.56,8,0.5277
983869501052977635,chicago,Edgewater,entire home/apt,162,143,13.29,0.5222,58.16,32.99,0,30.89,8,0.5134
1354155897127370433,chicago,Avondale,private room,39,58,-32.76,0.2111,27.04,21.92,0,35.71,8,0.4818
1187795053550605866,chicago,Lincoln Square,private room,136,68,100,0.0222,2.49,80.56,1.22,20.94,8,0.5098
1369224725451160173,chicago,Loop,entire home/apt,106,206,-48.54,0.8889,90.28,17.05,56.82,66.09,12,0.3986
1457364328221802120,chicago,Near North Side,private room,206,188,9.57,0.9333,94.43,41.07,0,41.28,12,0.4097
645785693593444324,chicago,Woodlawn,entire home/apt,118,130,-9.23,0.1333,19.56,53.52,78.89,54.78,12,0.3911
1392425117170042168,chicago,Lincoln Square,entire home/apt,143,119,20.17,0.0778,9.45,25.93,39.43,27.18,8,0.5098
980633130019975644,chicago,Irving Park,entire home/apt,112,130,-13.85,0.2889,36.92,75,76.25,64.35,8,0.4571
1401361976387458579,chicago,Hyde Park,entire home/apt,91,109,-16.51,0.6667,69.89,51.39,26.39,53.38,8,0.6464
43594534,chicago,Bridgeport,entire home/apt,100,131,-23.66,0.8,85.11,42.35,32.33,57.79,12,0.3309
941941413832717205,chicago,Near West Side,entire home/apt,280,211,32.7,0.8556,88.07,36.9,34.24,40.59,12,0.3889
749405907882970935,chicago,Edgewater,entire home/apt,133,143,-6.99,0.1889,22.63,16.49,0,25.75,8,0.5134
46090808,chicago,Near West Side,private room,76,55,38.18,0.1333,18.35,65.67,83.61,44.54,12,0.3889
899292016907591427,chicago,Avondale,entire home/apt,111,126,-11.9,0.8889,89.97,55.29,51.53,63.27,8,0.4818
46276229,chicago,Lincoln Square,entire home/apt,100,119,-15.97,0.5111,57.1,61.73,51.54,59.53,8,0.5098
595948293511661289,chicago,Armour Square,entire home/apt,226,217,4.15,0.8556,87.52,63.89,72.46,65.35,8,0.465
51741865,chicago,Lake View,entire home/apt,263,181,45.3,0.4222,49.23,48.15,49.11,35.57,8,0.5277
917612454755858521,chicago,Logan Square,entire home/apt,132,143,-7.69,0.4667,52.51,35.71,50.67,49.41,8,0.531
1416248650096435090,chicago,Lake View,entire home/apt,359,181,98.34,0.3556,42.32,50.62,9.47,23.49,8,0.5277
819785499829050358,chicago,Rogers Park,private room,80,70,14.29,0.0111,1.38,28.07,54.63,31.67,8,0.4761
887657375154296515,chicago,Rogers Park,entire home/apt,89,115,-22.61,0.2111,26.71,64.47,64.39,59.34,8,0.4761
48862362,chicago,Rogers Park,entire home/apt,103,115,-10.43,0.9889,98.2,26.32,76.07,63.37,8,0.4761
1061059907241759502,chicago,Near West Side,entire home/apt,99,211,-53.08,0.1556,21.2,57.14,52.08,61.54,12,0.3889
1276850193412053295,chicago,Lincoln Park,entire home/apt,136,199,-31.66,0.5,60.09,32.91,0,44.74,8,0.4074
34303597,chicago,Lincoln Park,entire home/apt,126,199,-36.68,0.8889,91.28,63.29,49.63,72.49,8,0.4074
1260436774384697745,chicago,Avalon Park,entire home/apt,141,218,-35.32,0.0111,1.28,78.43,76.98,64.71,8,0.6729
838689973912642220,chicago,Lake View,entire home/apt,307,181,69.61,0.4222,49.23,92.59,43.78,43.94,8,0.5277
7678127,chicago,Lake View,entire home/apt,306,181,69.06,0.4778,54.7,53.09,93.7,47.64,8,0.5277
33667922,chicago,Armour Square,entire home/apt,305,217,40.55,0.8333,85.71,62.5,77.62,55.01,8,0.465
1351749710907607221,chicago,South Shore,entire home/apt,129,135,-4.44,0.1,14.72,52.27,60.03,47.35,8,0.3758
1506043906497789808,chicago,Logan Square,entire home/apt,121,143,-15.38,0.4778,53.57,59.52,0,45.21,8,0.531
1512466479479253651,chicago,Armour Square,private room,100,44,127.27,0.4333,52.16,33.33,0,18.76,8,0.465
947581269026310419,chicago,Near North Side,entire home/apt,117,219,-46.58,0.6556,72.34,37.36,69.91,70.26,12,0.4097
1369209014408193643,chicago,Loop,entire home/apt,106,206,-48.54,0.0444,5.55,18.18,64.75,51.41,12,0.3986
705825794135157409,chicago,Clearing,entire home/apt,167,167,0,1,99.03,90.48,55.38,71.27,8,0.7535
5231461,chicago,West Town,entire home/apt,180,168,7.14,0.2,27.16,51.16,90.98,53.82,8,0.4327
1041220523551238802,chicago,Grand Boulevard,private room,45,70,-35.71,0.3556,44.8,52.7,37.06,57.11,8,0.3717
777081569923692574,chicago,Calumet Heights,entire home/apt,194,126,53.97,0.5111,57.11,53.52,75.27,43.62,8,0.2756
1050363254655317916,chicago,Roseland,entire home/apt,184,185,-0.54,1,99.1,100,83.8,80.93,8,0.4606
20454673,chicago,Lower West Side,private room,68,46,47.83,0.1111,14.17,53.23,89.59,39.19,8,0.5403
1403144065183162274,chicago,Lake View,entire home/apt,121,181,-33.15,0.1222,15.31,48.15,54.43,53.65,8,0.5277
1015406132816015238,chicago,Lake View,entire home/apt,180,181,-0.55,0.9,91.13,64.2,72.03,67.45,8,0.5277
1279349658525413925,chicago,Kenwood,private room,45,70,-35.71,0.4222,60.89,74.07,0,56.41,12,0.2741
1457547211787797549,chicago,Logan Square,private room,35,65,-46.15,0.1111,13.64,14.67,27.23,42.05,8,0.531
49462631,chicago,Near North Side,entire home/apt,320,219,46.12,0.4111,49.46,60.44,92.46,49.28,12,0.4097
44234449,chicago,Loop,entire home/apt,217,206,5.34,0.2333,27.6,68.18,95.11,59.74,12,0.3986
1325244402056268619,chicago,Near North Side,entire home/apt,236,219,7.76,0.2889,36.09,37.36,0,29.23,12,0.4097
1401607465309448250,chicago,Hyde Park,entire home/apt,138,109,26.61,0.7667,78.84,55.56,51.82,49.63,8,0.6464
49255953,chicago,Near North Side,entire home/apt,147,219,-32.88,0.7,76.09,57.14,39.71,64.29,12,0.4097
826036071911122222,chicago,Near South Side,entire home/apt,75,209,-64.11,0.3444,53.99,13.92,0,44.28,12,0.3777
1061562304886176439,chicago,Loop,private room,114,232,-50.86,0.4111,46.87,47.54,80.82,71.46,12,0.3986
658174043006808192,chicago,South Lawndale,private room,55,57,-3.51,0.9889,98.24,63.27,37.78,60.96,8,0.4439
1049735510251351807,chicago,Near North Side,entire home/apt,177,219,-19.18,0.3111,38.61,36.26,39.71,47.47,12,0.4097
41968147,chicago,Loop,entire home/apt,214,206,3.88,0.3333,38.64,39.77,35.32,40.34,12,0.3986
47116347,chicago,Loop,entire home/apt,166,206,-19.42,0.8444,86.49,59.09,35.32,61.73,12,0.3986
41166856,chicago,Loop,entire home/apt,202,206,-1.94,0.5222,57.82,35.23,56.82,50.16,12,0.3986
44085884,chicago,Near North Side,entire home/apt,113,219,-48.4,0.9889,98.45,28.57,75.55,75.24,12,0.4097
25555626,chicago,Irving Park,entire home/apt,130,130,0,0.5333,61.07,52.78,77.79,59.86,8,0.4571
27553317,chicago,Near West Side,entire home/apt,191,211,-9.48,0.2556,33.15,46.43,96.02,60.09,12,0.3889
773277395382707715,chicago,Lake View,private room,74,93,-20.43,0,0,58.02,72.43,53.74,8,0.5277
1436390764910307884,chicago,Lower West Side,private room,36,46,-21.74,0.2,24.82,41.94,19.42,41.82,8,0.5403
24332190,chicago,Humboldt Park,entire home/apt,170,135,25.93,0.9111,91.71,59.04,73.33,58.65,8,0.4272
624839152530216936,chicago,North Lawndale,entire home/apt,378,123,207.32,0.2556,29.8,100,87.9,52.94,8,0.3953
1183324802752183235,chicago,Hermosa,private room,54,55,-1.82,0.0889,10.94,100,65.61,59.13,8,0.4595
1456630106584525852,chicago,Irving Park,entire home/apt,134,130,3.08,0.0556,7.55,38.89,19.01,30.06,8,0.4571
745004823798209785,chicago,Lincoln Square,entire home/apt,92,119,-22.69,0.6556,70.17,67.9,27.83,59.77,8,0.5098
1429792947015178317,chicago,Near South Side,entire home/apt,222,209,6.22,0.3,49.27,73.42,58.2,55.89,12,0.3777
41552601,chicago,Loop,entire home/apt,229,206,11.17,0.3333,38.64,39.77,35.32,38.15,12,0.3986
23076088,chicago,Bridgeport,entire home/apt,89,131,-32.06,0.3889,52.5,31.76,48,55.06,12,0.3309
15132653,chicago,Lake View,entire home/apt,236,181,30.39,0.3778,44.66,38.27,89.67,46.8,8,0.5277
1147687647342159441,chicago,Near North Side,entire home/apt,225,219,2.74,0.6556,72.34,45.05,61.36,55.25,12,0.4097
722392209236655356,chicago,Logan Square,private room,71,65,9.23,0.6444,68.75,53.33,56.36,53.41,8,0.531
844199899790461053,chicago,Jefferson Park,entire home/apt,63,109,-42.2,0.5444,62.94,45.68,69.77,69.11,8,0.4471
1064759719148784948,chicago,Brighton Park,entire home/apt,257,95,170.53,0.9556,96.21,85,23.98,46.49,12,0.3615
823273576559656432,chicago,Albany Park,entire home/apt,174,120,45,0.1222,16.44,60,58.66,34.45,8,0.4297
555041639366197657,chicago,Lincoln Park,entire home/apt,271,199,36.18,0.0667,9.04,74.68,90.69,47.3,8,0.4074
1266061914630362916,chicago,Woodlawn,private room,36,49,-26.53,0.4667,57.66,63.49,26.64,57.02,12,0.3911
617449893664696358,chicago,Norwood Park,entire home/apt,153,134,14.18,0.7667,78.96,60,28.06,48.55,8,0.4391
1341272526724076481,chicago,Near West Side,entire home/apt,190,211,-9.95,0.3444,42.77,38.1,0,36.06,12,0.3889
24085799,chicago,Armour Square,private room,66,44,50,0.8444,86.62,57.41,91.8,54.63,8,0.465
15149053,chicago,West Town,private room,102,71,43.66,0.6556,72.4,54.05,80.93,50.13,8,0.4327
1402293335810630371,chicago,West Garfield Park,private room,25,52,-51.92,0.0778,13.65,61.22,0.26,48.1,8,0.3506
1118958369669164796,chicago,West Town,shared room,50,50,0,0.0333,4.51,83.33,14.87,40.45,8,0.4327
1308301795181486711,chicago,Irving Park,entire home/apt,126,130,-3.08,0.6,66.94,66.67,11.3,48.8,8,0.4571
32934782,chicago,Near North Side,entire home/apt,318,219,45.21,0.2889,36.09,82.42,94.23,52.82,12,0.4097
51347437,chicago,Irving Park,private room,75,53,41.51,0.9,91.51,85.96,62.16,57.88,8,0.4571
43594534,chicago,Bridgeport,entire home/apt,100,131,-23.66,0.6667,75.33,42.35,32.33,55.84,12,0.3309
3083343,chicago,Logan Square,entire home/apt,177,143,23.78,0.6778,71.72,86.9,82.87,64.66,8,0.531
705815628392534448,chicago,Clearing,entire home/apt,374,167,123.95,0.2889,29.38,88.89,0,28.1,8,0.7535
895554734730702580,chicago,Near West Side,entire home/apt,171,211,-18.96,0.2111,27.98,47.62,74.9,56.91,12,0.3889
834985028869992919,chicago,Near North Side,entire home/apt,234,219,6.85,0.6333,70.42,45.05,92.88,61.51,12,0.4097
1036306388383552246,chicago,Near North Side,entire home/apt,148,219,-32.42,0.1556,20.31,15.38,0,32.63,12,0.4097
744935648948869793,chicago,Chatham,entire home/apt,284,208,36.54,0.2778,34.05,92.54,0,33.98,8,0.3889
1134351668237383955,chicago,Uptown,entire home/apt,98,123,-20.33,0.6889,74.37,58.73,60.66,65.82,8,0.4257
29481624,chicago,Lower West Side,entire home/apt,118,129,-8.53,0.0556,7.16,64.04,96.58,59.15,8,0.5403
1433510363260068070,chicago,Grand Boulevard,entire home/apt,154,158,-2.53,0.3333,42.55,61.54,43.39,50.5,8,0.3717
669222996858014350,chicago,Kenwood,entire home/apt,209,150,39.33,0.1,19.61,98.18,58.71,46.34,12,0.2741
25191782,chicago,Douglas,entire home/apt,126,131,-3.82,0.1111,14.4,45.59,98.03,54.93,8,0.5224
5117490,chicago,West Town,private room,123,71,73.24,0.9667,96.7,91.89,86.6,63.96,8,0.4327
16488400,chicago,Loop,entire home/apt,350,206,69.9,0.0333,4.19,22.73,0,6.52,12,0.3986
766056605942339033,chicago,Logan Square,entire home/apt,125,143,-12.59,0.2556,30.53,69.05,81.9,62.62,8,0.531
1312453744191648612,chicago,North Center,entire home/apt,105,159,-33.96,0.9,91.77,35.44,0,52.4,12,0.3744
10411427,chicago,East Garfield Park,private room,46,49,-6.12,0.0111,1.49,87.93,96.31,63.19,8,0.3809
45864022,chicago,Near North Side,entire home/apt,125,219,-42.92,0.6667,73.29,42.86,65.12,69.53,12,0.4097
1178979281510017157,chicago,Hermosa,private room,55,55,0,0.8333,84.84,97.78,60.8,71.61,8,0.4595
45515581,chicago,Douglas,entire home/apt,106,131,-19.08,0.1222,15.74,69.12,88.84,63.36,8,0.5224
554385076952526453,chicago,West Town,entire home/apt,147,168,-12.5,0.2778,36.59,50,77.15,57.86,8,0.4327
1429683444432323073,chicago,Near South Side,entire home/apt,182,209,-12.92,0.2889,47.99,81.01,57.4,63.08,12,0.3777
1225696519822610803,chicago,Grand Boulevard,entire home/apt,182,158,15.19,0.1,14.61,57.69,38.34,37.37,8,0.3717
14449619,chicago,West Town,private room,76,71,7.04,0.3,39.12,55.41,95.01,58.32,8,0.4327
639745550659737701,chicago,Avondale,entire home/apt,134,126,6.35,0.4444,51.49,55.29,76.27,56.28,8,0.4818
1010625312610977426,chicago,Near North Side,entire home/apt,253,219,15.53,0.8111,85.06,34.07,39.71,45.8,12,0.4097
1501454777249948669,chicago,Near North Side,entire home/apt,163,219,-25.57,0.8667,89.38,10.99,0,43.29,12,0.4097
47334435,chicago,Lake View,entire home/apt,297,181,64.09,0.7111,75.48,67.9,79.57,51.96,8,0.5277
966148804844532645,chicago,Loop,entire home/apt,198,206,-3.88,0.1222,14.86,80.68,64.14,55.34,12,0.3986
1369733738577166114,chicago,West Town,entire home/apt,214,168,27.38,0.6,67.75,62.79,33.33,44.37,8,0.4327
761071522423068825,chicago,Rogers Park,entire home/apt,119,115,3.48,0.3556,41.91,67.11,16.58,43.26,8,0.4761
48326302,chicago,West Town,entire home/apt,208,168,23.81,0.4222,51.81,74.42,80.93,57.06,8,0.4327
1442826719672159032,chicago,Irving Park,private room,58,53,9.43,0.7556,80.05,57.89,0,42.65,8,0.4571
44234840,chicago,Near South Side,entire home/apt,322,209,54.07,0.3667,56.2,81.01,98.19,56.04,12,0.3777
751937736968700082,chicago,Loop,entire home/apt,182,206,-11.65,0.7,73.99,34.09,0,41.82,12,0.3986
32934782,chicago,Near North Side,entire home/apt,318,219,45.21,0.9667,96.87,82.42,94.23,64.97,12,0.4097
1233307324788620410,chicago,Near North Side,private room,72,188,-61.7,0.0556,7.79,26.79,39.71,48.18,12,0.4097
15643384,chicago,Lake View,entire home/apt,83,181,-54.14,0.8667,88.43,32.1,16.82,59.92,8,0.5277
1319976735866847631,chicago,Irving Park,entire home/apt,164,130,26.15,0.3111,39.33,59.72,46.54,41.59,8,0.4571
1492270844314135945,chicago,Lake View,entire home/apt,120,181,-33.7,0.6556,70.67,45.68,0,50.66,8,0.5277
41455518,chicago,Avondale,entire home/apt,114,126,-9.52,0.4333,50.43,52.94,88.02,63.18,8,0.4818
8953380,chicago,Lake View,private room,139,93,49.46,0.2444,30.03,43.21,87.37,38.81,8,0.5277
1304606690862941297,chicago,Near North Side,entire home/apt,182,219,-16.89,0.1222,16.22,29.67,75.55,49.62,12,0.4097
899544156282323531,chicago,Uptown,entire home/apt,162,123,31.71,0.3889,47.59,77.78,64.04,50.46,8,0.4257
21817363,chicago,Albany Park,entire home/apt,126,120,5,0.3111,38.96,49.33,97.05,57.89,8,0.4297
22397026,chicago,Avondale,entire home/apt,121,126,-3.97,1,99.1,44.71,77.81,66.64,8,0.4818
1381658476850665993,chicago,Humboldt Park,entire home/apt,133,135,-1.48,0.0444,5.97,55.42,26.29,37.07,8,0.4272
43098894,chicago,East Garfield Park,private room,40,49,-18.37,0.0111,1.49,51.72,27.21,40.54,8,0.3809
701987560432934044,chicago,Near West Side,entire home/apt,189,211,-10.43,0.9222,93.33,38.1,0,46.32,12,0.3889
948073378669236963,chicago,Humboldt Park,entire home/apt,161,135,19.26,0.0333,4.46,44.58,61.95,36.75,8,0.4272
1498262651349295922,chicago,Near North Side,entire home/apt,267,219,21.92,0.4556,53.98,31.87,0,27.19,12,0.4097
1013255877387797430,chicago,New City,private room,37,30,23.33,0.4667,52.05,76.6,0,37.56,8,0.4616
1308547663849723453,chicago,Near North Side,entire home/apt,282,219,28.77,0.3667,44.75,38.46,0,24.93,12,0.4097
979536948521188472,chicago,Loop,entire home/apt,181,206,-12.14,0.2222,26.35,36.36,0,33,12,0.3986
1248572810327846055,chicago,Near North Side,shared room,51,46,10.87,0.1,13.44,44,52.47,38.55,12,0.4097
613836997434550887,chicago,Brighton Park,entire home/apt,119,95,25.26,0.1556,22.5,83.33,91.6,55.66,12,0.3615
842749728060157787,chicago,Logan Square,entire home/apt,175,143,22.38,0,0,51.19,59.73,36.02,8,0.531
1227600566557955531,chicago,Logan Square,entire home/apt,114,143,-20.28,0.4222,48.16,65.48,24.05,53.1,8,0.531
1370127694249628040,chicago,Loop,entire home/apt,200,206,-2.91,0.5556,60.96,39.77,0,38.01,12,0.3986
712453913018677418,chicago,Lake View,entire home/apt,95,181,-47.51,0.4889,55.76,53.09,15.33,57.51,8,0.5277
50489917,chicago,Near West Side,entire home/apt,189,211,-10.43,0.1889,25.31,46.43,82.03,55.3,12,0.3889
1370127694249628040,chicago,Loop,entire home/apt,200,206,-2.91,0.1333,16.15,39.77,0,29.05,12,0.3986
969159516611516032,chicago,Englewood,private room,37,37,0,0.5667,59.4,90.48,56.91,63.73,8,0.4318
1073362730570677543,chicago,West Town,entire home/apt,142,168,-15.48,0.9889,98.36,51.16,52.81,65.31,8,0.4327
51519686,chicago,Grand Boulevard,entire home/apt,120,158,-24.05,0.9444,94.82,100,17.23,70.49,8,0.3717
744664821738227617,chicago,Near North Side,entire home/apt,305,219,39.27,0.5,58.28,37.36,0,24.22,12,0.4097
1065789316113634299,chicago,Near North Side,entire home/apt,201,219,-8.22,0.6778,74.23,35.16,0,41.1,12,0.4097
38950182,chicago,South Lawndale,entire home/apt,196,105,86.67,0.8667,88.3,53.68,17.6,35.48,8,0.4439
51751554,chicago,Lower West Side,entire home/apt,69,129,-46.51,0.1667,20.89,25.84,79.22,59.4,8,0.5403
755934562888126191,chicago,Lake View,entire home/apt,167,181,-7.73,0.4,46.96,58.02,15.33,45.05,8,0.5277
1402304675423265092,chicago,Lake View,entire home/apt,108,181,-40.33,0.7,74.52,45.68,16.82,57.63,8,0.5277
734851598384432592,chicago,Rogers Park,entire home/apt,81,115,-29.57,0.2222,27.94,55.26,69.59,60.67,8,0.4761
1247776787222705941,nashville,District 2,entire home/apt,137,198,-30.81,0.2333,41.31,72.29,39.39,60.42,8,0.2505
23074190,nashville,District 24,entire home/apt,189,136,38.97,0,0,80.6,55.5,37.33,8,0.3646
797148074159970987,nashville,District 5,entire home/apt,108,160,-32.5,0.2667,42.53,77.27,86.36,74.16,12,0.3243
769727367095376357,nashville,District 6,entire home/apt,132,147,-10.2,0.3778,51.63,51.69,73.49,59.68,12,0.3585
1110180960253860842,nashville,District 19,entire home/apt,161,173,-6.94,0.8556,90.47,39.58,26.05,51.58,8,0.3282
16982090,nashville,District 19,entire home/apt,173,173,0,0.3,45.35,33.33,96.72,56.58,8,0.3282
1360283485081887262,nashville,District 19,entire home/apt,128,173,-26.01,0.1889,30.41,53.13,14.5,45.79,8,0.3282
32308420,nashville,District 17,entire home/apt,76,172,-55.81,0.8333,88.9,23.71,44.36,64.8,12,0.3042
44390779,nashville,District 5,entire home/apt,114,160,-28.75,0.0889,15.44,55.68,52.52,53.76,12,0.3243
1237585457379773722,nashville,District 5,entire home/apt,223,160,39.38,0.6444,77.25,55.68,36.48,41.68,12,0.3243
1353633331859849521,nashville,District 27,entire home/apt,77,77,0,0.0667,8.1,57.14,34.31,39.48,8,0.4866
1074206129109420429,nashville,District 5,entire home/apt,170,160,6.25,0.0889,15.44,84.09,14.07,40.75,12,0.3243
43435358,nashville,District 17,entire home/apt,103,172,-40.12,0.1222,21.76,50.52,75.25,62.83,12,0.3042
1135753826639293852,nashville,District 19,entire home/apt,102,173,-41.04,0.1444,23.65,40.63,15.49,46.07,8,0.3282
1179030127948564589,nashville,District 17,entire home/apt,400,172,132.56,0.8556,90.31,74.23,18.87,41.34,12,0.3042
1011324059982537670,nashville,District 15,entire home/apt,187,138,35.51,0.5444,61.93,33.33,0,25.07,8,0.5031
590305946058064322,nashville,District 21,entire home/apt,135,160,-15.63,0.3444,49.83,66.29,80.63,66.38,8,0.3211
811645935641520737,nashville,District 21,entire home/apt,165,160,3.13,0.2,32.87,47.19,54.35,46.02,8,0.3211
1445894095542401053,nashville,District 19,entire home/apt,287,173,65.9,0.5778,71.79,57.29,9.22,30.99,8,0.3282
14664334,nashville,District 5,entire home/apt,91,160,-43.13,0.8333,89.34,61.36,95.44,85.01,12,0.3243
16613520,nashville,District 6,entire home/apt,64,147,-56.46,0.6111,71.88,55.06,81.13,78.42,12,0.3585
24094071,nashville,District 5,entire home/apt,371,160,131.88,0.5111,67.42,67.05,96.93,54.48,12,0.3243
43450336,nashville,District 21,entire home/apt,165,160,3.13,0.4,55.18,52.81,83.59,59.2,8,0.3211
1354449765000955171,nashville,District 7,entire home/apt,114,129,-11.63,0.4333,54.03,53.66,30.94,50.44,8,0.3738
850179137902544665,nashville,District 19,entire home/apt,148,173,-14.45,0.4222,58.4,56.25,79.38,64.92,8,0.3282
28930638,nashville,District 2,entire home/apt,198,198,0,0.0778,15.25,72.29,78.95,55.86,8,0.2505
1202358268234958357,nashville,District 17,entire home/apt,306,172,77.91,0.0111,1.89,54.64,24.94,20.27,12,0.3042
1171999431564067727,nashville,District 15,entire home/apt,124,138,-10.14,0.1778,22.25,50.62,69.48,52.52,8,0.5031
1339248186143016019,nashville,District 21,entire home/apt,145,160,-9.38,0.6778,77.2,76.4,4.93,53.59,8,0.3211
1078422875120073352,nashville,District 17,entire home/apt,129,172,-25,0.6222,75.06,48.45,23.22,55.43,12,0.3042
1368849009700886691,nashville,District 19,entire home/apt,221,173,27.75,0.3667,52.83,63.54,32.28,41.2,8,0.3282
1008688651557147708,nashville,District 5,entire home/apt,313,160,95.63,0.2333,38.09,59.09,55.06,36.16,12,0.3243
674736390816097045,nashville,District 19,entire home/apt,164,173,-5.2,0.1333,21.91,76.04,85.33,61.29,8,0.3282
1318897929946077472,nashville,District 2,entire home/apt,425,198,114.65,0,0,87.95,48.52,34.12,8,0.2505
1052124489841818202,nashville,District 5,entire home/apt,228,160,42.5,0.5111,67.42,67.05,61.59,47.89,12,0.3243
650133796102980973,nashville,District 17,entire home/apt,296,172,72.09,0.1333,23.63,42.27,17.7,19.72,12,0.3042
16023993,nashville,District 13,private room,68,49,38.78,0.7444,79.7,78.69,97.9,63.45,8,0.3706
51321919,nashville,District 6,private room,105,85,23.53,0.2889,41.84,48.39,58.5,43.03,12,0.3585
36523604,nashville,District 19,entire home/apt,135,173,-21.97,0.7889,86.31,64.58,98.13,79.53,8,0.3282
1199515572148369613,nashville,District 19,entire home/apt,123,173,-28.9,0.2,32.04,64.58,37.63,55.63,8,0.3282
32284142,nashville,District 17,entire home/apt,76,172,-55.81,0,0,22.68,21.4,41.02,12,0.3042
1232531425812136979,nashville,District 15,private room,100,103,-2.91,0.2778,34.11,32.26,65.43,47.12,8,0.5031
1190480706538312158,nashville,District 2,entire home/apt,360,198,81.82,0.2556,44.38,50.6,48.52,33.66,8,0.2505
694212528485944088,nashville,District 19,entire home/apt,185,173,6.94,0.2111,33.64,43.75,71.61,48.49,8,0.3282
756022165345239374,nashville,District 15,entire home/apt,143,138,3.62,0.0444,5.48,38.27,21.3,29.9,8,0.5031
29480719,nashville,District 19,entire home/apt,117,173,-32.37,0.3,45.35,55.21,75.28,66.4,8,0.3282
1092775753097080651,nashville,District 17,entire home/apt,197,172,14.53,0.5222,67.83,49.48,33.06,44.84,12,0.3042
1125602217328392808,nashville,District 21,entire home/apt,194,160,21.25,0.3111,46.45,44.94,49.36,41.49,8,0.3211
886369975315237080,nashville,District 19,entire home/apt,141,173,-18.5,0.2556,39.75,57.29,7.59,44.72,8,0.3282
556337653530806747,nashville,District 7,entire home/apt,130,129,0.78,0.4778,58.16,62.2,48.72,54.13,8,0.3738
1102988756155336546,nashville,District 5,entire home/apt,401,160,150.63,0.3556,52.99,82.95,34.59,39.98,12,0.3243
18548210,nashville,District 6,entire home/apt,64,147,-56.46,0.9778,97.77,35.96,85.24,79.85,12,0.3585
48132326,nashville,District 20,entire home/apt,113,148,-23.65,0.4333,54.84,58.67,59.11,62.51,8,0.3475
53690426,nashville,District 8,entire home/apt,101,146,-30.82,0.4,53.03,46.6,60.13,61.54,12,0.3228
1257941409344025697,nashville,District 5,entire home/apt,120,160,-25,0.8111,87.98,35.23,20.43,54.01,12,0.3243
32284340,nashville,District 17,entire home/apt,76,172,-55.81,0.4778,64.34,23.71,36.43,57.9,12,0.3042
814552655038522905,nashville,District 2,entire home/apt,147,198,-25.76,1,99.37,56.63,83.14,77.54,8,0.2505
1440618230326061243,nashville,District 19,entire home/apt,105,173,-39.31,0.2,32.04,50,10.28,48.27,8,0.3282
1107605818669710648,nashville,District 31,entire home/apt,166,138,20.29,0.0111,1.62,42.42,25.92,26.32,8,0.3576
1056678219679017531,nashville,District 17,entire home/apt,208,172,20.93,0.5,66.12,47.42,44.36,44.89,12,0.3042
1293155342356153571,nashville,District 29,entire home/apt,380,123,208.94,0.9111,91.53,59.46,31.83,41.13,8,0.4788
28458232,nashville,District 16,entire home/apt,373,115,224.35,0.4,48.73,70.42,7.07,29.12,8,0.429
43149502,nashville,District 18,entire home/apt,111,148,-25,0.1111,18.51,52.7,70.36,56.97,12,0.3544
1505624568592316143,nashville,District 19,entire home/apt,68,173,-60.69,0,0,42.71,0,40.68,8,0.3282
45015102,nashville,District 20,entire home/apt,108,148,-27.03,0.4778,58.86,60,74.18,68.42,8,0.3475
1009583589043502210,nashville,District 19,entire home/apt,296,173,71.1,0.8667,91.16,63.54,63.76,50.06,8,0.3282
566079944698863030,nashville,District 14,entire home/apt,95,120,-20.83,0.9222,93.9,27.71,25.8,53.41,8,0.3109
575512333582613275,nashville,District 12,entire home/apt,136,133,2.26,0.3778,42.59,68.66,40.93,50.24,8,0.3846
51881507,nashville,District 13,entire home/apt,200,125,60,0.2222,30.02,64.63,43.37,33,8,0.3706
28509493,nashville,District 13,entire home/apt,118,125,-5.6,0.0444,6.55,76.83,84.5,58.32,8,0.3706
41482843,nashville,District 19,entire home/apt,166,173,-4.05,0.3,45.35,50,56.53,51.92,8,0.3282
27047473,nashville,District 21,entire home/apt,169,160,5.63,0.2,32.87,86.52,87.55,63.4,8,0.3211
823879694871437688,nashville,District 19,entire home/apt,120,173,-30.64,0.1667,27.07,57.29,84.65,65.09,8,0.3282
965353400248263696,nashville,District 9,entire home/apt,141,127,11.02,0.0111,1.56,100,21.03,42.26,12,0.3456
1021065797519433904,nashville,District 21,entire home/apt,219,160,36.88,0.1222,20.91,80.9,60.87,43.56,8,0.3211
642941622823561145,nashville,District 2,entire home/apt,280,198,41.41,0.0333,6.63,55.42,63.57,33.65,8,0.2505
49758606,nashville,District 2,entire home/apt,83,198,-58.08,0.7,81.3,60.24,98.8,86.02,8,0.2505
21785950,nashville,District 5,entire home/apt,127,160,-20.63,0.4222,59.71,42.05,55.91,57.62,12,0.3243
23646000,nashville,District 17,entire home/apt,322,172,87.21,0.6556,77.32,69.07,56.52,46.86,12,0.3042
796328181355400392,nashville,District 2,private room,48,47,2.13,0.7111,82,90.16,14.68,56.97,8,0.2505
32268160,nashville,District 19,entire home/apt,101,173,-41.62,0.2,32.04,41.67,80.59,64.46,8,0.3282
15374069,nashville,District 5,entire home/apt,105,160,-34.38,0.1556,26.54,40.91,34.22,49.4,12,0.3243
1363941100937793974,nashville,District 17,entire home/apt,248,172,44.19,0.5667,71.15,44.33,8.34,29.14,12,0.3042
15634836,nashville,District 5,entire home/apt,99,160,-38.13,0.4444,61.78,62.5,94.12,77.95,12,0.3243
943746775163164144,nashville,District 7,entire home/apt,198,129,53.49,0.3778,48.5,78.05,23.27,35.03,8,0.3738
1392186309934702757,nashville,District 19,entire home/apt,115,173,-33.53,0.4889,64.49,39.58,10.28,50.42,8,0.3282
1234852763076081606,nashville,District 19,entire home/apt,148,173,-14.45,0.0111,1.62,64.58,36.37,44.9,8,0.3282
48155297,nashville,District 19,entire home/apt,77,173,-55.49,0.7778,85.6,28.13,76.01,73.16,8,0.3282
688607311212760824,nashville,District 6,entire home/apt,88,147,-40.14,0.3333,46.95,40.45,67.19,63.34,12,0.3585
44672180,nashville,District 19,entire home/apt,269,173,55.49,0.5889,72.64,60.42,64.13,45.67,8,0.3282
39034225,nashville,District 17,entire home/apt,182,172,5.81,0.1333,23.63,35.05,83.07,47.51,12,0.3042
1333526311333789519,nashville,District 5,entire home/apt,212,160,32.5,0.3,46.69,70.45,15.92,36.18,12,0.3243
1072627553915280997,nashville,District 14,private room,52,48,8.33,0.6889,77.57,39.19,15.92,41.79,8,0.3109
1422584124280396148,nashville,District 2,entire home/apt,119,198,-39.9,0.1111,21.4,56.63,18.82,50.11,8,0.2505
1498434355936866517,nashville,District 17,entire home/apt,213,172,23.84,0.0111,1.89,51.55,0,21.11,12,0.3042
51965920,nashville,District 7,entire home/apt,132,129,2.33,0.4556,56.11,74.39,60.83,59.33,8,0.3738
718360358194989374,nashville,District 13,entire home/apt,110,125,-12,0.2111,28.71,68.29,65.94,57.9,8,0.3706
1391361174237569422,nashville,District 19,entire home/apt,176,173,1.73,0.3111,46.66,40.63,15.49,37.84,8,0.3282
52506018,nashville,District 16,entire home/apt,115,115,0,0.0222,2.95,84.51,79.58,56.61,8,0.429
48157076,nashville,District 19,entire home/apt,87,173,-49.71,0.3667,52.83,28.13,81.51,67.89,8,0.3282
850768438307292614,nashville,District 8,entire home/apt,393,146,169.18,0.6556,74.2,80.58,43.02,45.74,12,0.3228
881757406968914141,nashville,District 14,entire home/apt,71,120,-40.83,0.2222,32.48,22.89,0,39.47,8,0.3109
9863459,nashville,District 7,entire home/apt,173,129,34.11,0.1889,26.7,59.76,94.6,48.7,8,0.3738
43345609,nashville,District 5,entire home/apt,240,160,50,0.5333,69.19,50,77.54,45.72,12,0.3243
28365055,nashville,District 21,entire home/apt,140,160,-12.5,0.3,45.26,56.18,78.49,61.47,8,0.3211
20054707,nashville,District 6,entire home/apt,193,147,31.29,0.3111,44.46,37.08,46.21,35.33,12,0.3585
1450201973281913798,nashville,District 6,entire home/apt,169,147,14.97,0.1556,23.76,38.2,4.32,25.89,12,0.3585
1505777330991499234,nashville,District 4,entire home/apt,103,124,-16.94,0.3667,53.51,75.34,0,49.62,12,0.3558
934140386912459010,nashville,District 17,entire home/apt,260,172,51.16,0.3111,48.45,63.92,24.16,31.71,12,0.3042
1078422875120073352,nashville,District 17,entire home/apt,129,172,-25,0.6333,75.82,48.45,23.22,55.58,12,0.3042
1478569083305120298,nashville,District 15,entire home/apt,143,138,3.62,0.3222,39.07,71.6,0,39.63,8,0.5031
6700201,nashville,District 13,entire home/apt,67,125,-46.4,0.7889,83.25,46.34,55.65,71.07,8,0.3706
4438136,nashville,District 24,entire home/apt,274,136,101.47,0.0444,6.5,88.06,74.84,42.03,8,0.3646
1219271646234591230,nashville,District 19,entire home/apt,118,173,-31.79,0.4333,59.46,40.63,36.37,55.68,8,0.3282
674612687669989407,nashville,District 18,entire home/apt,251,148,69.59,0.1889,30.79,90.54,37.2,38.09,12,0.3544
1457376498605015052,nashville,District 15,private room,191,103,85.44,0.8111,85.1,37.1,21.3,31.62,8,0.5031
1253595813051713488,nashville,District 4,entire home/apt,200,124,61.29,0.2222,34.08,79.45,27.95,33.67,12,0.3558
1089345411533442312,nashville,District 17,entire home/apt,286,172,66.28,0.3778,55.47,61.86,59.3,41.38,12,0.3042
24245679,nashville,District 7,entire home/apt,117,129,-9.3,0.4111,51.89,32.93,79.56,56.29,8,0.3738
1488592710926000066,nashville,District 19,entire home/apt,121,173,-30.06,0.1111,18.35,78.13,8.31,49.3,8,0.3282
1340934215903377888,nashville,District 15,entire home/apt,82,138,-40.58,0.1111,13.96,59.26,58.65,59.44,8,0.5031
684178203144141156,nashville,District 5,entire home/apt,145,160,-9.38,0.8667,91.37,59.09,55.06,64.62,12,0.3243
854342418431237543,nashville,District 13,entire home/apt,120,125,-4,0.6778,74.17,68.29,53.75,61.55,8,0.3706
1326974292296804620,nashville,District 19,entire home/apt,243,173,40.46,0.3444,50.43,46.88,20.78,29.86,8,0.3282
689441688793190754,nashville,District 9,entire home/apt,167,127,31.5,0.0111,1.56,59.09,50.92,33.37,12,0.3456
1439238205189338833,nashville,District 21,entire home/apt,270,160,68.75,0.4111,56.2,52.81,17.75,28.88,8,0.3211
608598477202259839,nashville,District 11,entire home/apt,80,122,-34.43,0.8333,87.83,50,71.5,73.27,12,0.3109
38904250,nashville,District 19,entire home/apt,171,173,-1.16,0.9444,95.94,32.29,84.99,63.86,8,0.3282
52730713,nashville,District 7,entire home/apt,127,129,-1.55,0.9778,97.64,73.17,63.2,69.09,8,0.3738
1283496938829963020,nashville,District 19,private room,320,74,332.43,0.6889,79.8,32.88,1.6,24.58,8,0.3282
22616889,nashville,District 15,entire home/apt,128,138,-7.25,0.9333,94.29,59.26,90.57,73.49,8,0.5031
1371813492573128550,nashville,District 1,private room,75,77,-2.6,0.2778,37.07,63.64,20.69,44.28,8,0.3712
878380466198144072,nashville,District 18,entire home/apt,199,148,34.46,0.0222,3.67,70.27,35.58,31.86,12,0.3544
928927479593652907,nashville,District 19,entire home/apt,318,173,83.82,0.4444,60.51,59.38,51.56,39.84,8,0.3282
1252911199122410582,nashville,District 16,entire home/apt,267,115,132.17,0.4222,50.94,60.56,18.77,30.02,8,0.429
2083878,nashville,District 19,entire home/apt,106,173,-38.73,0.2,32.04,34.38,99.2,66.42,8,0.3282
16613520,nashville,District 6,entire home/apt,64,147,-56.46,0.4111,54.93,55.06,81.13,75.03,12,0.3585
687215887081269359,nashville,District 8,entire home/apt,226,146,54.79,0.7444,80.86,66.99,56.26,46.99,12,0.3228
1143594641768324493,nashville,District 19,entire home/apt,400,173,131.21,0.4556,61.52,48.96,17.6,28.95,8,0.3282
1385099827880649738,nashville,District 19,entire home/apt,187,173,8.09,0.5556,70.06,20.83,4.58,32.94,8,0.3282
21191242,nashville,District 19,entire home/apt,184,173,6.36,0.0556,9.18,32.29,92.7,46.18,8,0.3282
21296745,nashville,District 25,entire home/apt,140,141,-0.71,0.7778,81.69,59.04,64.7,62.48,8,0.4223
23752202,nashville,District 19,entire home/apt,164,173,-5.2,0.2,32.04,21.88,81.81,48.89,8,0.3282
1330477162608306359,nashville,District 19,entire home/apt,309,173,78.61,0.1333,21.91,76.04,35.43,32.25,8,0.3282
590045319275143627,nashville,District 18,entire home/apt,233,148,57.43,0,0,66.22,43.42,27.41,12,0.3544
40423641,nashville,District 19,entire home/apt,172,173,-0.58,0.0444,7.31,34.38,71.61,43.13,8,0.3282
49468223,nashville,District 6,entire home/apt,102,147,-30.61,0.7222,80.09,61.8,72.67,73.82,12,0.3585
1437742234640802966,nashville,District 27,entire home/apt,57,77,-25.97,0.7889,79.45,41.43,0,49.04,8,0.4866
1237239481995131707,nashville,District 21,private room,33,62,-46.77,0.5667,68.95,100,0,67.82,8,0.3211
685303839668013059,nashville,District 15,entire home/apt,173,138,25.36,0.4556,53.29,71.6,56.96,50.19,8,0.5031
1318532701395383391,nashville,District 14,entire home/apt,56,120,-53.33,0.2444,35.39,15.66,12.32,44.07,8,0.3109
6703006,nashville,District 7,entire home/apt,195,129,51.16,0.2111,29.56,45.12,89.68,39.61,8,0.3738
1293553408964174246,nashville,District 19,entire home/apt,94,173,-45.66,0.5,65.45,53.13,25.1,61.35,8,0.3282
22142890,nashville,District 12,entire home/apt,175,133,31.58,0.1778,21.47,52.24,94.81,46.58,8,0.3846
671761745389896543,nashville,District 20,entire home/apt,288,148,94.59,0.0556,8.31,42.67,18.05,16.84,8,0.3475
30658935,nashville,District 17,entire home/apt,135,172,-21.51,0.1778,30.77,49.48,82.14,60.51,12,0.3042
968073385945143548,nashville,District 18,entire home/apt,109,148,-26.35,0.1889,30.79,72.97,38.79,57.01,12,0.3544
783398511113201777,nashville,District 2,entire home/apt,250,198,26.26,0.8222,88.82,55.42,60.85,53.95,8,0.2505
792956172139634710,nashville,District 19,entire home/apt,121,173,-30.06,0.9778,97.97,56.25,75.62,76.58,8,0.3282
1275430320796756212,nashville,District 2,entire home/apt,150,198,-24.24,0.8,87.47,56.63,21.56,59.31,8,0.2505
1359402003955010702,nashville,District 21,entire home/apt,332,160,107.5,0.7111,79.59,65.17,14.94,35.94,8,0.3211
1371908989755690626,nashville,District 19,entire home/apt,221,173,27.75,0.5667,70.93,57.29,24.02,41.19,8,0.3282
1056678219679017531,nashville,District 17,entire home/apt,208,172,20.93,0.7889,86.09,47.42,44.36,48.88,12,0.3042
1150230996773121745,nashville,District 17,entire home/apt,126,172,-26.74,0.7778,85.37,34.02,10.19,51.15,12,0.3042
40140223,nashville,District 3,private room,220,59,272.88,0.1889,25.4,81.97,79.43,45.43,4,0.3539
675157878765516286,nashville,District 13,entire home/apt,105,125,-16,0.3778,46.82,30.49,30.37,44.38,8,0.3706
37682465,nashville,District 30,private room,81,60,35,0.7111,76.92,61.36,94.43,58.83,8,0.346
16944642,nashville,District 7,entire home/apt,97,129,-24.81,0.4333,54.03,37.8,81.98,63.19,8,0.3738
1466262923206266439,nashville,District 19,entire home/apt,114,173,-34.1,0.1333,21.91,59.38,5.74,45.89,8,0.3282
928082042087482536,nashville,District 21,entire home/apt,136,160,-15,0.5444,67.22,84.27,13.63,57.42,8,0.3211
1091492067713973453,nashville,District 20,entire home/apt,135,148,-8.78,0.6556,73.49,60,50.64,59.99,8,0.3475
53508162,nashville,District 17,entire home/apt,176,172,2.33,0.2667,43.16,36.08,56.22,46.01,12,0.3042
803699110387545248,nashville,District 7,entire home/apt,122,129,-5.43,0.9667,96.85,68.29,44.16,64.11,8,0.3738
1063086238930632365,nashville,District 21,entire home/apt,376,160,135,0.8778,91.15,68.54,33.34,43.7,8,0.3211
1100237032155559245,nashville,District 2,entire home/apt,317,198,60.1,0.8556,90.83,40.96,49.75,40.84,8,0.2505
1087291373578358777,nashville,District 20,private room,90,46,95.65,0.3,41.02,21.95,0,13.69,8,0.3475
40752964,nashville,District 6,entire home/apt,109,147,-25.85,0.4778,61.08,64.04,27.12,57.76,12,0.3585
32312615,nashville,District 17,entire home/apt,76,172,-55.81,0.5889,72.75,23.71,65.55,66.87,12,0.3042
16641071,nashville,District 5,entire home/apt,126,160,-21.25,0.2889,45.34,42.05,83.73,61.89,12,0.3243
1172512874074892203,nashville,District 15,entire home/apt,149,138,7.97,0.5444,61.93,51.85,69.48,55.33,8,0.5031
2699594,nashville,District 19,entire home/apt,184,173,6.36,0.0222,3.52,45.83,86.98,47,8,0.3282
1462335794733737486,nashville,District 5,entire home/apt,238,160,48.75,0.2667,42.53,55.68,2.63,23.46,12,0.3243
1158997193799974103,nashville,District 2,private room,106,47,125.53,0.6556,78.46,39.34,60.85,40.74,8,0.2505
1490629729659865821,nashville,District 17,entire home/apt,56,172,-67.44,0,0,48.45,0,42.11,12,0.3042
1399418378652606712,nashville,District 17,entire home/apt,191,172,11.05,0.0778,14.02,61.86,14.48,33.57,12,0.3042
44181938,nashville,District 5,entire home/apt,384,160,140,0.0667,11.56,90.91,56.59,39.19,12,0.3243
20150138,nashville,District 6,entire home/apt,112,147,-23.81,0.9222,93.99,64.04,73.96,75.44,12,0.3585
1105062660849703261,nashville,District 19,entire home/apt,307,173,77.46,0.0111,1.62,64.58,52.86,29.68,8,0.3282
1379822238099392456,nashville,District 17,entire home/apt,348,172,102.33,0.2667,43.16,44.33,8.34,21.8,12,0.3042
631828424812033196,nashville,District 6,entire home/apt,186,147,26.53,0.2111,31.7,86.52,30.98,42.75,12,0.3585
1329029378470326839,nashville,District 24,entire home/apt,406,136,198.53,0.1222,17.87,80.6,22.72,29.4,8,0.3646
919745034203748181,nashville,District 19,entire home/apt,275,173,58.96,0.7444,83.48,69.79,66.91,50.87,8,0.3282
6424881,nashville,District 7,private room,90,76,18.42,0.0333,4.71,15.25,74.56,32.87,8,0.3738
1066676751333654433,nashville,District 5,entire home/apt,170,160,6.25,0.6333,76.49,43.18,23.24,45.03,12,0.3243
1495909001625600085,nashville,District 17,entire home/apt,90,172,-47.67,0.0778,14.02,39.18,0,41.9,12,0.3042
43861823,nashville,District 33,entire home/apt,177,162,9.26,0.1,12.8,95.65,0.23,38.75,8,0.3296
431258,nashville,District 19,entire home/apt,216,173,24.86,0.0778,12.89,64.58,97.82,50.72,8,0.3282
1110180960253860842,nashville,District 19,entire home/apt,161,173,-6.94,0.8333,89.09,39.58,26.05,51.31,8,0.3282
1220161034781218400,nashville,District 6,entire home/apt,350,147,138.1,0.3444,48.15,52.81,14.06,26.35,12,0.3585
37715078,nashville,District 27,entire home/apt,204,77,164.94,0.3111,34.01,32.86,70.84,32.73,8,0.4866
33286578,seattle,Genesee,entire home/apt,149,154,-3.25,0.5667,61.39,71.62,76.46,65.27,8,0.5876
14855437,seattle,West Woodland,private room,64,66,-3.03,0.1333,15.64,52.24,79.93,52.08,12,0.4481
1213839350452978698,seattle,Alki,entire home/apt,174,159,9.43,0,0,48.65,30.49,31.95,8,0.4494
24433183,seattle,Minor,entire home/apt,128,168,-23.81,0.7111,75.61,37.33,76.58,65.74,8,0.4487
1168832383198255511,seattle,First Hill,entire home/apt,325,157,107.01,0.0222,2.67,75,46.94,31.02,8,0.3979
756167625428804683,seattle,West Woodland,entire home/apt,160,154,3.9,0.4889,54.13,68.29,74.46,60.35,12,0.4481
1304633555888131533,seattle,West Queen Anne,private room,43,46,-6.52,0.0889,10.03,67.65,33.87,44.34,8,0.6558
15407769,seattle,Broadview,entire home/apt,114,112,1.79,0.1889,23.03,100,97.04,68.33,8,0.4182
53263324,seattle,North Admiral,entire home/apt,97,166,-41.57,0.8,82.54,39.02,70.23,71.29,8,0.5325
1506034651950583737,seattle,Wallingford,entire home/apt,198,141,40.43,0.1222,15.15,24.42,0,12.01,8,0.5328
1026110723385591832,seattle,Atlantic,entire home/apt,109,174,-37.36,0.0778,9.88,61.54,15.44,47.43,8,0.4382
50874348,seattle,Alki,entire home/apt,133,159,-16.35,0.0889,12.23,64.86,32.03,46.57,8,0.4494
919590271499393720,seattle,Belltown,entire home/apt,197,169,16.57,0.8556,88.43,97.5,51.15,64.88,8,0.3663
1028405732246193241,seattle,Fauntleroy,entire home/apt,162,143,13.29,0.4,43.77,67.47,56.78,50.83,8,0.5533
1381416956317184112,seattle,North Delridge,entire home/apt,248,139,78.42,0.0111,1.22,77.14,18.47,24.15,8,0.577
1421131042701522300,seattle,North Delridge,entire home/apt,115,139,-17.27,0.1667,20.67,51.43,3.08,37.94,8,0.577
19213509,seattle,Riverview,entire home/apt,183,120,52.5,0.1778,24.06,53.42,69.94,35.65,8,0.4588
1199302285183032820,seattle,Columbia City,entire home/apt,82,132,-37.88,0.1222,16.26,53.33,33.38,51.3,8,0.4333
1371290510113125640,seattle,Atlantic,entire home/apt,62,174,-64.37,0.8,82.29,15.38,0,50.3,8,0.4382
3689461,seattle,First Hill,entire home/apt,194,157,23.57,0.2778,34.72,50,61.41,42.73,8,0.3979
1188340633648374520,seattle,North Delridge,entire home/apt,124,139,-10.79,0.2556,31.06,71.43,41.14,52.59,8,0.577
947976911933784220,seattle,Columbia City,private room,94,63,49.21,0.0889,11.86,81.82,69.96,40.55,8,0.4333
15700294,seattle,Belltown,entire home/apt,100,169,-40.83,0.0222,3.35,40,31.06,45.68,8,0.3663
33690503,seattle,Belltown,entire home/apt,99,169,-41.42,0.8667,89.3,40,88.26,77.35,8,0.3663
36595243,seattle,Maple Leaf,entire home/apt,99,117,-15.38,0.0222,2.69,100,52.2,58.2,8,0.4659
1254492526420986578,seattle,Broadway,entire home/apt,209,152,37.5,0.0333,4.64,81.71,53.14,38.39,8,0.3582
868983390120677039,seattle,Yesler Terrace,entire home/apt,108,123,-12.2,0.3111,39,83.93,75.43,66.3,9,0.3206
34781110,seattle,Haller Lake,entire home/apt,127,138,-7.97,0.3667,39.61,43.59,25.65,42.62,8,0.5492
698533299582997817,seattle,West Woodland,entire home/apt,77,154,-50,0.4,45.3,68.29,66.17,72.68,12,0.4481
721023418131839701,seattle,West Queen Anne,entire home/apt,191,173,10.4,0.6667,68.73,60.47,79.71,60.67,8,0.6558
675324739303021108,seattle,Columbia City,entire home/apt,133,132,0.76,0.0778,10.39,73.33,15.62,39.09,8,0.4333
916286072933353981,seattle,Adams,entire home/apt,273,170,60.59,0.2667,30.69,72.41,58.71,38.92,8,0.5494
39907322,seattle,North Delridge,entire home/apt,156,139,12.23,0.4,46.01,100,64.99,61.78,8,0.577
52506764,seattle,South Lake Union,entire home/apt,188,208,-9.62,0.0222,2.42,36.36,0,27.46,12,0.4872
1004558995988702228,seattle,Matthews Beach,entire home/apt,279,134,108.21,0.0222,2.38,86.84,31.85,30.15,8,0.5966
873398619573406008,seattle,Fairmount Park,entire home/apt,211,139,51.8,0.5667,61.68,72,49.52,42.72,8,0.5049
26441475,seattle,Phinney Ridge,entire home/apt,164,175,-6.29,0.6444,68.98,63.53,29.79,54.01,8,0.5468
897188690689950812,seattle,Columbia City,entire home/apt,258,132,95.45,0.9667,96.42,80,71.93,57.27,8,0.4333
1437899199339563868,seattle,East Queen Anne,entire home/apt,250,180,38.89,0.2556,34.82,60,8.42,27.4,8,0.4154
22715967,seattle,Belltown,entire home/apt,179,169,5.92,0.9222,93.52,90,69.95,71.92,8,0.3663
7257457,seattle,North Admiral,entire home/apt,234,166,40.96,1,99.12,74.39,84.99,62.38,8,0.5325
971964049921193675,seattle,Broadway,entire home/apt,132,152,-13.16,0.3,38.82,39.02,15.75,40.41,8,0.3582
1474248234749359518,seattle,Brighton,private room,74,78,-5.13,0.4222,46.25,58.33,21.84,45.83,8,0.5488
1482766598374682618,seattle,Fauntleroy,entire home/apt,105,143,-26.57,0.8111,82.92,43.37,20.7,55.58,8,0.5533
1152278992405471970,seattle,Stevens,entire home/apt,179,158,13.29,0.7889,83.86,55.88,31.7,49.68,8,0.3865
890524341736089149,seattle,Wedgwood,entire home/apt,215,139,54.68,0.1,12.14,100,29.42,34.78,12,0.467
6245498,seattle,Whittier Heights,entire home/apt,111,131,-15.27,0.4889,60.85,85.19,79.68,72.97,12,0.3568
25458599,seattle,Mann,entire home/apt,269,156,72.44,0.5556,59.06,76.92,82.6,51.69,8,0.574
54397466,seattle,Matthews Beach,entire home/apt,133,134,-0.75,0.9667,96.15,71.05,70.64,69.88,8,0.5966
28466540,seattle,First Hill,entire home/apt,124,157,-21.02,0.9333,94.15,80.56,89.02,82.53,8,0.3979
1305255116776974970,seattle,North Beach/Blue Ridge,private room,92,105,-12.38,0.7,77.36,100,4.94,60.42,8,0.436
1110906038588331072,seattle,Seaview,entire home/apt,275,129,113.18,0.4778,51.94,77.63,9.73,32.23,8,0.5226
651424520093981671,seattle,Bryant,private room,52,57,-8.77,0.9444,94.2,69.01,63.99,69.72,8,0.5798
1290645194630751600,seattle,Olympic Hills,private room,39,45,-13.33,0.0889,14.88,91.84,0,44.93,12,0.3197
19553691,seattle,Leschi,entire home/apt,176,162,8.64,0.0111,1.25,67.07,72.46,47.54,8,0.4947
1419941479392186548,seattle,Fremont,entire home/apt,179,153,16.99,0.0111,1.17,60.71,15.45,29.18,8,0.5258
41381981,seattle,Belltown,entire home/apt,172,169,1.78,0.0333,5.18,51.25,93.16,51.61,8,0.3663
675324739303021108,seattle,Columbia City,entire home/apt,133,132,0.76,0.3333,40.84,73.33,15.62,45.18,8,0.4333
1385122969182216985,seattle,Madrona,entire home/apt,159,167,-4.79,0.2222,26.68,65.63,39.8,48.13,8,0.5519
15832847,seattle,Pioneer Square,entire home/apt,130,151,-13.91,0.6889,76.27,47.69,65.27,62.67,8,0.3791
934038637600193417,seattle,Minor,private room,65,88,-26.14,0.1556,20.32,75.76,17.08,50.11,8,0.4487
22715967,seattle,Belltown,entire home/apt,179,169,5.92,0.0667,10.47,90,69.95,55.31,8,0.3663
53432514,seattle,Lawton Park,entire home/apt,295,152,94.08,0.4333,49.18,36.56,21.69,24.4,8,0.6306
42201985,seattle,Greenwood,private room,90,59,52.54,0.0556,6.31,80,86.34,42.85,8,0.6041
951615014529972539,seattle,North Beacon Hill,entire home/apt,161,148,8.78,0.4667,52.66,51.25,67.31,52.54,8,0.5336
27984069,seattle,Greenwood,entire home/apt,96,127,-24.41,0.1444,16.95,52.5,82.97,59.58,8,0.6041
1467399676164553242,seattle,Wallingford,entire home/apt,112,141,-20.57,0.3333,39.71,15.12,3.82,33.85,8,0.5328
1148272701259624034,seattle,Bryant,entire home/apt,140,157,-10.83,0.0222,2.4,8.33,0,20.81,8,0.5798
53917635,seattle,Central Business District,entire home/apt,271,187,44.92,0.5667,65.09,47.76,0,26.48,12,0.3958
49262712,seattle,Wallingford,private room,63,70,-10,0.9667,96.48,65.15,91.19,76.38,8,0.5328
46452459,seattle,South Delridge,entire home/apt,109,126,-13.49,0.5778,62.04,47.62,88.92,65.59,8,0.5932
1419677619781848323,seattle,North Queen Anne,entire home/apt,215,164,31.1,0.7889,82.56,64.94,25.34,44.75,8,0.4684
1423262814997006353,seattle,West Queen Anne,entire home/apt,102,173,-41.04,0.1111,12.54,55.81,53.78,57.22,8,0.6558
36114524,seattle,Mount Baker,entire home/apt,109,137,-20.44,0.0889,9.79,38.67,78.63,52.41,8,0.6331
772423437416351327,seattle,Wallingford,entire home/apt,130,141,-7.8,0.6222,67.84,63.95,33.58,55.29,8,0.5328
52540003,seattle,Atlantic,entire home/apt,128,174,-26.44,0.8556,87.17,61.54,87.07,77.52,8,0.4382
1446737710056129923,seattle,Fauntleroy,entire home/apt,214,143,49.65,0.2444,27.95,19.28,0,10.51,8,0.5533
1138751400323352928,seattle,East Queen Anne,entire home/apt,334,180,85.56,0.7333,79.58,52.94,47.03,40.91,8,0.4154
31116686,seattle,Mount Baker,entire home/apt,114,137,-16.79,0.0889,9.79,74.67,55.86,54.63,8,0.6331
5581705,seattle,Roosevelt,entire home/apt,136,145,-6.21,0.5778,64.82,65.82,81.88,66.75,8,0.5181
651709886023739183,seattle,Phinney Ridge,entire home/apt,341,175,94.86,0.4556,51.12,89.41,38.99,42.33,8,0.5468
594587924827266485,seattle,West Woodland,entire home/apt,152,154,-1.3,0.4778,53.05,41.46,17.39,40.71,12,0.4481
12379796,seattle,Wallingford,entire home/apt,65,141,-53.9,0.7778,81.22,40.7,51.36,69.26,8,0.5328
34397966,seattle,First Hill,private room,132,166,-20.48,0.2333,29.57,100,70.32,69.64,8,0.3979
695710250281871793,seattle,Broadway,entire home/apt,298,152,96.05,0.2,27.03,68.29,60.93,37.71,8,0.3582
43861016,seattle,Lawton Park,entire home/apt,95,152,-37.5,0.8667,87.98,33.33,86.03,73.69,8,0.6306
1237268646973867171,seattle,Wallingford,entire home/apt,177,141,25.53,0.6667,71.76,53.49,24.02,41.07,8,0.5328
51650986,seattle,North Beacon Hill,entire home/apt,148,148,0,0.4556,51.61,80,10.22,47.88,8,0.5336
613728741973486179,seattle,Belltown,entire home/apt,168,169,-0.59,0.3889,49.16,76.25,66.52,60.7,8,0.3663
884022569601206142,seattle,High Point,entire home/apt,205,136,50.74,0.7444,76.18,93.22,23.55,44.43,8,0.7009
624309889754626864,seattle,Wallingford,entire home/apt,243,141,72.34,0.0778,9.61,75.58,63.02,36.57,8,0.5328
3469590,seattle,Mann,entire home/apt,185,156,18.59,0.2444,27.82,35.38,39.55,33.72,8,0.574
656071664371697729,seattle,Greenwood,entire home/apt,137,127,7.87,0.4333,48.48,66.25,71.33,56.73,8,0.6041
1320889805564365190,seattle,North Queen Anne,entire home/apt,226,164,37.8,0.8222,85.26,32.47,13.74,32.26,8,0.4684
1124770932118114276,seattle,University District,entire home/apt,109,113,-3.54,0.0111,1.34,57.89,20.51,35.93,8,0.5192
1434556447470279298,seattle,Atlantic,entire home/apt,70,174,-59.77,0.5222,57.02,10.26,0,43.97,8,0.4382
49598714,seattle,Fremont,entire home/apt,82,153,-46.41,0.7,73.16,58.33,78.79,77.83,8,0.5258
1513800400757287947,seattle,Rainier Beach,private room,50,68,-26.47,0.2889,37.93,15.28,0,34.35,8,0.4234
1145272634428660260,seattle,Alki,entire home/apt,139,159,-12.58,0.2111,27.41,58.11,40.37,48.88,8,0.4494
54397152,seattle,Minor,private room,75,88,-14.77,0.9556,95.69,74.24,82.08,77.65,8,0.4487
24286056,seattle,Belltown,entire home/apt,185,169,9.47,0.3111,41.17,37.5,48.18,41.81,8,0.3663
1268298206235027970,seattle,Roosevelt,entire home/apt,228,145,57.24,0.2333,30.09,55.7,3.29,20.77,8,0.5181
26566116,seattle,Broadview,entire home/apt,143,112,27.68,0.2444,29.08,58.06,59.64,41.94,8,0.4182
868960031210515615,seattle,Yesler Terrace,entire home/apt,103,123,-16.26,0.0667,9.71,46.43,75.43,52.29,9,0.3206
903634462779222398,seattle,North Beacon Hill,entire home/apt,94,148,-36.49,0.8889,89.9,57.5,71.08,76.07,8,0.5336
1127649768503294698,seattle,Adams,entire home/apt,137,170,-19.41,0.1333,15.63,37.93,30.89,41.16,8,0.5494
13141142,seattle,Wallingford,entire home/apt,124,141,-12.06,0.3111,37.25,27.91,56.24,47.1,8,0.5328
1268298206235027970,seattle,Roosevelt,entire home/apt,228,145,57.24,0.2556,32.54,55.7,3.29,21.26,8,0.5181
1266659187201246131,seattle,Atlantic,entire home/apt,292,174,67.82,0.4778,52.84,42.31,22.83,26.85,8,0.4382
43461448,seattle,Rainier Beach,entire home/apt,176,142,23.94,0.9889,98.29,77.17,59.57,61.66,8,0.4234
848831962420280944,seattle,Mann,entire home/apt,103,156,-33.97,1,99.04,60,66.54,76.64,8,0.574
49406615,seattle,Seaview,entire home/apt,104,129,-19.38,0.7889,81.34,86.84,44.25,69.86,8,0.5226
966239523394517048,seattle,International District,private room,151,129,17.05,0.2333,25.55,69.77,14.4,36.04,8,0.4027
25458599,seattle,Mann,entire home/apt,269,156,72.44,0.9,90.27,76.92,82.6,57.93,8,0.574
53148020,seattle,Stevens,entire home/apt,334,158,111.39,0.6111,69.44,98.53,78.03,58.03,8,0.3865
49796935,seattle,University District,entire home/apt,108,113,-4.42,0.4222,47.05,48.68,23.56,43.8,8,0.5192
8902327,seattle,Portage Bay,entire home/apt,127,149,-14.77,0.5111,56.15,37.21,80.52,60.09,12,0.5225
785469105591142352,seattle,Fairmount Park,entire home/apt,157,139,12.95,0.1111,14.06,84,80.34,55.01,8,0.5049
28411010,seattle,Broadway,entire home/apt,128,152,-15.79,0.8778,90.15,62.2,95.52,77.2,8,0.3582
47822303,seattle,Pike-Market,entire home/apt,183,224,-18.3,0.8667,89.92,41.56,16.23,52.92,12,0.3611
7800143,seattle,North Admiral,entire home/apt,239,166,43.98,0.4111,47.45,63.41,45.48,38.52,8,0.5325
1494918200733832482,seattle,West Queen Anne,private room,51,46,10.87,0.7444,76.1,94.12,13.22,53.79,8,0.6558
26425599,seattle,Columbia City,entire home/apt,243,132,84.09,0.6222,67.53,54.67,90.74,49.86,8,0.4333
1128637507135970834,seattle,Belltown,entire home/apt,255,169,50.89,0.0222,3.35,57.5,0,15.05,8,0.3663
1400060429358789749,seattle,North Queen Anne,entire home/apt,164,164,0,0.1778,24.55,66.23,24.55,42.61,8,0.4684
39320169,seattle,North Delridge,private room,38,53,-28.3,0.3111,36.98,41.1,83.86,62.13,8,0.577
1065692938755668123,seattle,First Hill,entire home/apt,151,157,-3.82,0.0333,4.14,70.83,55.67,48.6,8,0.3979
669747938894499321,seattle,Eastlake,entire home/apt,249,172,44.77,0.5222,59.14,82.93,79.09,53.9,8,0.3104
1083714601682222551,seattle,Eastlake,entire home/apt,72,172,-58.14,0.5556,62.26,57.32,20.94,62.02,8,0.3104
13925303,seattle,University District,private room,60,56,7.14,0.8,82.12,69.12,86.36,68.15,8,0.5192
640779949060127513,seattle,Madison Park,entire home/apt,233,233,0,0.0222,2.49,78.13,0.6,35.18,7,0.5285
49798584,seattle,West Queen Anne,entire home/apt,237,173,36.99,0.5556,58.14,62.79,84.47,52.35,8,0.6558
5900224,seattle,Belltown,entire home/apt,142,169,-15.98,0.5444,63.47,72.5,90.91,73.34,8,0.3663
33531706,seattle,Haller Lake,private room,50,52,-3.85,0.3222,35.16,94.55,41.71,57.25,8,0.5492
1236402795557787863,seattle,Columbia City,entire home/apt,168,132,27.27,0.9889,98.25,49.33,41.43,49.16,8,0.4333
1085937067923470996,seattle,Arbor Heights,entire home/apt,108,131,-17.56,0.2667,35.39,72.06,55.23,59.17,8,0.4468
1211463845435845069,seattle,Broadway,private room,341,120,184.17,0.1444,19.9,2.63,0,4.64,8,0.3582
39561422,seattle,North Beacon Hill,entire home/apt,116,148,-21.62,0.1222,15.55,71.25,94.51,66.04,8,0.5336
1339547740395323597,seattle,Belltown,entire home/apt,156,169,-7.69,0.8222,85.83,77.5,33.76,62.29,8,0.3663
826562466284879756,seattle,Yesler Terrace,entire home/apt,142,123,15.45,0.7,75.11,57.14,0,39.67,9,0.3206
1400906065390075150,seattle,Eastlake,entire home/apt,270,172,56.98,0.2333,29.76,60.98,15.21,25,8,0.3104
724758795134613886,seattle,Crown Hill,entire home/apt,110,113,-2.65,0,0,65.43,59.22,46.96,12,0.4223
26259360,seattle,Arbor Heights,entire home/apt,112,131,-14.5,0.0667,10.04,61.76,70.12,54.33,8,0.4468
9907337,seattle,Green Lake,entire home/apt,212,150,41.33,0.3444,41.09,52.56,74.13,42.49,8,0.4616
824305633720359543,seattle,Broadway,entire home/apt,172,152,13.16,0.6,67.87,69.51,66.31,58.58,8,0.3582
637710,seattle,Fremont,entire home/apt,222,153,45.1,0.0889,11.14,46.43,70.1,32.83,8,0.5258
878362061551147886,seattle,Ravenna,entire home/apt,100,150,-33.33,0,0,52.24,62.61,53.71,8,0.5201
46928633,seattle,Green Lake,private room,200,72,177.78,0.9778,97.45,100,33.59,52.89,8,0.4616
1456915795477457401,seattle,Mid-Beacon Hill,entire home/apt,207,165,25.45,0.6778,73.67,60.82,22.59,42.95,8,0.4749
48801924,seattle,Broadway,entire home/apt,158,152,3.95,0.3889,48.08,36.59,15.75,36.52,8,0.3582
1086592632845214960,seattle,University District,entire home/apt,137,113,21.24,0.3889,43.74,61.84,83.44,53.7,8,0.5192
1185524753016676346,seattle,Greenwood,entire home/apt,192,127,51.18,0.8333,85.01,68.75,51.74,47.12,8,0.6041
668895842634640684,seattle,North Beach/Blue Ridge,entire home/apt,153,145,5.52,0.2444,33.85,76.47,77.36,58.57,8,0.436
53432514,seattle,Lawton Park,entire home/apt,295,152,94.08,0.2,23.96,36.56,21.69,19.35,8,0.6306
655104930835168783,seattle,Belltown,entire home/apt,194,169,14.79,0.0778,12.17,76.25,69.18,49.35,8,0.3663
1211463845435845069,seattle,Broadway,private room,341,120,184.17,0.0667,9.32,2.63,0,2.52,8,0.3582
1379353084022038126,seattle,East Queen Anne,entire home/apt,100,180,-44.44,0.2667,36.13,18.82,8.42,42.37,8,0.4154
14696993,seattle,Wallingford,entire home/apt,107,141,-24.11,0.2444,29.67,50,94.01,64.17,8,0.5328
9887142,seattle,Wedgwood,entire home/apt,105,139,-24.46,0.5111,57.49,50.79,91.81,69.49,12,0.467
1101532843240499164,seattle,Seward Park,entire home/apt,156,145,7.59,0.6,68.85,84.51,25.31,53.95,8,0.4488
1309402045894284945,seattle,Broadway,entire home/apt,138,152,-9.21,0.1,13.91,35.37,0,29.39,8,0.3582
842296106377253917,seattle,West Queen Anne,entire home/apt,271,173,56.65,0.5222,54.97,74.42,31.09,37.37,8,0.6558
1187071175004234369,seattle,Maple Leaf,private room,41,49,-16.33,0.1111,14.34,100,19.3,52.59,8,0.4659
1482618617378444081,seattle,Madison Park,entire home/apt,307,233,31.76,0.9,91.49,81.25,0.6,44.23,7,0.5285
15554062,seattle,Belltown,entire home/apt,149,169,-11.83,0.7444,79.73,50,96.7,71.17,8,0.3663
545636290238959308,seattle,East Queen Anne,entire home/apt,261,180,45,0.2444,33.51,65.88,43.39,35.52,8,0.4154
1016001696775451898,seattle,University District,entire home/apt,222,113,96.46,0.2889,33.37,76.32,59.32,40.58,8,0.5192
4286182,seattle,Mann,entire home/apt,134,156,-14.1,0.3,33.91,87.69,92.68,71.11,8,0.574
6991188,seattle,Minor,entire home/apt,154,168,-8.33,0.3667,44.42,69.33,98.22,68.27,8,0.4487
53298186,seattle,Pinehurst,entire home/apt,91,126,-27.78,0.0667,8.72,54.29,76.38,57.74,8,0.5063
44447948,seattle,North Beacon Hill,private room,79,85,-7.06,0.7556,78.63,43.33,37.23,52.98,8,0.5336
17825371,seattle,Seward Park,entire home/apt,203,145,40,0.1444,19.67,67.61,15.56,27.72,8,0.4488
23075059,seattle,Belltown,entire home/apt,108,169,-36.09,0.0778,12.17,55,91.52,64.89,8,0.3663
6991188,seattle,Minor,entire home/apt,154,168,-8.33,0.0667,8.83,69.33,98.22,61.15,8,0.4487
18630803,seattle,North Beacon Hill,entire home/apt,127,148,-14.19,0.6222,66.91,63.75,91.69,71.5,8,0.5336
1170258262429514757,seattle,Maple Leaf,entire home/apt,99,117,-15.38,0.6333,67.97,68.06,43.18,61.02,8,0.4659
15299612,seattle,Adams,entire home/apt,147,170,-13.53,0.0667,7.71,52.87,91.01,56.57,8,0.5494
987043314473540383,seattle,Wedgwood,entire home/apt,189,139,35.97,0.7889,83.12,92.06,17.28,48.17,12,0.467
969856762598277328,seattle,Wallingford,entire home/apt,194,141,37.59,0,0,48.84,55.08,29.7,8,0.5328
1100874267727869720,seattle,Lawton Park,entire home/apt,146,152,-3.95,0.5222,57.82,53.76,58.49,55.81,8,0.6306
1131327955732191309,seattle,North Delridge,entire home/apt,89,139,-35.97,0.4222,48.24,45.71,45.09,58.14,8,0.577
1416433028411087979,seattle,West Woodland,entire home/apt,131,154,-14.94,0.4222,47.6,58.54,50.27,56.2,12,0.4481
940611419726672486,seattle,Haller Lake,entire home/apt,165,138,19.57,0.6,62.1,82.05,13.16,45.35,8,0.5492
908266533940228783,seattle,Minor,private room,70,88,-20.45,0.8333,85.84,54.55,0,51.94,8,0.4487
1175562326776553990,seattle,West Queen Anne,private room,46,46,0,0.9778,97.12,100,56.14,73.46,8,0.6558
541742334983011345,seattle,Ravenna,entire home/apt,231,150,54,0.9222,92.27,85.07,66.23,56.28,8,0.5201
1187889511494416984,seattle,Madrona,entire home/apt,116,167,-30.54,0.6111,65.03,81.25,4.21,58.53,8,0.5519
49907715,seattle,North Beacon Hill,private room,71,85,-16.47,0.8778,88.98,40,78.85,67.45,8,0.5336
53919043,seattle,Alki,entire home/apt,201,159,26.42,0.9111,92.91,87.84,52.12,60.65,8,0.4494
975568431939563480,seattle,Mid-Beacon Hill,entire home/apt,300,165,81.82,0.2667,33.14,17.53,39.73,20.94,8,0.4749
52187857,seattle,Broadway,private room,157,120,30.83,0.8444,87.57,43.42,65.1,50.4,8,0.3582
1333125018634980770,seattle,Haller Lake,shared room,20,20,0,0.4111,44.03,97.56,45.71,59.62,8,0.5492
586311462195536658,seattle,Rainier Beach,entire home/apt,107,142,-24.65,0.0778,11.07,67.39,72.88,59.68,8,0.4234
53888431,seattle,High Point,entire home/apt,138,136,1.47,0.1333,13.9,81.36,41.9,48.15,8,0.7009
28414569,seattle,Laurelhurst,entire home/apt,113,169,-33.14,0.2333,30.32,53.03,77.46,63.63,8,0.5466
1401008423993732519,seattle,South Delridge,entire home/apt,77,126,-38.89,0.2,23.71,44.05,42.26,52.99,8,0.5932
36491125,seattle,First Hill,entire home/apt,147,157,-6.37,0.7889,82.63,66.67,57.39,64.45,8,0.3979
1045288638995583887,seattle,Belltown,private room,182,182,0,0.7556,80.6,27.71,37.97,47.54,8,0.3663
16602889,seattle,University District,entire home/apt,184,113,62.83,0.7556,78.23,71.05,97.09,57.68,8,0.5192
1111184528616795599,seattle,East Queen Anne,entire home/apt,175,180,-2.78,0.7778,83.01,77.65,16.17,55.89,8,0.4154
1289172871923057891,twin_cities,Hennepin,entire home/apt,193,133,45.11,0.0333,4.76,20.41,7.37,9.36,8,0.3984
973522571011527362,twin_cities,Hennepin,private room,60,58,3.45,0.4889,57.6,40.79,50.15,48.22,8,0.3984
1101793355261155740,twin_cities,Dakota,entire home/apt,270,141,91.49,0.4111,49.92,75,74.47,47.35,8,0.3777
681052134870602809,twin_cities,Hennepin,entire home/apt,185,133,39.1,0.7222,77.49,38.78,32.34,36.55,8,0.3984
1444180532335236954,twin_cities,Hennepin,entire home/apt,103,133,-22.56,0.7889,82.87,52.04,32.34,59.43,8,0.3984
1147917063862644830,twin_cities,Ramsey,entire home/apt,68,125,-45.6,0.3333,43.09,48.94,50.52,62.16,8,0.3844
958953616484288299,twin_cities,Anoka,entire home/apt,329,190,73.16,0.4333,50.95,73.63,88.05,50.61,8,0.356
1216690775512781227,twin_cities,Pierce,entire home/apt,152,136,11.76,0.1889,32.11,52.27,31.23,38.77,12,0.3057
1082126515189599430,twin_cities,Hennepin,entire home/apt,113,133,-15.04,0.0111,1.46,65.31,66.25,52.69,8,0.3984
48031912,twin_cities,Chisago,private room,147,135,8.89,0.0444,8.16,67.92,51.33,43.78,8,0.3107
860528687748074242,twin_cities,Hennepin,entire home/apt,155,133,16.54,0.1222,17.34,58.16,50.15,40.58,8,0.3984
839964811373910046,twin_cities,St. Croix,entire home/apt,77,166,-53.61,0,0,13.33,38.04,42.84,8,0.2703
1009372435397069281,twin_cities,Ramsey,entire home/apt,101,125,-19.2,0.3333,43.09,46.81,44.03,52.09,8,0.3844
1344158587170602269,twin_cities,Pierce,entire home/apt,68,136,-50,0.0333,5.93,45.45,11.76,45.49,12,0.3057
1110189406879404783,twin_cities,Hennepin,entire home/apt,186,133,39.85,0.6778,73.82,32.65,44.45,37.08,8,0.3984
21473196,twin_cities,Hennepin,entire home/apt,84,133,-36.84,0.5222,60.54,27.55,74.54,63.68,8,0.3984
1328973525535659334,twin_cities,Hennepin,entire home/apt,151,133,13.53,0.3889,48.2,19.39,54.99,39.17,8,0.3984
1430077672080339314,twin_cities,Anoka,private room,68,54,25.93,0.9889,98.34,28.92,0,34.12,8,0.356
1050026336429682918,twin_cities,Scott,entire home/apt,230,170,35.29,0.9222,92.63,97.5,85.76,68.75,8,0.426
22973592,twin_cities,Dakota,private room,80,75,6.67,1,99.21,67.5,69.9,67.19,8,0.3777
1471298288451227055,twin_cities,Hennepin,entire home/apt,108,133,-18.8,0.9222,93.28,44.9,0,50.52,8,0.3984
1133216517922177831,twin_cities,Hennepin,entire home/apt,147,133,10.53,0.4333,52.52,58.16,17.64,41.3,8,0.3984
677535396531964842,twin_cities,Hennepin,private room,31,58,-46.55,0.0222,3.13,57.89,0,44.07,8,0.3984
683703180206343843,twin_cities,Hennepin,private room,72,58,24.14,0.9556,95.82,53.95,35.85,49.37,8,0.3984
36389447,twin_cities,Ramsey,private room,63,52,21.15,0.1222,17.62,70.13,94.02,53.22,8,0.3844
21423300,twin_cities,Hennepin,entire home/apt,328,133,146.62,0.3556,44.85,57.14,83.87,44.22,8,0.3984
22648434,twin_cities,Hennepin,entire home/apt,100,133,-24.81,0.3778,47.1,35.71,79.81,60.74,8,0.3984
1324869008149614987,twin_cities,Sherburne,entire home/apt,165,178,-7.3,0.3667,43.18,53.7,31.07,47.02,8,0.4043
1224945780627591665,twin_cities,Dakota,entire home/apt,144,141,2.13,0.0444,6.36,68.75,54.83,46.53,8,0.3777
1127195798214609105,twin_cities,Hennepin,entire home/apt,100,133,-24.81,0.5444,62.49,42.86,44.95,56.89,8,0.3984
1286545046884173227,twin_cities,Hennepin,entire home/apt,125,133,-6.02,0.1222,17.34,46.94,48.89,44.23,8,0.3984
821908123345251930,twin_cities,Ramsey,entire home/apt,118,125,-5.6,0.1,14.55,73.4,62.95,53.68,8,0.3844
629601271707303342,twin_cities,Hennepin,entire home/apt,214,133,60.9,0.1111,15.82,38.78,52.78,26.05,8,0.3984
1475340162544315151,twin_cities,Hennepin,entire home/apt,99,133,-25.56,0.3111,40.2,45.92,17.64,46.6,8,0.3984
994986020862444391,twin_cities,Dakota,entire home/apt,83,141,-41.13,0.2667,34.33,62.5,62.63,65.49,8,0.3777
1043037299632909338,twin_cities,Ramsey,private room,39,52,-25,0.1778,24.98,48.05,27.53,46.39,8,0.3844
1134032413347824749,twin_cities,Dakota,private room,54,75,-28,0.4778,56.78,8.75,0,36.94,8,0.3777
833363400738218379,twin_cities,Hennepin,entire home/apt,238,133,78.95,0.1111,15.82,80.61,75.97,42.31,8,0.3984
587010605540888487,twin_cities,Ramsey,entire home/apt,240,125,92,0.3333,43.09,65.96,59.83,40.06,8,0.3844
40800170,twin_cities,Hennepin,entire home/apt,185,133,39.1,0.5222,60.54,67.35,82.11,52.74,8,0.3984
52604558,twin_cities,Hennepin,private room,78,58,34.48,0.3667,45.98,34.21,54.99,36.15,8,0.3984
712370100559572979,twin_cities,Washington,entire home/apt,306,202,51.49,0.2333,32.36,68.29,68.86,40.76,8,0.395
1178930298154936426,twin_cities,Wright,entire home/apt,199,196,1.53,0.4,47.58,61.22,43.47,50.23,8,0.3422
734332860198688565,twin_cities,Wright,entire home/apt,166,196,-15.31,0.2778,34.78,59.18,18.71,46.02,8,0.3422
1194340243718568995,twin_cities,Ramsey,private room,37,52,-28.85,0.5,59.14,57.14,9.84,52.23,8,0.3844
52722215,twin_cities,Hennepin,entire home/apt,111,133,-16.54,0.0333,4.76,34.69,7.37,31.43,8,0.3984
1437113610341122871,twin_cities,Ramsey,private room,35,52,-32.69,0.8222,85.64,61.04,0,57.2,8,0.3844
22742704,twin_cities,Hennepin,entire home/apt,74,133,-44.36,0.8667,88.99,33.67,98.15,79.06,8,0.3984
699196003695152991,twin_cities,Hennepin,private room,58,58,0,0.0333,4.76,43.42,87.82,48.76,8,0.3984
1101793355261155740,twin_cities,Dakota,entire home/apt,270,141,91.49,0.6556,72.69,75,74.47,51.91,8,0.3777
800944315184661133,twin_cities,Hennepin,entire home/apt,77,133,-42.11,0.9778,97.5,61.22,77.1,81.71,8,0.3984
1475420270457152666,twin_cities,Hennepin,entire home/apt,66,133,-50.38,0.6444,71.03,46.94,12,58.94,8,0.3984
22669967,twin_cities,Hennepin,entire home/apt,81,133,-39.1,0.1778,24.64,27.55,85.4,59.89,8,0.3984
1251530299674674006,twin_cities,Hennepin,entire home/apt,326,133,145.11,0.3,39,46.94,34.85,28.25,8,0.3984
895195572206403376,twin_cities,Hennepin,entire home/apt,400,133,200.75,0.4889,57.6,85.71,59.25,47.76,8,0.3984
1248593809996351153,twin_cities,Hennepin,entire home/apt,149,133,12.03,0.9556,95.82,24.49,32.34,44.76,8,0.3984
1475420270457152666,twin_cities,Hennepin,entire home/apt,66,133,-50.38,0.9444,94.98,46.94,12,63.73,8,0.3984
975208203398340921,twin_cities,Hennepin,private room,29,58,-50,0.2,27.42,34.21,0,44.04,8,0.3984
8066269,twin_cities,Ramsey,private room,42,52,-19.23,0.0556,8.13,76.62,55.18,55.34,8,0.3844
851979914197305934,twin_cities,Ramsey,entire home/apt,113,125,-9.6,0.5556,63.95,50,71.73,61.1,8,0.3844
15867604,twin_cities,Hennepin,entire home/apt,90,133,-32.33,0.0889,12.74,37.76,78.28,56.26,8,0.3984
1492088261711482158,twin_cities,Dakota,private room,34,75,-54.67,0.3778,46.42,13.75,0,42.72,8,0.3777
1204430757863539928,twin_cities,Ramsey,entire home/apt,89,125,-28.8,0.3667,46.58,53.19,0,46.25,8,0.3844
25969105,twin_cities,Hennepin,entire home/apt,116,133,-12.78,0.0889,12.74,40.82,53.64,45,8,0.3984
762333397443084974,twin_cities,Dakota,private room,50,75,-33.33,0.0556,7.93,17.5,52.53,44.09,8,0.3777
861804993803642448,twin_cities,Hennepin,entire home/apt,158,133,18.8,0.8333,86.38,50,77.1,58.41,8,0.3984
993709851308422157,twin_cities,Sibley,entire home/apt,88,170,-48.24,0.9,94.94,100,22.47,79.08,8,0.505
21250914,twin_cities,Pierce,entire home/apt,177,136,30.15,0.5889,71.67,64.77,91.29,59.31,12,0.3057
6659752,twin_cities,Washington,entire home/apt,150,202,-25.74,0.2444,33.68,74.39,96.49,72.18,8,0.395
1480829641110875296,twin_cities,Washington,entire home/apt,317,202,56.93,0.0556,8.19,60.98,6.76,18.57,8,0.395
27824875,twin_cities,St. Croix,entire home/apt,176,166,6.02,0.1667,27.55,50.67,93.82,54.82,8,0.2703
1290020484148379020,twin_cities,Hennepin,entire home/apt,286,133,115.04,0.8111,84.63,36.73,39.71,36.04,8,0.3984
1497494622887196813,twin_cities,Hennepin,private room,105,58,81.03,0.2333,31.44,57.89,0,20.76,8,0.3984
930342490020655000,twin_cities,Ramsey,entire home/apt,131,125,4.8,0.2556,34.47,58.51,58.94,49.82,8,0.3844
45541107,twin_cities,Hennepin,entire home/apt,172,133,29.32,0.7778,81.98,50,80.42,55.21,8,0.3984
42119903,twin_cities,Hennepin,entire home/apt,300,133,125.56,0.0333,4.76,54.08,55.64,28.38,8,0.3984
17746482,twin_cities,Hennepin,private room,44,58,-24.14,0.3444,43.7,51.32,95.08,67.58,8,0.3984
33307346,twin_cities,Hennepin,private room,50,58,-13.79,0.0222,3.13,76.32,89.25,61.16,8,0.3984
1188442308491408865,twin_cities,Hennepin,private room,109,58,87.93,0.0556,7.99,53.95,38.97,24.83,8,0.3984
18412900,twin_cities,Hennepin,private room,33,58,-43.1,0.0778,11.18,60.53,96.87,69.51,8,0.3984
54034776,twin_cities,Ramsey,entire home/apt,251,125,100.8,0.0333,4.82,47.87,0,12.93,8,0.3844
54122310,twin_cities,Ramsey,entire home/apt,119,125,-4.8,0.2556,34.47,53.19,67.65,53.54,8,0.3844
648394936867370521,twin_cities,Chisago,entire home/apt,225,179,25.7,0.5556,63.79,65.88,26.31,43.1,8,0.3107
13201315,twin_cities,Ramsey,entire home/apt,200,125,60,0.6889,75.03,7.45,12.42,19.97,8,0.3844
823115876105369681,twin_cities,Ramsey,entire home/apt,172,125,37.6,0.0111,1.46,37.23,57.34,27.65,8,0.3844
1292289151201779134,twin_cities,Hennepin,entire home/apt,112,133,-15.79,0.8778,89.85,43.88,51.9,61.65,8,0.3984
1435064305846460904,twin_cities,Wright,entire home/apt,81,196,-58.67,0.6667,72.01,45.92,36.44,64.99,8,0.3422
1158011489396183242,twin_cities,Hennepin,entire home/apt,133,133,0,0.6444,71.03,53.06,66.25,59.03,8,0.3984
49757704,twin_cities,Hennepin,entire home/apt,145,133,9.02,0.3667,45.98,52.04,44.95,45.74,8,0.3984
1424949580175946018,twin_cities,Ramsey,entire home/apt,159,125,27.2,0.2889,38.23,56.38,32.26,36.65,8,0.3844
52883230,twin_cities,Ramsey,entire home/apt,114,125,-8.8,0.3222,41.9,50,38.22,48.07,8,0.3844
1307170382815936672,twin_cities,Hennepin,entire home/apt,61,133,-54.14,0.4444,53.56,41.84,0,51.17,8,0.3984
1441383654081278817,twin_cities,Hennepin,entire home/apt,140,133,5.26,0.9556,95.82,10.2,20.48,40.26,8,0.3984
1368972578763289457,twin_cities,Hennepin,entire home/apt,168,133,26.32,0.8222,85.51,55.1,39.71,47.91,8,0.3984
1106529970249465405,twin_cities,Pierce,entire home/apt,168,136,23.53,0.7111,80.23,80.68,39.41,54.01,12,0.3057
1050206706020357776,twin_cities,St. Croix,entire home/apt,77,166,-53.61,0.0111,2.07,12,30.35,41,8,0.2703
38330774,twin_cities,Hennepin,entire home/apt,62,133,-53.38,0.0556,7.99,38.78,22.12,46.82,8,0.3984
1162037483908231401,twin_cities,Hennepin,entire home/apt,139,133,4.51,0.4222,51.46,47.96,51.39,48.78,8,0.3984
1091322059320323767,twin_cities,Hennepin,entire home/apt,193,133,45.11,0.5111,59.56,27.55,7.37,22.11,8,0.3984
42684529,twin_cities,Hennepin,entire home/apt,139,133,4.51,0.5333,61.52,53.06,84.4,60.31,8,0.3984
52223997,twin_cities,Hennepin,entire home/apt,56,133,-57.89,0.2333,31.44,38.78,75.67,64.9,8,0.3984
1028973316785737478,twin_cities,Hennepin,entire home/apt,229,133,72.18,0.6556,71.96,53.06,36.96,36.9,8,0.3984
1272767641979107945,twin_cities,Washington,entire home/apt,315,202,55.94,0.6667,73.68,57.32,32.71,37.24,8,0.395
741160556347125472,twin_cities,Wright,entire home/apt,168,196,-14.29,0.8333,86.07,48.98,53.07,62.01,8,0.3422
986135122407286693,twin_cities,Hennepin,entire home/apt,120,133,-9.77,0.6889,74.74,60.2,76.9,67.16,8,0.3984
1219597171247393581,twin_cities,Hennepin,entire home/apt,216,133,62.41,0.3667,45.98,48.98,43.4,32.29,8,0.3984
1475594746246570356,twin_cities,Ramsey,entire home/apt,109,125,-12.8,0.2111,29.17,50,0,37.17,8,0.3844
6064690,twin_cities,Sherburne,private room,105,68,54.41,0.9778,97.21,35.19,65.06,44.5,8,0.4043
1272767641979107945,twin_cities,Washington,entire home/apt,315,202,55.94,0.6111,68.98,57.32,32.71,36.3,8,0.395
1443721073492492284,twin_cities,Ramsey,entire home/apt,91,125,-27.2,0.3222,41.9,38.3,23.66,47.03,8,0.3844
690642121524994352,twin_cities,St. Croix,entire home/apt,343,166,106.63,0.1444,24.4,72,67.12,39.66,8,0.2703
1204195407711054267,twin_cities,Ramsey,entire home/apt,82,125,-34.4,0.9556,95.88,46.81,40.9,66.42,8,0.3844
1051039040733574038,twin_cities,Hennepin,entire home/apt,52,133,-60.9,0.0111,1.46,16.33,7.37,36.22,8,0.3984
556669257621844060,twin_cities,Wright,entire home/apt,180,196,-8.16,0.6222,68.16,59.18,73.64,64.29,8,0.3422
681519305828567013,twin_cities,Ramsey,entire home/apt,392,125,213.6,0.6333,70.48,89.36,49.07,48.7,8,0.3844
29368917,twin_cities,Ramsey,entire home/apt,84,125,-32.8,0.3333,43.09,52.13,87.76,68.43,8,0.3844
783238672519117197,twin_cities,Ramsey,entire home/apt,281,125,124.8,0.9222,93.37,31.91,43.13,37.44,8,0.3844
889692041011044112,twin_cities,Hennepin,entire home/apt,83,133,-37.59,0.9667,96.66,50,43.4,68.96,8,0.3984
1511054193342643082,twin_cities,Mille Lacs,entire home/apt,211,213,-0.94,0.0667,12.66,61.25,0,33.13,12,0.2771
1253252110906517891,twin_cities,Hennepin,private room,78,58,34.48,0.5556,63.45,84.21,24.06,44.41,8,0.3984
40263364,twin_cities,Ramsey,private room,42,52,-19.23,0.3556,45.43,74.03,31.33,56.2,8,0.3844
1140697007733018665,twin_cities,Sherburne,entire home/apt,59,178,-66.85,0.1222,16.22,5.56,34.51,43.26,8,0.4043
1297838082549753197,twin_cities,Hennepin,entire home/apt,167,133,25.56,0.8222,85.51,11.22,7.37,29.08,8,0.3984
1128386497694072210,twin_cities,Ramsey,entire home/apt,79,125,-36.8,0.0889,12.98,48.94,6.72,42.55,8,0.3844
875223435767167901,twin_cities,Hennepin,private room,86,58,48.28,0.9556,95.82,67.11,33.33,44.79,8,0.3984
19673335,twin_cities,Hennepin,entire home/apt,149,133,12.03,0.8889,90.71,57.14,87.1,65.59,8,0.3984
859615475884013734,twin_cities,Wright,entire home/apt,250,196,27.55,0.5333,60.22,76.53,24.83,44.12,8,0.3422
20636515,twin_cities,Pierce,entire home/apt,155,136,13.97,0.3667,52.25,59.09,94.32,59.61,12,0.3057
858142479216612398,twin_cities,Anoka,entire home/apt,211,190,11.05,0.7222,76.97,71.43,58.92,59.67,8,0.356
33305391,twin_cities,Hennepin,private room,51,58,-12.07,0.8667,88.99,71.05,94.62,77.84,8,0.3984
1328754004935570749,twin_cities,Washington,entire home/apt,180,202,-10.89,0.6889,75.51,50,0,45.87,8,0.395
51969660,twin_cities,Ramsey,entire home/apt,225,125,80,0.1444,20.62,60.64,91.94,42.27,8,0.3844
895676852930345752,twin_cities,Hennepin,private room,55,58,-5.17,0.6222,69.15,81.58,89.34,73.11,8,0.3984
49178167,twin_cities,Hennepin,entire home/apt,112,133,-15.79,0.7333,78.4,71.43,28.55,60.41,8,0.3984
1112244384371558711,twin_cities,Ramsey,entire home/apt,60,125,-52,0.2889,38.23,70.21,0,55.2,8,0.3844
1247038461966123298,twin_cities,Hennepin,entire home/apt,102,133,-23.31,0.4444,53.56,44.9,12,46.93,8,0.3984
22701725,twin_cities,Hennepin,entire home/apt,375,133,181.95,0.5,58.58,58.16,26.48,32.88,8,0.3984
1375361431416163691,twin_cities,Hennepin,private room,219,58,277.59,0.7444,79.3,30.26,38.02,32.93,8,0.3984
1503779340649122836,twin_cities,Ramsey,entire home/apt,128,125,2.4,0.6889,75.03,48.94,0,41.52,8,0.3844
805275276471211751,twin_cities,St. Croix,entire home/apt,150,166,-9.64,0.1222,20.99,29.33,0,29.42,8,0.2703
22828040,twin_cities,Ramsey,entire home/apt,72,125,-42.4,0.3333,43.09,51.06,97.9,73.58,8,0.3844
17650826,twin_cities,Sherburne,entire home/apt,256,178,43.82,0.4,46.37,37.04,88.31,42.46,8,0.4043
22865431,twin_cities,Hennepin,private room,76,58,31.03,0.2444,32.75,64.47,94.47,51.97,8,0.3984
49757704,twin_cities,Hennepin,entire home/apt,145,133,9.02,0.2667,35.31,52.04,44.95,43.6,8,0.3984
20387243,twin_cities,Wright,entire home/apt,215,196,9.69,0,0,62.24,87.12,49.43,8,0.3422
12514055,twin_cities,Ramsey,entire home/apt,140,125,12,0.1778,24.98,27.66,76.96,42.55,8,0.3844
21005127,twin_cities,Hennepin,entire home/apt,96,133,-27.82,0.9333,94.13,41.84,97.65,77.04,8,0.3984
1175376253540545746,twin_cities,Le Sueur,private room,92,153,-39.87,0.1556,35.82,97.56,77.27,77.83,8,0.2453
960494462913241037,twin_cities,Washington,entire home/apt,188,202,-6.93,0.4222,52.3,78.05,57.18,61.35,8,0.395
21162778,twin_cities,Hennepin,entire home/apt,145,133,9.02,0.3667,45.98,39.8,71.24,49.25,8,0.3984
657157049310004538,twin_cities,Mille Lacs,entire home/apt,209,213,-1.88,0.2778,41.87,18.75,18.52,33.25,12,0.2771
960125198046634086,twin_cities,Pierce,entire home/apt,102,136,-25,0.8,86.34,40.91,27.5,56.87,12,0.3057
720328633552951906,twin_cities,Ramsey,entire home/apt,106,125,-15.2,0.5111,60.12,60.64,58.94,61.48,8,0.3844
1073396643301722687,twin_cities,Hennepin,private room,48,58,-17.24,0.9889,98.34,36.84,31.13,56.83,8,0.3984
82439,twin_cities,Hennepin,private room,59,58,1.72,0.4111,50.38,10.53,69.83,44.65,8,0.3984
53890462,twin_cities,Ramsey,entire home/apt,101,125,-19.2,0.5778,65.84,51.06,79.02,66.45,8,0.3844
44459513,twin_cities,Mille Lacs,entire home/apt,298,213,39.91,0.4222,55.28,41.25,39.32,34.23,12,0.2771
26008813,twin_cities,Wright,entire home/apt,214,196,9.18,0.9111,92.24,30.61,36.44,47.45,8,0.3422
819195587406940751,twin_cities,Hennepin,entire home/apt,127,133,-4.51,0.6556,71.96,47.96,57.2,57.04,8,0.3984
580349956807861275,twin_cities,Hennepin,entire home/apt,125,133,-6.02,0.1222,17.34,51.02,41.3,43.35,8,0.3984
1139353154533647155,twin_cities,Carver,entire home/apt,191,169,13.02,0.6333,71.8,58.23,45.01,51.26,8,0.3643
1163861112796505916,twin_cities,Chisago,entire home/apt,243,179,35.75,0.8,83.69,64.71,34.61,45.84,8,0.3107
1464863932272818924,twin_cities,Hennepin,entire home/apt,81,133,-39.1,0.5111,59.56,40.82,0,48.85,8,0.3984
24807188,twin_cities,Hennepin,entire home/apt,117,133,-12.03,0.7,75.66,42.86,63.55,60.34,8,0.3984
1421370289168923550,twin_cities,Hennepin,entire home/apt,82,133,-38.35,0.1667,23.21,46.94,26.48,49.5,8,0.3984
53092355,twin_cities,Dakota,entire home/apt,245,141,73.76,0.6778,74.51,92.5,97.22,62.33,8,0.3777
1101550689277548810,twin_cities,Hennepin,entire home/apt,375,133,181.95,0.2333,31.44,60.2,43.4,32.19,8,0.3984
804231401422001274,twin_cities,Wright,entire home/apt,163,196,-16.84,0.8222,85.17,59.18,65.07,68.15,8,0.3422
15645175,twin_cities,Hennepin,entire home/apt,105,133,-21.05,0.0111,1.46,61.22,91.12,59.69,8,0.3984
686337633992967751,twin_cities,Wright,private room,47,60,-21.67,0.2111,27.31,83.12,47.97,59.73,8,0.3422
732610563733385698,twin_cities,Wright,entire home/apt,263,196,34.18,0.4222,49.79,63.27,78.17,50.06,8,0.3422
1000721194054356613,twin_cities,Hennepin,entire home/apt,135,133,1.5,0.6889,74.74,39.8,12,42.45,8,0.3984
28561534,twin_cities,Hennepin,private room,59,58,1.72,0.3111,40.2,31.58,38.97,40.16,8,0.3984
1103876371566488784,twin_cities,Ramsey,private room,44,52,-15.38,0.1222,17.62,44.16,45.92,45.66,8,0.3844
1166907641931739495,twin_cities,Wright,entire home/apt,180,196,-8.16,0.2556,32.39,66.33,76,59.51,8,0.3422
1234990114846742912,twin_cities,Hennepin,entire home/apt,245,133,84.21,0.4333,52.52,55.1,24.06,30.3,8,0.3984
53548353,twin_cities,Dakota,entire home/apt,201,141,42.55,0.0222,3.11,63.75,52.53,31.93,8,0.3777
942734458406556730,twin_cities,Hennepin,entire home/apt,320,133,140.6,0.5889,66.31,74.49,42.6,42.53,8,0.3984
1045166488520032249,twin_cities,Hennepin,entire home/apt,157,133,18.05,0.1333,18.84,37.76,48.32,34.87,8,0.3984
52077442,twin_cities,Hennepin,entire home/apt,91,133,-31.58,0.1667,23.21,59.18,84.4,65.01,8,0.3984
1194323116964657986,twin_cities,Mille Lacs,entire home/apt,317,213,48.83,0.5222,63.21,16.25,18.52,21.69,12,0.2771
47089491,twin_cities,Isanti,entire home/apt,137,225,-39.11,0.1667,20.67,67.11,93.71,71.07,8,0.5306
887161071201111462,twin_cities,Hennepin,entire home/apt,191,133,43.61,0.5556,63.45,60.2,28.55,36.8,8,0.3984
17096312,twin_cities,Hennepin,entire home/apt,101,133,-24.06,0.6,67.26,35.71,95.52,68.48,8,0.3984
978545301921260517,twin_cities,Dakota,entire home/apt,277,141,96.45,0.7889,83.41,7.5,11.68,21.48,8,0.3777
15612131,twin_cities,Ramsey,entire home/apt,134,125,7.2,0.5889,66.77,11.7,16.5,33.24,8,0.3844
1480248901033213918,twin_cities,Hennepin,private room,190,58,227.59,0.7,75.66,21.05,7.37,22.24,8,0.3984
54343005,twin_cities,Hennepin,entire home/apt,350,133,163.16,0.0667,9.59,65.31,58.52,32.87,8,0.3984
7150377,twin_cities,Hennepin,private room,91,58,56.9,0.6222,69.15,38.16,33.33,31.7,8,0.3984
22865431,twin_cities,Hennepin,private room,76,58,31.03,0.0111,1.46,64.47,94.47,45.72,8,0.3984
899984097882945127,twin_cities,Hennepin,entire home/apt,195,133,46.62,0.0778,11.18,65.31,66.63,36.23,8,0.3984
53155851,twin_cities,Hennepin,entire home/apt,66,133,-50.38,0.1444,20.31,20.41,69.83,56.62,8,0.3984
988270336696414238,twin_cities,Anoka,entire home/apt,196,190,3.16,0.3111,38.82,54.95,37.61,44.95,8,0.356
52903385,twin_cities,Hennepin,entire home/apt,186,133,39.85,0.7444,79.3,63.27,77.1,54,8,0.3984
1208955630136310370,twin_cities,Washington,entire home/apt,332,202,64.36,0.1889,26.8,69.51,48,34.74,8,0.395
729689467632186231,twin_cities,Hennepin,entire home/apt,218,133,63.91,0.9889,98.34,43.88,20.48,35.76,8,0.3984
644915249284328547,twin_cities,Pierce,entire home/apt,205,136,50.74,0.2333,37.86,64.77,71.6,41.66,12,0.3057
902774912361923889,twin_cities,Hennepin,entire home/apt,116,133,-12.78,0.8333,86.38,69.39,70.86,71.17,8,0.3984
48712996,twin_cities,Scott,entire home/apt,111,170,-34.71,0.5444,60.3,21.25,20.82,47.99,8,0.426
1305833231012157341,twin_cities,Hennepin,entire home/apt,110,133,-17.29,0.7556,80.21,35.71,57.69,59.58,8,0.3984
